{
	"format_version": "1.10.0",
	"geometry.model": {
		"texturewidth": 128,
		"textureheight": 128,
		"visible_bounds_width": 2,
		"visible_bounds_height": 2,
		"visible_bounds_offset": [0, 1, 0],
		"bones": [
			{
				"name": "head",
				"pivot": [0, 18, -0.5]
			},
			{
				"name": "eye",
				"parent": "head",
				"pivot": [0, 18, -0.5],
				"cubes": [
					{"origin": [-3, 19.5, -4.001], "size": [2, 2, 0], "uv": [0, 123]},
					{"origin": [1, 19.5, -4.001], "size": [2, 2, 0], "uv": [0, 126]}
				]
			},
			{
				"name": "bone100",
				"parent": "eye",
				"pivot": [0, 18, -0.5],
				"rotation": [15, 0, 0],
				"cubes": [
					{"origin": [1, 21.62687, -2.97584], "size": [2, 1, 0.1], "uv": [124, 90]},
					{"origin": [-3, 21.62687, -2.97584], "size": [2, 1, 0.1], "uv": [124, 89]}
				]
			},
			{
				"name": "blink",
				"parent": "head",
				"pivot": [0, 18, -0.5],
				"cubes": [
					{"origin": [-3, 19.5, -4.002], "size": [2, 2, 0], "uv": [123, 124]},
					{"origin": [1, 19.5, -4.002], "size": [2, 2, 0], "uv": [124, 126]}
				]
			},
			{
				"name": "hairUpper",
				"parent": "head",
				"pivot": [0, 0, -0.5],
				"cubes": [
					{"origin": [-3.5, 18.5, -4], "size": [7, 7, 7], "uv": [56, 0]}
				]
			},
			{
				"name": "ahoge",
				"parent": "head",
				"pivot": [0, 26, -0.5]
			},
			{
				"name": "bone2",
				"parent": "ahoge",
				"pivot": [0, 26, -0.5]
			},
			{
				"name": "bone3",
				"parent": "bone2",
				"pivot": [0, 26, -0.5]
			},
			{
				"name": "hair",
				"parent": "head",
				"pivot": [0, 11.6, -0.25],
				"cubes": [
					{"origin": [-4, 26, -4.5], "size": [8, 0, 8], "uv": [94, 6]},
					{"origin": [4, 19, -4.5], "size": [0, 7, 8], "uv": [86, 0]},
					{"origin": [-4, 19, -4.5], "size": [8, 7, 0], "uv": [47, 0]},
					{"origin": [-4, 19, -4.5], "size": [0, 7, 8], "uv": [86, 0]},
					{"origin": [-4, 19, 3.5], "size": [8, 7, 0], "uv": [110, 22]}
				]
			},
			{
				"name": "braid4",
				"parent": "hair",
				"pivot": [2.5, 19.6, 3.25]
			},
			{
				"name": "1",
				"parent": "braid4",
				"pivot": [3.4, 19.6, 2.95],
				"rotation": [10, 20, 0],
				"cubes": [
					{"origin": [2.9, 15.6, 2.15], "size": [1, 4, 1], "uv": [63, 17]}
				]
			},
			{
				"name": "1.1",
				"parent": "1",
				"pivot": [3.4, 15.6, 2.65],
				"rotation": [-3, 0, -3],
				"cubes": [
					{"origin": [2.9, 11.7, 2.15], "size": [1, 4, 1], "uv": [63, 17]}
				]
			},
			{
				"name": "1.1.1",
				"parent": "1.1",
				"pivot": [3.4, 11.7, 2.65],
				"rotation": [-5, 0, 0],
				"cubes": [
					{"origin": [2.9, 7.8, 2.15], "size": [1, 4, 1], "uv": [63, 17]}
				]
			},
			{
				"name": "2",
				"parent": "braid4",
				"pivot": [2, 17.6, 3.15],
				"rotation": [5, 0, 0],
				"cubes": [
					{"origin": [1.5, 15.6, 2.65], "size": [1, 4, 1], "uv": [63, 17]}
				]
			},
			{
				"name": "2.1",
				"parent": "2",
				"pivot": [2, 15.6, 3.15],
				"rotation": [4, 0, 0],
				"cubes": [
					{"origin": [1.5, 11.7, 2.65], "size": [1, 4, 1], "uv": [63, 17]}
				]
			},
			{
				"name": "2.1.1",
				"parent": "2.1",
				"pivot": [2, 11.7, 3.15],
				"rotation": [-6, 0, 0],
				"cubes": [
					{"origin": [1.5, 7.8, 2.65], "size": [1, 4, 1], "uv": [63, 17]}
				]
			},
			{
				"name": "3",
				"parent": "braid4",
				"pivot": [1, 17.3, 3.15],
				"rotation": [10, 0, 0],
				"cubes": [
					{"origin": [0.5, 15.4, 2.85], "size": [1, 4, 1], "uv": [63, 17]}
				]
			},
			{
				"name": "3.1",
				"parent": "3",
				"pivot": [1, 15.3, 3.15],
				"rotation": [-2, 0, 0],
				"cubes": [
					{"origin": [0.5, 11.5, 2.85], "size": [1, 4, 1], "uv": [63, 17]}
				]
			},
			{
				"name": "3.1.1",
				"parent": "3.1",
				"pivot": [1, 11.4, 3.15],
				"rotation": [-7, 0, 0],
				"cubes": [
					{"origin": [0.5, 7.58136, 2.83404], "size": [1, 4, 1], "uv": [63, 17]}
				]
			},
			{
				"name": "4",
				"parent": "braid4",
				"pivot": [0, 17.6, 3.15],
				"rotation": [6, 0, 0],
				"cubes": [
					{"origin": [-0.5, 15.6, 2.65], "size": [1, 4, 1], "uv": [63, 17]}
				]
			},
			{
				"name": "4.1",
				"parent": "4",
				"pivot": [0, 15.6, 3.15],
				"rotation": [5, 0, 0],
				"cubes": [
					{"origin": [-0.5, 11.7, 2.65], "size": [1, 4, 1], "uv": [63, 17]}
				]
			},
			{
				"name": "4.1.1",
				"parent": "4.1",
				"pivot": [0, 11.7, 3.15],
				"rotation": [-6, 0, 0],
				"cubes": [
					{"origin": [-0.5, 7.8, 2.65], "size": [1, 4, 1], "uv": [63, 17]}
				]
			},
			{
				"name": "5",
				"parent": "braid4",
				"pivot": [-1, 19.6, 3.35],
				"rotation": [10, 0, 0],
				"cubes": [
					{"origin": [-1.5, 15.6, 2.45], "size": [1, 4, 1], "uv": [63, 17]}
				]
			},
			{
				"name": "5.1",
				"parent": "5",
				"pivot": [-1, 15.6, 2.95],
				"rotation": [6, 0, 0],
				"cubes": [
					{"origin": [-1.5, 11.7, 2.45], "size": [1, 4, 1], "uv": [63, 17]}
				]
			},
			{
				"name": "5.1.1",
				"parent": "5.1",
				"pivot": [-1, 11.7, 2.95],
				"rotation": [-6, 0, 0],
				"cubes": [
					{"origin": [-1.5, 7.8, 2.45], "size": [1, 4, 1], "uv": [63, 17]}
				]
			},
			{
				"name": "6",
				"parent": "braid4",
				"pivot": [-2, 19.3, 2.95],
				"rotation": [15, 0, 0],
				"cubes": [
					{"origin": [-2.5, 15.3, 2.45], "size": [1, 4, 1], "uv": [63, 17]}
				]
			},
			{
				"name": "6.1",
				"parent": "6",
				"pivot": [-2, 15.3, 2.95],
				"rotation": [-4, 0, 0],
				"cubes": [
					{"origin": [-2.5, 11.4, 2.45], "size": [1, 4, 1], "uv": [63, 17]}
				]
			},
			{
				"name": "6.1.1",
				"parent": "6.1",
				"pivot": [-2, 11.4, 2.95],
				"rotation": [-3, 0, 0],
				"cubes": [
					{"origin": [-2.5, 7.5, 2.45], "size": [1, 4, 1], "uv": [63, 17]}
				]
			},
			{
				"name": "7",
				"parent": "braid4",
				"pivot": [-3.3, 19.6, 2.85],
				"rotation": [5, -32, 0],
				"cubes": [
					{"origin": [-3.8, 15.6, 2.25], "size": [1, 4, 1], "uv": [63, 17]}
				]
			},
			{
				"name": "7.1",
				"parent": "7",
				"pivot": [-3.3, 15.6, 2.75],
				"rotation": [3, 0, 0],
				"cubes": [
					{"origin": [-3.8, 11.7, 2.25], "size": [1, 4, 1], "uv": [63, 18]}
				]
			},
			{
				"name": "bone",
				"parent": "7.1",
				"pivot": [-3.3, 11.7, 2.75],
				"rotation": [-4, 0, 0],
				"cubes": [
					{"origin": [-3.8, 7.8, 2.25], "size": [1, 4, 1], "uv": [63, 17]}
				]
			},
			{
				"name": "bow6",
				"parent": "hair",
				"pivot": [-3.6, 15.9, -4.61667],
				"rotation": [0, 0, 65],
				"cubes": [
					{"origin": [-3.3, 14.8, -4.8], "size": [0.6, 0.6, 0.3], "uv": [4, 20]},
					{"origin": [-3, 15.2, -4.7], "size": [0.5, 0.5, 0.2], "uv": [3, 19]},
					{"origin": [-3.5, 14.5, -4.7], "size": [0.5, 0.5, 0.2], "uv": [4, 20]}
				]
			},
			{
				"name": "bow7",
				"parent": "hair",
				"pivot": [4.1, 14.7, -4.61667],
				"rotation": [0, 0, 47],
				"cubes": [
					{"origin": [3.8, 14.4, -4.8], "size": [0.6, 0.6, 0.3], "uv": [4, 20]},
					{"origin": [4.1, 14.8, -4.7], "size": [0.5, 0.5, 0.2], "uv": [3, 19]},
					{"origin": [3.6, 14.1, -4.7], "size": [0.5, 0.5, 0.2], "uv": [4, 20]}
				]
			},
			{
				"name": "braid",
				"parent": "hair",
				"pivot": [0, 10.8, -2.05],
				"cubes": [
					{"origin": [3.1, 18.6, -4.6], "size": [1, 6, 1], "uv": [56, 17]},
					{"origin": [-4.1, 18.6, -4.6], "size": [1, 6, 1], "uv": [56, 17]}
				]
			},
			{
				"name": "braid3",
				"parent": "braid",
				"pivot": [-3.6, 18.6, -4.1],
				"rotation": [0, 0, 7],
				"cubes": [
					{"origin": [-4.1, 13.7, -4.6], "size": [1, 5, 1], "uv": [56, 25]}
				]
			},
			{
				"name": "braid2",
				"parent": "hair",
				"pivot": [3.6, 17.8, -4.35],
				"rotation": [0, 0, -7],
				"cubes": [
					{"origin": [3.2, 13.7, -4.6], "size": [1, 5, 1], "uv": [56, 25]}
				]
			},
			{
				"name": "bow",
				"parent": "hair",
				"pivot": [0, 18, -0.5],
				"cubes": [
					{"origin": [-4.3, 24.4, -4.8], "size": [0.6, 0.6, 0.3], "uv": [4, 20]},
					{"origin": [-4, 24.8, -4.7], "size": [0.5, 0.5, 0.2], "uv": [3, 19]},
					{"origin": [-4.5, 24.1, -4.7], "size": [0.5, 0.5, 0.2], "uv": [4, 20]}
				]
			},
			{
				"name": "bow2",
				"parent": "hair",
				"pivot": [0, 18, -0.5],
				"cubes": [
					{"origin": [3.7, 24.4, -4.8], "size": [0.6, 0.6, 0.3], "uv": [4, 19]},
					{"origin": [3.4, 24.8, -4.7], "size": [0.5, 0.5, 0.2], "uv": [5, 20]},
					{"origin": [4, 24.1, -4.7], "size": [0.5, 0.5, 0.2], "uv": [5, 20]}
				]
			},
			{
				"name": "headset",
				"parent": "head",
				"pivot": [0, 18, -0.5],
				"cubes": [
					{"origin": [-4, 25.6, -1.5], "size": [8, 0.7, 1], "uv": [0, 0]},
					{"origin": [-4.2, 22.6, -1.5], "size": [0.4, 3.7, 1], "uv": [0, 0]},
					{"origin": [3.8, 22.6, -1.5], "size": [0.4, 3.7, 1], "uv": [0, 0]},
					{"origin": [-4.3, 21, -2], "size": [0.3, 2, 2.1], "uv": [0, 6]},
					{"origin": [4, 21, -2], "size": [0.3, 2, 2.1], "uv": [0, 6]},
					{"origin": [-4.4, 20, -3], "size": [0.4, 2, 1.1], "uv": [0, 0]},
					{"origin": [-4.4, 19, -4], "size": [0.4, 1, 1.1], "uv": [0, 0]},
					{"origin": [-4.4, 18.5, -4.4], "size": [2.8, 0.5, 0.4], "uv": [0, 0]},
					{"origin": [-1.6, 18.5, -4.4], "size": [0.5, 0.5, 0.4], "uv": [1, 13]}
				]
			},
			{
				"name": "armRight",
				"pivot": [-3, 17.5, -0.5],
				"rotation": [0, 0, 25],
				"cubes": [
					{"origin": [-5, 9.5, -1.5], "size": [2, 7, 2], "uv": [96, 76]},
					{"origin": [-4.08076, 16.4, -1.5], "size": [1.08076, 1.01924, 2], "uv": [97, 65]},
					{"origin": [-5.08076, 11.4, -1.6], "size": [2.18076, 1.01924, 2.2], "uv": [37, 2]}
				]
			},
			{
				"name": "bone50",
				"parent": "armRight",
				"pivot": [0, 0, -0.5],
				"rotation": [0, 0, 45],
				"cubes": [
					{"origin": [-15.2028, 8.13173, -1.5], "size": [1.3, 1.3, 2], "uv": [97, 57]}
				]
			},
			{
				"name": "armLeft",
				"pivot": [3.1, 17.5, -0.5],
				"rotation": [0, 0, -25],
				"cubes": [
					{"origin": [3, 9.5, -1.5], "size": [2, 7, 2], "uv": [96, 76]},
					{"origin": [3, 16.4, -1.5], "size": [1.1, 1, 2], "uv": [97, 65]},
					{"origin": [2.9, 11.5, -1.6], "size": [2.2, 1, 2.2], "uv": [37, 2]}
				]
			},
			{
				"name": "bone49",
				"parent": "armLeft",
				"pivot": [0.1, 0, -0.5],
				"rotation": [0, 0, -45],
				"cubes": [
					{"origin": [13.9, 8.2, -1.5], "size": [1.33209, 1.27523, 2], "uv": [97, 61]}
				]
			},
			{
				"name": "armDecorationLeft",
				"parent": "armLeft",
				"pivot": [5.1, 15, -0.5],
				"rotation": [15, 0, -20]
			},
			{
				"name": "body",
				"pivot": [0, 0, 0],
				"cubes": [
					{"origin": [0, 16.6, -2.6], "size": [1, 0.4, 0.1], "uv": [42, 2]},
					{"origin": [-1, 16.6, -2.6], "size": [1, 0.4, 0.1], "uv": [42, 2]},
					{"origin": [-1.4, 17, -2.6], "size": [0.4, 1, 0.1], "uv": [42, 2]},
					{"origin": [1, 17, -2.6], "size": [0.4, 1, 0.1], "uv": [42, 2]},
					{"origin": [1.4, 17.7, -2.6], "size": [0.6, 0.3, 0.1], "uv": [42, 2]},
					{"origin": [-2, 17.7, -2.6], "size": [0.6, 0.3, 0.1], "uv": [42, 2]},
					{"origin": [-3, 10, -2.5], "size": [6, 9, 4], "uv": [0, 31]},
					{"origin": [-3, 9, -2.5], "size": [6, 1, 4], "uv": [108, 64]}
				]
			},
			{
				"name": "pocket",
				"parent": "body",
				"pivot": [0, 0, 0],
				"cubes": [
					{"origin": [-2.8, 11.3, -2.7], "size": [1.6, 1.6, 0.5], "uv": [4, 19]},
					{"origin": [1.2, 11.3, -2.7], "size": [1.6, 1.6, 0.5], "uv": [4, 19]}
				]
			},
			{
				"name": "bow3",
				"parent": "pocket",
				"pivot": [0, 0, 0],
				"cubes": [
					{"origin": [-2.2, 12.5, -3], "size": [0.3, 0.3, 0.3], "uv": [5, 42]},
					{"origin": [-2, 12.6, -2.9], "size": [0.4, 0.3, 0.1], "uv": [5, 42]},
					{"origin": [-2.5, 12.6, -2.9], "size": [0.4, 0.3, 0.1], "uv": [5, 42]},
					{"origin": [-2.3, 12.3, -2.9], "size": [0.1, 0.3, 0.1], "uv": [5, 42]},
					{"origin": [-1.9, 12.3, -2.9], "size": [0.1, 0.3, 0.1], "uv": [5, 42]}
				]
			},
			{
				"name": "bow4",
				"parent": "pocket",
				"pivot": [0, 0, 0],
				"cubes": [
					{"origin": [1.8, 12.5, -3], "size": [0.3, 0.3, 0.3], "uv": [9, 42]},
					{"origin": [2, 12.6, -2.9], "size": [0.4, 0.3, 0.1], "uv": [9, 42]},
					{"origin": [1.5, 12.6, -2.9], "size": [0.4, 0.3, 0.1], "uv": [9, 42]},
					{"origin": [1.7, 12.3, -2.9], "size": [0.1, 0.3, 0.1], "uv": [9, 42]},
					{"origin": [2.1, 12.3, -2.9], "size": [0.1, 0.3, 0.1], "uv": [9, 42]}
				]
			},
			{
				"name": "skirt",
				"parent": "body",
				"pivot": [0, 0, 0],
				"cubes": [
					{"origin": [-3.5, 6.5, -3], "size": [0, 3.5, 5], "uv": [10, 58]},
					{"origin": [3.5, 6.5, -3], "size": [0, 3.5, 5], "uv": [15, 30]},
					{"origin": [-3.5, 6.5, -3], "size": [7, 3.5, 0], "uv": [13, 39]},
					{"origin": [-3.5, 6.5, 2], "size": [7, 3.5, 0], "uv": [8, 67]},
					{"origin": [-3.5, 10, -3], "size": [7, 0, 5], "uv": [1, 72]}
				]
			},
			{
				"name": "skirt2",
				"parent": "skirt",
				"pivot": [0, 0, 0],
				"cubes": [
					{"origin": [-3, 6.5, -3.1], "size": [0.5, 3.5, 0.1], "uv": [39, 2]},
					{"origin": [-3, 10, -3], "size": [0.5, 0.1, 0.5], "uv": [41, 3]}
				]
			},
			{
				"name": "skirt3",
				"parent": "skirt",
				"pivot": [0, 0, 0],
				"cubes": [
					{"origin": [-2, 6.5, -3.1], "size": [0.5, 3.5, 0.1], "uv": [41, 1]},
					{"origin": [-2, 10, -3], "size": [0.5, 0.1, 0.5], "uv": [41, 3]}
				]
			},
			{
				"name": "skirt4",
				"parent": "skirt",
				"pivot": [0, 0, 0],
				"cubes": [
					{"origin": [-1, 6.5, -3.1], "size": [0.5, 3.5, 0.1], "uv": [43, 1]},
					{"origin": [-1, 10, -3], "size": [0.5, 0.1, 0.5], "uv": [41, 3]}
				]
			},
			{
				"name": "skirt5",
				"parent": "skirt",
				"pivot": [0, 0, 0],
				"cubes": [
					{"origin": [0, 6.5, -3.1], "size": [0.5, 3.5, 0.1], "uv": [38, 1]},
					{"origin": [0, 10, -3], "size": [0.5, 0.1, 0.5], "uv": [41, 3]}
				]
			},
			{
				"name": "skirt6",
				"parent": "skirt",
				"pivot": [0, 0, 0],
				"cubes": [
					{"origin": [1, 6.5, -3.1], "size": [0.5, 3.5, 0.1], "uv": [43, 1]},
					{"origin": [1, 10, -3], "size": [0.5, 0.1, 0.5], "uv": [41, 3]}
				]
			},
			{
				"name": "skirt7",
				"parent": "skirt",
				"pivot": [0, 0, 0],
				"cubes": [
					{"origin": [2, 6.5, -3.1], "size": [0.5, 3.5, 0.1], "uv": [40, 1]},
					{"origin": [2, 10, -3], "size": [0.5, 0.1, 0.5], "uv": [41, 3]}
				]
			},
			{
				"name": "skirt8",
				"parent": "skirt",
				"pivot": [0, 0, 0],
				"cubes": [
					{"origin": [3, 6.5, -3.1], "size": [0.5, 3.5, 0.1], "uv": [41, 1]},
					{"origin": [3, 10, -3], "size": [0.5, 0.1, 0.5], "uv": [41, 3]},
					{"origin": [3.5, 6.5, -3], "size": [0.1, 3.5, 0.5], "uv": [42, 2]}
				]
			},
			{
				"name": "skirt9",
				"parent": "skirt",
				"pivot": [0, 0, 0],
				"cubes": [
					{"origin": [3.5, 6.5, -2], "size": [0.1, 3.5, 0.5], "uv": [41, 1]},
					{"origin": [3, 10, -2], "size": [0.5, 0.1, 0.5], "uv": [41, 3]}
				]
			},
			{
				"name": "skirt10",
				"parent": "skirt",
				"pivot": [0, 0, 0],
				"cubes": [
					{"origin": [3.5, 6.5, -1], "size": [0.1, 3.5, 0.5], "uv": [44, 2]},
					{"origin": [3, 10, -1], "size": [0.5, 0.1, 0.5], "uv": [41, 3]}
				]
			},
			{
				"name": "skirt11",
				"parent": "skirt",
				"pivot": [0, 0, 0],
				"cubes": [
					{"origin": [3.5, 6.5, 0], "size": [0.1, 3.5, 0.5], "uv": [39, 2]},
					{"origin": [3, 10, 0], "size": [0.5, 0.1, 0.5], "uv": [41, 3]}
				]
			},
			{
				"name": "skirt12",
				"parent": "skirt",
				"pivot": [0, 0, 0],
				"cubes": [
					{"origin": [2.5, 6.5, 2], "size": [0.5, 3.5, 0.1], "uv": [41, 1]},
					{"origin": [2.5, 10, 1.5], "size": [0.5, 0.1, 0.5], "uv": [41, 3]}
				]
			},
			{
				"name": "skirt13",
				"parent": "skirt",
				"pivot": [0, 0, 0],
				"cubes": [
					{"origin": [3.5, 6.5, 1], "size": [0.1, 3.5, 0.5], "uv": [42, 2]},
					{"origin": [3, 10, 1], "size": [0.5, 0.1, 0.5], "uv": [41, 3]}
				]
			},
			{
				"name": "skirt14",
				"parent": "skirt",
				"pivot": [0, 0, 0],
				"cubes": [
					{"origin": [1.5, 6.5, 2], "size": [0.5, 3.5, 0.1], "uv": [41, 2]},
					{"origin": [1.5, 10, 1.5], "size": [0.5, 0.1, 0.5], "uv": [43, 1]}
				]
			},
			{
				"name": "skirt15",
				"parent": "skirt",
				"pivot": [0, 0, 0],
				"cubes": [
					{"origin": [0.5, 6.5, 2], "size": [0.5, 3.5, 0.1], "uv": [41, 2]},
					{"origin": [0.5, 10, 1.5], "size": [0.5, 0.1, 0.5], "uv": [43, 1]}
				]
			},
			{
				"name": "skirt16",
				"parent": "skirt",
				"pivot": [0, 0, 0],
				"cubes": [
					{"origin": [-0.5, 6.5, 2], "size": [0.5, 3.5, 0.1], "uv": [42, 2]},
					{"origin": [-0.5, 10, 1.5], "size": [0.5, 0.1, 0.5], "uv": [43, 1]}
				]
			},
			{
				"name": "skirt17",
				"parent": "skirt",
				"pivot": [0, 0, 0],
				"cubes": [
					{"origin": [-1.5, 6.5, 2], "size": [0.5, 3.5, 0.1], "uv": [40, 2]},
					{"origin": [-1.5, 10, 1.5], "size": [0.5, 0.1, 0.5], "uv": [43, 1]}
				]
			},
			{
				"name": "skirt18",
				"parent": "skirt",
				"pivot": [0, 0, 0],
				"cubes": [
					{"origin": [-2.5, 6.5, 2], "size": [0.5, 3.5, 0.1], "uv": [45, 1]},
					{"origin": [-2.5, 10, 1.5], "size": [0.5, 0.1, 0.5], "uv": [43, 1]}
				]
			},
			{
				"name": "skirt19",
				"parent": "skirt",
				"pivot": [0, 0, 0],
				"cubes": [
					{"origin": [-3.5, 6.5, 2], "size": [0.5, 3.5, 0.1], "uv": [44, 2]},
					{"origin": [-3.5, 10, 1.5], "size": [0.5, 0.1, 0.5], "uv": [43, 1]},
					{"origin": [-3.6, 6.5, 1.5], "size": [0.1, 3.5, 0.5], "uv": [40, 1]}
				]
			},
			{
				"name": "skirt20",
				"parent": "skirt",
				"pivot": [0, 0, 0],
				"cubes": [
					{"origin": [-3.5, 10, 0.5], "size": [0.5, 0.1, 0.5], "uv": [43, 1]},
					{"origin": [-3.6, 6.5, 0.5], "size": [0.1, 3.5, 0.5], "uv": [44, 1]}
				]
			},
			{
				"name": "skirt21",
				"parent": "skirt",
				"pivot": [0, 0, 0],
				"cubes": [
					{"origin": [-3.5, 10, -0.5], "size": [0.5, 0.1, 0.5], "uv": [43, 1]},
					{"origin": [-3.6, 6.5, -0.5], "size": [0.1, 3.5, 0.5], "uv": [40, 1]}
				]
			},
			{
				"name": "skirt22",
				"parent": "skirt",
				"pivot": [0, 0, 0],
				"cubes": [
					{"origin": [-3.5, 10, -1.5], "size": [0.5, 0.1, 0.5], "uv": [43, 1]},
					{"origin": [-3.6, 6.5, -1.5], "size": [0.1, 3.5, 0.5], "uv": [40, 1]}
				]
			},
			{
				"name": "skirt23",
				"parent": "skirt",
				"pivot": [0, 0, 0],
				"cubes": [
					{"origin": [-3.5, 10, -2.5], "size": [0.5, 0.1, 0.5], "uv": [43, 1]},
					{"origin": [-3.6, 6.5, -2.5], "size": [0.1, 3.5, 0.5], "uv": [40, 1]}
				]
			},
			{
				"name": "bow5",
				"parent": "body",
				"pivot": [0, 0, 0],
				"cubes": [
					{"origin": [-0.3, 16.5, -2.9], "size": [0.5, 0.5, 0.3], "uv": [40, 1]},
					{"origin": [-0.9, 16.8, -2.8], "size": [0.7, 0.4, 0.1], "uv": [41, 5]},
					{"origin": [0.1, 16.8, -2.8], "size": [0.7, 0.4, 0.1], "uv": [40, 4]},
					{"origin": [0.2, 16.1, -2.8], "size": [0.2, 0.5, 0.1], "uv": [40, 3]},
					{"origin": [-0.5, 16.1, -2.8], "size": [0.2, 0.5, 0.1], "uv": [40, 4]}
				]
			},
			{
				"name": "legLeft",
				"pivot": [2, 9, -0.4],
				"cubes": [
					{"origin": [0.4, 0, -2], "size": [3, 9, 3], "uv": [80, 74]}
				]
			},
			{
				"name": "bone55",
				"parent": "legLeft",
				"pivot": [0, 0, -0.4],
				"rotation": [0, 0, -5]
			},
			{
				"name": "bone54",
				"parent": "legLeft",
				"pivot": [0, 0, -0.4],
				"rotation": [0, 0, 5]
			},
			{
				"name": "legRight",
				"pivot": [-2, 9, 0],
				"cubes": [
					{"origin": [-3.4, 0, -2], "size": [3, 9, 3], "uv": [56, 74]}
				]
			},
			{
				"name": "bone51",
				"parent": "legRight",
				"pivot": [0, 0, 0],
				"rotation": [0, 0, 5]
			},
			{
				"name": "bone52",
				"parent": "legRight",
				"pivot": [0, 0, 0],
				"rotation": [0, 0, -5]
			}
		]
	}
}