{
	"format_version": "1.10.0",
	"geometry.model": {
		"texturewidth": 128,
		"textureheight": 128,
		"visible_bounds_width": 2,
		"visible_bounds_height": 1,
		"visible_bounds_offset": [0, 0.5, 0],
		"bones": [
			{
				"name": "Frame",
				"pivot": [0, 0, 0],
				"cubes": [
					{"origin": [-8, 0, -8], "size": [1, 12, 1], "uv": [0, 0]},
					{"origin": [7, 0, -8], "size": [1, 12, 1], "uv": [0, 0]},
					{"origin": [-8, 0, 7], "size": [1, 12, 1], "uv": [0, 0]},
					{"origin": [7, 0, 7], "size": [1, 12, 1], "uv": [0, 0]},
					{"origin": [-8.8, 3.3, 7], "size": [0.8, 6.3, 0.9], "uv": [2, 4]},
					{"origin": [-8.5, 2.3, -7.6], "size": [0.5, 6.4, 0.6], "uv": [66, 6]}
				]
			},
			{
				"name": "Frame1",
				"parent": "Frame",
				"pivot": [0, 0, 0],
				"cubes": [
					{"origin": [6.5, 1, -7], "size": [1, 1, 14], "uv": [8, 1]},
					{"origin": [-7.5, 1, -7], "size": [1, 1, 14], "uv": [8, 1]},
					{"origin": [-7, 1, 6.5], "size": [14, 1, 1], "uv": [8, 17]},
					{"origin": [-7, 1, -7.5], "size": [14, 1, 1], "uv": [8, 17]},
					{"origin": [6.5, 11, -7], "size": [1, 1, 14], "uv": [8, 1]},
					{"origin": [-7.5, 11, -7], "size": [1, 1, 14], "uv": [8, 1]},
					{"origin": [-7, 11, 6.5], "size": [14, 1, 1], "uv": [8, 17]},
					{"origin": [-7, 11, -7.5], "size": [14, 1, 1], "uv": [8, 17]}
				]
			},
			{
				"name": "host",
				"pivot": [0, 0, 0]
			},
			{
				"name": "Host1",
				"parent": "host",
				"pivot": [0, 0, 0],
				"cubes": [
					{"origin": [-7, 2, -7], "size": [14, 3, 14], "uv": [5, 20]},
					{"origin": [7, 3, -6], "size": [0.2, 1, 1], "uv": [6, 22]}
				]
			},
			{
				"name": "hard disk",
				"parent": "Host1",
				"pivot": [0, 0, 0],
				"cubes": [
					{"origin": [6.6, 3, 2], "size": [0.5, 1, 4], "uv": [21, 22]},
					{"origin": [7.1, 3.1, 2.1], "size": [0.1, 0.2, 0.2], "uv": [12, 23]},
					{"origin": [7.1, 3.7, 2.1], "size": [0.1, 0.2, 0.2], "uv": [7, 23]}
				]
			},
			{
				"name": "hard_disk2",
				"parent": "Host1",
				"pivot": [0, 0, 0],
				"cubes": [
					{"origin": [6.6, 3, -3], "size": [0.5, 1, 4], "uv": [21, 22]},
					{"origin": [7.1, 3.1, -2.9], "size": [0.1, 0.2, 0.2], "uv": [12, 23]},
					{"origin": [7.1, 3.7, -2.9], "size": [0.1, 0.2, 0.2], "uv": [7, 23]}
				]
			},
			{
				"name": "logo",
				"parent": "Host1",
				"pivot": [0, 0, 0]
			},
			{
				"name": "i",
				"parent": "logo",
				"pivot": [0, 0, 0],
				"cubes": [
					{"origin": [7, 2.1, -4.7], "size": [0.1, 0.4, 0.1], "uv": [8, 1]},
					{"origin": [7, 2.5, -4.7], "size": [0.1, 0.3, 0.1], "uv": [8, 1]}
				]
			},
			{
				"name": "b",
				"parent": "logo",
				"pivot": [0, 0, 0],
				"cubes": [
					{"origin": [7, 2.1, -4.4], "size": [0.1, 0.7, 0.1], "uv": [8, 1]},
					{"origin": [7, 2.1, -4.3], "size": [0.1, 0.1, 0.2], "uv": [8, 1]},
					{"origin": [7, 2.4, -4.3], "size": [0.1, 0.1, 0.2], "uv": [8, 1]},
					{"origin": [7, 2.2, -4.1], "size": [0.1, 0.2, 0.1], "uv": [8, 1]},
					{"origin": [7, 2.7, -4.3], "size": [0.1, 0.1, 0.2], "uv": [8, 1]},
					{"origin": [7, 2.5, -4.1], "size": [0.1, 0.2, 0.1], "uv": [8, 1]}
				]
			},
			{
				"name": "m",
				"parent": "logo",
				"pivot": [0, 0, 0],
				"cubes": [
					{"origin": [7, 2.1, -3.8], "size": [0.1, 0.5, 0.1], "uv": [8, 1]},
					{"origin": [7, 2.6, -3.8], "size": [0.1, 0.2, 0.1], "uv": [8, 1]},
					{"origin": [7, 2.6, -3.7], "size": [0.1, 0.1, 0.1], "uv": [8, 1]},
					{"origin": [7, 2.4, -3.6], "size": [0.1, 0.2, 0.1], "uv": [8, 1]},
					{"origin": [7, 2.6, -3.4], "size": [0.1, 0.2, 0.1], "uv": [8, 1]},
					{"origin": [7, 2.6, -3.5], "size": [0.1, 0.1, 0.1], "uv": [8, 1]},
					{"origin": [7, 2.1, -3.4], "size": [0.1, 0.5, 0.1], "uv": [8, 1]}
				]
			},
			{
				"name": "Network port",
				"parent": "Host1",
				"pivot": [0, 0, 0],
				"cubes": [
					{"origin": [-7.1, 2.1, -3.4], "size": [0.1, 0.1, 0.2], "uv": [9, 28]},
					{"origin": [-7.1, 2.1, -3.9], "size": [0.1, 0.1, 0.2], "uv": [6, 22]},
					{"origin": [-7, 2.9, -4.1], "size": [1, 0.1, 1.1], "uv": [0, 4]},
					{"origin": [-7, 2, -3.1], "size": [1, 0.9, 0.1], "uv": [0, 4]},
					{"origin": [-7, 2, -4.1], "size": [1, 0.9, 0.1], "uv": [0, 4]},
					{"origin": [-7, 2, -4], "size": [1, 0.3, 0.9], "uv": [0, 4]},
					{"origin": [-7, 2.8, -3.4], "size": [1, 0.1, 0.3], "uv": [0, 4]},
					{"origin": [-7, 2.8, -4], "size": [1, 0.1, 0.3], "uv": [0, 4]},
					{"origin": [-6, 2.3, -4], "size": [0, 0.6, 0.9], "uv": [0, 4]}
				]
			},
			{
				"name": "Network_port2",
				"parent": "Host1",
				"pivot": [0, 0, 0],
				"cubes": [
					{"origin": [-7.1, 2.1, -5.4], "size": [0.1, 0.1, 0.2], "uv": [9, 28]},
					{"origin": [-7.1, 2.1, -5.9], "size": [0.1, 0.1, 0.2], "uv": [6, 22]},
					{"origin": [-7, 2.9, -6.1], "size": [1, 0.1, 1.1], "uv": [0, 4]},
					{"origin": [-7, 2, -5.1], "size": [1, 0.9, 0.1], "uv": [0, 4]},
					{"origin": [-7, 2, -6.1], "size": [1, 0.9, 0.1], "uv": [0, 4]},
					{"origin": [-7, 2, -6], "size": [1, 0.3, 0.9], "uv": [0, 4]},
					{"origin": [-7, 2.8, -5.4], "size": [1, 0.1, 0.3], "uv": [0, 4]},
					{"origin": [-7, 2.8, -6], "size": [1, 0.1, 0.3], "uv": [0, 4]},
					{"origin": [-6, 2.3, -6], "size": [0, 0.6, 0.9], "uv": [0, 4]}
				]
			},
			{
				"name": "Power interface",
				"parent": "Host1",
				"pivot": [0, 0, 0],
				"cubes": [
					{"origin": [-7.2, 3, 5.1], "size": [0.2, 1, 1.5], "uv": [0, 0]},
					{"origin": [-7.8, 3.1, 5.2], "size": [0.7, 0.8, 1.3], "uv": [20, 22]},
					{"origin": [-8.2, 3.3, 5.3], "size": [0.4, 0.5, 1.1], "uv": [20, 22]},
					{"origin": [-8.5, 3.4, 5.7], "size": [0.5, 0.3, 0.3], "uv": [20, 22]},
					{"origin": [-8.7, 3.4, 5.8], "size": [0.3, 0.3, 1.6], "uv": [20, 22]}
				]
			},
			{
				"name": "high pressure",
				"parent": "Power interface",
				"pivot": [0, 0, 0],
				"cubes": [
					{"origin": [-7.1, 3.8, 4.6], "size": [0.1, 0.1, 0.1], "uv": [9, 28]},
					{"origin": [-7.1, 3.7, 4.7], "size": [0.1, 0.1, 0.1], "uv": [9, 28]},
					{"origin": [-7.1, 3.6, 4.8], "size": [0.1, 0.1, 0.1], "uv": [9, 28]},
					{"origin": [-7.1, 3.5, 4.5], "size": [0.1, 0.1, 0.4], "uv": [9, 28]},
					{"origin": [-7.1, 3.4, 4.5], "size": [0.1, 0.1, 0.1], "uv": [9, 28]},
					{"origin": [-7.1, 3.3, 4.6], "size": [0.1, 0.1, 0.1], "uv": [9, 28]},
					{"origin": [-7.1, 3.2, 4.7], "size": [0.1, 0.1, 0.1], "uv": [9, 28]}
				]
			},
			{
				"name": "cable",
				"parent": "Host1",
				"pivot": [0, 0, 0],
				"cubes": [
					{"origin": [-7.4, 2.3, -6], "size": [1, 0.5, 0.9], "uv": [8, 2]},
					{"origin": [-7.5, 2.4, -5.7], "size": [0.1, 0.3, 0.3], "uv": [8, 2]},
					{"origin": [-8.4, 2.4, -7.3], "size": [0.3, 0.3, 1.8], "uv": [65, 7]},
					{"origin": [-8.3, 2.4, -5.7], "size": [0.8, 0.3, 0.3], "uv": [66, 8]}
				]
			},
			{
				"name": "5.1",
				"parent": "cable",
				"pivot": [-6.9, 2.75, -5.55],
				"rotation": [0, 0, 20],
				"cubes": [
					{"origin": [-7.3, 2.8, -5.7], "size": [1, 0.1, 0.3], "uv": [8, 2]}
				]
			},
			{
				"name": "HDMI",
				"parent": "Host1",
				"pivot": [0, 0, 0],
				"cubes": [
					{"origin": [-7.1, 2.1, 0.6], "size": [0.1, 0.1, 1], "uv": [13, 3]},
					{"origin": [-7.1, 2.2, 0.5], "size": [0.1, 0.1, 1.2], "uv": [13, 3]},
					{"origin": [-7.1, 2.3, 1.6], "size": [0.1, 0.1, 0.1], "uv": [13, 3]},
					{"origin": [-7.1, 2.4, 0.4], "size": [0.1, 0.1, 1.4], "uv": [13, 3]},
					{"origin": [-7.1, 2.5, 0.4], "size": [0.1, 0.1, 1.4], "uv": [13, 3]},
					{"origin": [-7.1, 2.3, 0.5], "size": [0.1, 0.1, 0.1], "uv": [13, 3]}
				]
			},
			{
				"name": "PCIE",
				"parent": "Host1",
				"pivot": [0, 0, 0],
				"cubes": [
					{"origin": [-7, 2, 3.9], "size": [0.1, 2.9, 0.2], "uv": [29, 16]},
					{"origin": [-7, 2, -0.1], "size": [0.1, 2.9, 0.2], "uv": [29, 16]},
					{"origin": [-7, 4.9, -0.1], "size": [0.1, 0.1, 4.2], "uv": [29, 16]},
					{"origin": [-7, 2, 0.1], "size": [0.1, 0.1, 3.8], "uv": [29, 16]},
					{"origin": [-6.9, 2, -0.1], "size": [0, 2.9, 4.2], "uv": [34, 20]},
					{"origin": [-7, 2.6, 0.1], "size": [0.1, 0.1, 3.8], "uv": [29, 16]},
					{"origin": [-7, 3.2, 0.1], "size": [0.1, 0.1, 3.8], "uv": [29, 16]},
					{"origin": [-7, 3.8, 0.1], "size": [0.1, 0.1, 3.8], "uv": [29, 16]},
					{"origin": [-7, 4.4, 0.1], "size": [0.1, 0.1, 3.8], "uv": [29, 16]}
				]
			},
			{
				"name": "Host2",
				"parent": "host",
				"pivot": [0, 0, 0],
				"cubes": [
					{"origin": [-7, 5, -7], "size": [14, 3, 14], "uv": [5, 20]},
					{"origin": [7, 6, -6], "size": [0.2, 1, 1], "uv": [6, 22]}
				]
			},
			{
				"name": "hard_disk3",
				"parent": "Host2",
				"pivot": [0, 0, 0],
				"cubes": [
					{"origin": [6.6, 6, 2], "size": [0.5, 1, 4], "uv": [21, 22]},
					{"origin": [7.1, 6.1, 2.1], "size": [0.1, 0.2, 0.2], "uv": [12, 23]},
					{"origin": [7.1, 6.7, 2.1], "size": [0.1, 0.2, 0.2], "uv": [7, 23]}
				]
			},
			{
				"name": "hard_disk4",
				"parent": "Host2",
				"pivot": [0, 0, 0],
				"cubes": [
					{"origin": [6.6, 6, -3], "size": [0.5, 1, 4], "uv": [21, 22]},
					{"origin": [7.1, 6.1, -2.9], "size": [0.1, 0.2, 0.2], "uv": [12, 23]},
					{"origin": [7.1, 6.7, -2.9], "size": [0.1, 0.2, 0.2], "uv": [7, 23]}
				]
			},
			{
				"name": "logo2",
				"parent": "Host2",
				"pivot": [0, 0, 0]
			},
			{
				"name": "i2",
				"parent": "logo2",
				"pivot": [0, 0, 0],
				"cubes": [
					{"origin": [7, 5.1, -4.7], "size": [0.1, 0.4, 0.1], "uv": [8, 1]},
					{"origin": [7, 5.5, -4.7], "size": [0.1, 0.3, 0.1], "uv": [8, 1]}
				]
			},
			{
				"name": "b2",
				"parent": "logo2",
				"pivot": [0, 0, 0],
				"cubes": [
					{"origin": [7, 5.1, -4.4], "size": [0.1, 0.7, 0.1], "uv": [8, 1]},
					{"origin": [7, 5.1, -4.3], "size": [0.1, 0.1, 0.2], "uv": [8, 1]},
					{"origin": [7, 5.4, -4.3], "size": [0.1, 0.1, 0.2], "uv": [8, 1]},
					{"origin": [7, 5.2, -4.1], "size": [0.1, 0.2, 0.1], "uv": [8, 1]},
					{"origin": [7, 5.7, -4.3], "size": [0.1, 0.1, 0.2], "uv": [8, 1]},
					{"origin": [7, 5.5, -4.1], "size": [0.1, 0.2, 0.1], "uv": [8, 1]}
				]
			},
			{
				"name": "m2",
				"parent": "logo2",
				"pivot": [0, 0, 0],
				"cubes": [
					{"origin": [7, 5.1, -3.8], "size": [0.1, 0.5, 0.1], "uv": [8, 1]},
					{"origin": [7, 5.6, -3.8], "size": [0.1, 0.2, 0.1], "uv": [8, 1]},
					{"origin": [7, 5.6, -3.7], "size": [0.1, 0.1, 0.1], "uv": [8, 1]},
					{"origin": [7, 5.4, -3.6], "size": [0.1, 0.2, 0.1], "uv": [8, 1]},
					{"origin": [7, 5.6, -3.4], "size": [0.1, 0.2, 0.1], "uv": [8, 1]},
					{"origin": [7, 5.6, -3.5], "size": [0.1, 0.1, 0.1], "uv": [8, 1]},
					{"origin": [7, 5.1, -3.4], "size": [0.1, 0.5, 0.1], "uv": [8, 1]}
				]
			},
			{
				"name": "Network_port3",
				"parent": "Host2",
				"pivot": [0, 0, 0],
				"cubes": [
					{"origin": [-7.1, 5.1, -3.4], "size": [0.1, 0.1, 0.2], "uv": [9, 28]},
					{"origin": [-7.1, 5.1, -3.9], "size": [0.1, 0.1, 0.2], "uv": [6, 22]},
					{"origin": [-7, 5.9, -4.1], "size": [1, 0.1, 1.1], "uv": [0, 4]},
					{"origin": [-7, 5, -3.1], "size": [1, 0.9, 0.1], "uv": [0, 4]},
					{"origin": [-7, 5, -4.1], "size": [1, 0.9, 0.1], "uv": [0, 4]},
					{"origin": [-7, 5, -4], "size": [1, 0.3, 0.9], "uv": [0, 4]},
					{"origin": [-7, 5.8, -3.4], "size": [1, 0.1, 0.3], "uv": [0, 4]},
					{"origin": [-7, 5.8, -4], "size": [1, 0.1, 0.3], "uv": [0, 4]},
					{"origin": [-6, 5.3, -4], "size": [0, 0.6, 0.9], "uv": [0, 4]}
				]
			},
			{
				"name": "Network_port4",
				"parent": "Host2",
				"pivot": [0, 0, 0],
				"cubes": [
					{"origin": [-7.1, 5.1, -5.4], "size": [0.1, 0.1, 0.2], "uv": [9, 28]},
					{"origin": [-7.1, 5.1, -5.9], "size": [0.1, 0.1, 0.2], "uv": [6, 22]},
					{"origin": [-7, 5.9, -6.1], "size": [1, 0.1, 1.1], "uv": [0, 4]},
					{"origin": [-7, 5, -5.1], "size": [1, 0.9, 0.1], "uv": [0, 4]},
					{"origin": [-7, 5, -6.1], "size": [1, 0.9, 0.1], "uv": [0, 4]},
					{"origin": [-7, 5, -6], "size": [1, 0.3, 0.9], "uv": [0, 4]},
					{"origin": [-7, 5.8, -5.4], "size": [1, 0.1, 0.3], "uv": [0, 4]},
					{"origin": [-7, 5.8, -6], "size": [1, 0.1, 0.3], "uv": [0, 4]},
					{"origin": [-6, 5.3, -6], "size": [0, 0.6, 0.9], "uv": [0, 4]}
				]
			},
			{
				"name": "Power_interface2",
				"parent": "Host2",
				"pivot": [0, 0, 0],
				"cubes": [
					{"origin": [-7.2, 6, 5.1], "size": [0.2, 1, 1.5], "uv": [0, 0]},
					{"origin": [-7.8, 6.1, 5.2], "size": [0.7, 0.8, 1.3], "uv": [20, 22]},
					{"origin": [-8.2, 6.3, 5.3], "size": [0.4, 0.5, 1.1], "uv": [20, 22]},
					{"origin": [-8.5, 6.4, 5.7], "size": [0.5, 0.3, 0.3], "uv": [20, 22]},
					{"origin": [-8.7, 6.4, 5.8], "size": [0.3, 0.3, 1.6], "uv": [20, 22]}
				]
			},
			{
				"name": "high_pressure2",
				"parent": "Power_interface2",
				"pivot": [0, 0, 0],
				"cubes": [
					{"origin": [-7.1, 6.8, 4.6], "size": [0.1, 0.1, 0.1], "uv": [9, 28]},
					{"origin": [-7.1, 6.7, 4.7], "size": [0.1, 0.1, 0.1], "uv": [9, 28]},
					{"origin": [-7.1, 6.6, 4.8], "size": [0.1, 0.1, 0.1], "uv": [9, 28]},
					{"origin": [-7.1, 6.5, 4.5], "size": [0.1, 0.1, 0.4], "uv": [9, 28]},
					{"origin": [-7.1, 6.4, 4.5], "size": [0.1, 0.1, 0.1], "uv": [9, 28]},
					{"origin": [-7.1, 6.3, 4.6], "size": [0.1, 0.1, 0.1], "uv": [9, 28]},
					{"origin": [-7.1, 6.2, 4.7], "size": [0.1, 0.1, 0.1], "uv": [9, 28]}
				]
			},
			{
				"name": "cable2",
				"parent": "Host2",
				"pivot": [0, 0, 0],
				"cubes": [
					{"origin": [-7.4, 5.3, -6], "size": [1, 0.5, 0.9], "uv": [8, 2]},
					{"origin": [-7.5, 5.4, -5.7], "size": [0.1, 0.3, 0.3], "uv": [8, 2]},
					{"origin": [-8.4, 5.4, -7.3], "size": [0.3, 0.3, 1.8], "uv": [65, 7]},
					{"origin": [-8.3, 5.4, -5.7], "size": [0.8, 0.3, 0.3], "uv": [66, 8]}
				]
			},
			{
				"name": "5.2",
				"parent": "cable2",
				"pivot": [-6.9, 2.75, -5.55],
				"rotation": [0, 0, 20],
				"cubes": [
					{"origin": [-8.32606, 5.61908, -5.7], "size": [1, 0.1, 0.3], "uv": [8, 2]}
				]
			},
			{
				"name": "HDMI2",
				"parent": "Host2",
				"pivot": [0, 0, 0],
				"cubes": [
					{"origin": [-7.1, 5.1, 0.6], "size": [0.1, 0.1, 1], "uv": [13, 3]},
					{"origin": [-7.1, 5.2, 0.5], "size": [0.1, 0.1, 1.2], "uv": [13, 3]},
					{"origin": [-7.1, 5.3, 1.6], "size": [0.1, 0.1, 0.1], "uv": [13, 3]},
					{"origin": [-7.1, 5.4, 0.4], "size": [0.1, 0.1, 1.4], "uv": [13, 3]},
					{"origin": [-7.1, 5.5, 0.4], "size": [0.1, 0.1, 1.4], "uv": [13, 3]},
					{"origin": [-7.1, 5.3, 0.5], "size": [0.1, 0.1, 0.1], "uv": [13, 3]}
				]
			},
			{
				"name": "PCIE2",
				"parent": "Host2",
				"pivot": [0, 0, 0],
				"cubes": [
					{"origin": [-7, 5, 3.9], "size": [0.1, 2.9, 0.2], "uv": [29, 16]},
					{"origin": [-7, 5, -0.1], "size": [0.1, 2.9, 0.2], "uv": [29, 16]},
					{"origin": [-7, 7.9, -0.1], "size": [0.1, 0.1, 4.2], "uv": [29, 16]},
					{"origin": [-7, 5, 0.1], "size": [0.1, 0.1, 3.8], "uv": [29, 16]},
					{"origin": [-6.9, 5, -0.1], "size": [0, 2.9, 4.2], "uv": [34, 20]},
					{"origin": [-7, 5.6, 0.1], "size": [0.1, 0.1, 3.8], "uv": [29, 16]},
					{"origin": [-7, 6.2, 0.1], "size": [0.1, 0.1, 3.8], "uv": [29, 16]},
					{"origin": [-7, 6.8, 0.1], "size": [0.1, 0.1, 3.8], "uv": [29, 16]},
					{"origin": [-7, 7.4, 0.1], "size": [0.1, 0.1, 3.8], "uv": [29, 16]}
				]
			},
			{
				"name": "Host3",
				"parent": "host",
				"pivot": [0, -0.2, 0],
				"cubes": [
					{"origin": [-7, 7.9, -7], "size": [14, 3, 14], "uv": [5, 20]},
					{"origin": [7, 8.9, -6], "size": [0.2, 1, 1], "uv": [6, 22]}
				]
			},
			{
				"name": "hard_disk5",
				"parent": "Host3",
				"pivot": [0, -0.2, 0],
				"cubes": [
					{"origin": [6.6, 8.9, 2], "size": [0.5, 1, 4], "uv": [21, 22]},
					{"origin": [7.1, 9, 2.1], "size": [0.1, 0.2, 0.2], "uv": [12, 23]},
					{"origin": [7.1, 9.6, 2.1], "size": [0.1, 0.2, 0.2], "uv": [7, 23]}
				]
			},
			{
				"name": "hard_disk6",
				"parent": "Host3",
				"pivot": [0, -0.2, 0],
				"cubes": [
					{"origin": [6.6, 8.9, -3], "size": [0.5, 1, 4], "uv": [21, 22]},
					{"origin": [7.1, 9, -2.9], "size": [0.1, 0.2, 0.2], "uv": [12, 23]},
					{"origin": [7.1, 9.6, -2.9], "size": [0.1, 0.2, 0.2], "uv": [7, 23]}
				]
			},
			{
				"name": "logo3",
				"parent": "Host3",
				"pivot": [0, -0.2, 0]
			},
			{
				"name": "i3",
				"parent": "logo3",
				"pivot": [0, -0.2, 0],
				"cubes": [
					{"origin": [7, 8, -4.7], "size": [0.1, 0.4, 0.1], "uv": [8, 1]},
					{"origin": [7, 8.4, -4.7], "size": [0.1, 0.3, 0.1], "uv": [8, 1]}
				]
			},
			{
				"name": "b3",
				"parent": "logo3",
				"pivot": [0, -0.2, 0],
				"cubes": [
					{"origin": [7, 8, -4.4], "size": [0.1, 0.7, 0.1], "uv": [8, 1]},
					{"origin": [7, 8, -4.3], "size": [0.1, 0.1, 0.2], "uv": [8, 1]},
					{"origin": [7, 8.3, -4.3], "size": [0.1, 0.1, 0.2], "uv": [8, 1]},
					{"origin": [7, 8.1, -4.1], "size": [0.1, 0.2, 0.1], "uv": [8, 1]},
					{"origin": [7, 8.6, -4.3], "size": [0.1, 0.1, 0.2], "uv": [8, 1]},
					{"origin": [7, 8.4, -4.1], "size": [0.1, 0.2, 0.1], "uv": [8, 1]}
				]
			},
			{
				"name": "m3",
				"parent": "logo3",
				"pivot": [0, -0.2, 0],
				"cubes": [
					{"origin": [7, 8, -3.8], "size": [0.1, 0.5, 0.1], "uv": [8, 1]},
					{"origin": [7, 8.5, -3.8], "size": [0.1, 0.2, 0.1], "uv": [8, 1]},
					{"origin": [7, 8.5, -3.7], "size": [0.1, 0.1, 0.1], "uv": [8, 1]},
					{"origin": [7, 8.3, -3.6], "size": [0.1, 0.2, 0.1], "uv": [8, 1]},
					{"origin": [7, 8.5, -3.4], "size": [0.1, 0.2, 0.1], "uv": [8, 1]},
					{"origin": [7, 8.5, -3.5], "size": [0.1, 0.1, 0.1], "uv": [8, 1]},
					{"origin": [7, 8, -3.4], "size": [0.1, 0.5, 0.1], "uv": [8, 1]}
				]
			},
			{
				"name": "Network_port5",
				"parent": "Host3",
				"pivot": [0, -0.2, 0],
				"cubes": [
					{"origin": [-7.1, 8, -3.4], "size": [0.1, 0.1, 0.2], "uv": [9, 28]},
					{"origin": [-7.1, 8, -3.9], "size": [0.1, 0.1, 0.2], "uv": [6, 22]},
					{"origin": [-7, 8.8, -4.1], "size": [1, 0.1, 1.1], "uv": [0, 4]},
					{"origin": [-7, 7.9, -3.1], "size": [1, 0.9, 0.1], "uv": [0, 4]},
					{"origin": [-7, 7.9, -4.1], "size": [1, 0.9, 0.1], "uv": [0, 4]},
					{"origin": [-7, 7.9, -4], "size": [1, 0.3, 0.9], "uv": [0, 4]},
					{"origin": [-7, 8.7, -3.4], "size": [1, 0.1, 0.3], "uv": [0, 4]},
					{"origin": [-7, 8.7, -4], "size": [1, 0.1, 0.3], "uv": [0, 4]},
					{"origin": [-6, 8.2, -4], "size": [0, 0.6, 0.9], "uv": [0, 4]}
				]
			},
			{
				"name": "Network_port6",
				"parent": "Host3",
				"pivot": [0, -0.2, 0],
				"cubes": [
					{"origin": [-7.1, 8, -5.4], "size": [0.1, 0.1, 0.2], "uv": [9, 28]},
					{"origin": [-7.1, 8, -5.9], "size": [0.1, 0.1, 0.2], "uv": [6, 22]},
					{"origin": [-7, 8.8, -6.1], "size": [1, 0.1, 1.1], "uv": [0, 4]},
					{"origin": [-7, 7.9, -5.1], "size": [1, 0.9, 0.1], "uv": [0, 4]},
					{"origin": [-7, 7.9, -6.1], "size": [1, 0.9, 0.1], "uv": [0, 4]},
					{"origin": [-7, 7.9, -6], "size": [1, 0.3, 0.9], "uv": [0, 4]},
					{"origin": [-7, 8.7, -5.4], "size": [1, 0.1, 0.3], "uv": [0, 4]},
					{"origin": [-7, 8.7, -6], "size": [1, 0.1, 0.3], "uv": [0, 4]},
					{"origin": [-6, 8.2, -6], "size": [0, 0.6, 0.9], "uv": [0, 4]}
				]
			},
			{
				"name": "Power_interface3",
				"parent": "Host3",
				"pivot": [0, -0.2, 0],
				"cubes": [
					{"origin": [-7.2, 8.9, 5.1], "size": [0.2, 1, 1.5], "uv": [0, 0]},
					{"origin": [-7.8, 9, 5.2], "size": [0.7, 0.8, 1.3], "uv": [20, 22]},
					{"origin": [-8.2, 9.2, 5.3], "size": [0.4, 0.5, 1.1], "uv": [20, 22]},
					{"origin": [-8.5, 9.3, 5.7], "size": [0.5, 0.3, 0.3], "uv": [20, 22]},
					{"origin": [-8.7, 9.3, 5.8], "size": [0.3, 0.3, 1.6], "uv": [20, 22]}
				]
			},
			{
				"name": "high_pressure3",
				"parent": "Power_interface3",
				"pivot": [0, -0.2, 0],
				"cubes": [
					{"origin": [-7.1, 9.7, 4.6], "size": [0.1, 0.1, 0.1], "uv": [9, 28]},
					{"origin": [-7.1, 9.6, 4.7], "size": [0.1, 0.1, 0.1], "uv": [9, 28]},
					{"origin": [-7.1, 9.5, 4.8], "size": [0.1, 0.1, 0.1], "uv": [9, 28]},
					{"origin": [-7.1, 9.4, 4.5], "size": [0.1, 0.1, 0.4], "uv": [9, 28]},
					{"origin": [-7.1, 9.3, 4.5], "size": [0.1, 0.1, 0.1], "uv": [9, 28]},
					{"origin": [-7.1, 9.2, 4.6], "size": [0.1, 0.1, 0.1], "uv": [9, 28]},
					{"origin": [-7.1, 9.1, 4.7], "size": [0.1, 0.1, 0.1], "uv": [9, 28]}
				]
			},
			{
				"name": "cable3",
				"parent": "Host3",
				"pivot": [0, -0.2, 0],
				"cubes": [
					{"origin": [-7.4, 8.2, -6], "size": [1, 0.5, 0.9], "uv": [8, 2]},
					{"origin": [-7.5, 8.3, -5.7], "size": [0.1, 0.3, 0.3], "uv": [8, 2]},
					{"origin": [-8.4, 8.3, -7.3], "size": [0.3, 0.3, 1.8], "uv": [65, 7]},
					{"origin": [-8.3, 8.3, -5.7], "size": [0.8, 0.3, 0.3], "uv": [66, 8]}
				]
			},
			{
				"name": "5.3",
				"parent": "cable3",
				"pivot": [-6.9, 2.55, -5.55],
				"rotation": [0, 0, 20],
				"cubes": [
					{"origin": [-9.38632, 8.33212, -5.7], "size": [1, 0.1, 0.3], "uv": [8, 2]}
				]
			},
			{
				"name": "HDMI3",
				"parent": "Host3",
				"pivot": [0, -0.2, 0],
				"cubes": [
					{"origin": [-7.1, 8, 0.6], "size": [0.1, 0.1, 1], "uv": [13, 3]},
					{"origin": [-7.1, 8.1, 0.5], "size": [0.1, 0.1, 1.2], "uv": [13, 3]},
					{"origin": [-7.1, 8.2, 1.6], "size": [0.1, 0.1, 0.1], "uv": [13, 3]},
					{"origin": [-7.1, 8.3, 0.4], "size": [0.1, 0.1, 1.4], "uv": [13, 3]},
					{"origin": [-7.1, 8.4, 0.4], "size": [0.1, 0.1, 1.4], "uv": [13, 3]},
					{"origin": [-7.1, 8.2, 0.5], "size": [0.1, 0.1, 0.1], "uv": [13, 3]}
				]
			},
			{
				"name": "PCIE3",
				"parent": "Host3",
				"pivot": [0, -0.2, 0],
				"cubes": [
					{"origin": [-7, 7.9, 3.9], "size": [0.1, 2.9, 0.2], "uv": [29, 16]},
					{"origin": [-7, 7.9, -0.1], "size": [0.1, 2.9, 0.2], "uv": [29, 16]},
					{"origin": [-7, 10.8, -0.1], "size": [0.1, 0.1, 4.2], "uv": [29, 16]},
					{"origin": [-7, 7.9, 0.1], "size": [0.1, 0.1, 3.8], "uv": [29, 16]},
					{"origin": [-6.9, 7.9, -0.1], "size": [0, 2.9, 4.2], "uv": [34, 20]},
					{"origin": [-7, 8.5, 0.1], "size": [0.1, 0.1, 3.8], "uv": [29, 16]},
					{"origin": [-7, 9.1, 0.1], "size": [0.1, 0.1, 3.8], "uv": [29, 16]},
					{"origin": [-7, 9.7, 0.1], "size": [0.1, 0.1, 3.8], "uv": [29, 16]},
					{"origin": [-7, 10.3, 0.1], "size": [0.1, 0.1, 3.8], "uv": [29, 16]}
				]
			}
		]
	}
}