{
	"format_version": "1.10.0",
	"geometry.model": {
		"texturewidth": 128,
		"textureheight": 128,
		"visible_bounds_width": 2,
		"visible_bounds_height": 1,
		"visible_bounds_offset": [0, 0.5, 0],
		"bones": [
			{
				"name": "monitor",
				"pivot": [0, 0, 0],
				"cubes": [
					{"origin": [-2.2, 1.5, -3.8], "size": [2, 6, 8], "uv": [29, 38]},
					{"origin": [-0.2, 1, -3.8], "size": [2, 7, 8], "uv": [29, 53]},
					{"origin": [-4.2, 2.9, -2.2], "size": [2, 3.5, 4.9], "uv": [33, 41]},
					{"origin": [1.7, 1.9, -3.7], "size": [0.1, 0.1, 7.8], "uv": [29, 38]},
					{"origin": [1.7, 1.9, 4.1], "size": [0.1, 6.1, 0.1], "uv": [38, 40]},
					{"origin": [1.7, 7.9, -3.7], "size": [0.1, 0.1, 7.8], "uv": [29, 38]},
					{"origin": [1.7, 1.9, -3.8], "size": [0.1, 6.1, 0.1], "uv": [38, 40]},
					{"origin": [1.7, 2, -3.8], "size": [0, 6, 8], "uv": [22, 67]},
					{"origin": [-2.2, 0, -2], "size": [4, 0.5, 4], "uv": [31, 39]},
					{"origin": [-0.5, 0, -0.5], "size": [1, 1.5, 1], "uv": [31, 39]}
				]
			}
		]
	}
}