{
	"format_version": "1.10.0",
	"geometry.model": {
		"texturewidth": 128,
		"textureheight": 128,
		"visible_bounds_width": 2,
		"visible_bounds_height": 2,
		"visible_bounds_offset": [0, 1, 0],
		"bones": [
			{
				"name": "head",
				"pivot": [0, 18, -0.6]
			},
			{
				"name": "eye",
				"parent": "head",
				"pivot": [0, 18, -0.6],
				"cubes": [
					{"origin": [-3, 19.5, -4.101], "size": [2, 2, 0], "uv": [0, 123]},
					{"origin": [1, 19.5, -4.101], "size": [2, 2, 0], "uv": [0, 126]}
				]
			},
			{
				"name": "bone100",
				"parent": "eye",
				"pivot": [0, 18, -0.6],
				"rotation": [15, 0, 0],
				"cubes": [
					{"origin": [1, 21.62687, -3.07584], "size": [2, 1, 0.1], "uv": [34, 92]},
					{"origin": [-3, 21.62687, -3.07584], "size": [2, 1, 0.1], "uv": [34, 92]}
				]
			},
			{
				"name": "blink",
				"parent": "head",
				"pivot": [0, 18, -0.6],
				"cubes": [
					{"origin": [-3, 19.5, -4.102], "size": [2, 2, 0], "uv": [123, 124]},
					{"origin": [1, 19.5, -4.102], "size": [2, 2, 0], "uv": [124, 126]}
				]
			},
			{
				"name": "hairUpper",
				"parent": "head",
				"pivot": [0, 0, -0.6],
				"cubes": [
					{"origin": [-3.5, 18.5, -4.1], "size": [7, 7, 7], "uv": [56, 0]}
				]
			},
			{
				"name": "ahoge",
				"parent": "head",
				"pivot": [0, 26, -0.6]
			},
			{
				"name": "bone2",
				"parent": "ahoge",
				"pivot": [0, 26, -0.6]
			},
			{
				"name": "bone3",
				"parent": "bone2",
				"pivot": [0, 26, -0.6]
			},
			{
				"name": "hair5",
				"parent": "head",
				"pivot": [0, 18, -0.6],
				"cubes": [
					{"origin": [-4, 26, -4.6], "size": [8, 0, 8], "uv": [94, 6]},
					{"origin": [4, 19, -4.6], "size": [0, 7, 8], "uv": [86, 23]},
					{"origin": [-4, 19, -4.6], "size": [8, 7, 0], "uv": [0, 12]},
					{"origin": [-4, 19, -4.6], "size": [0, 7, 8], "uv": [86, 40]},
					{"origin": [-4, 19, 3.4], "size": [8, 7, 0], "uv": [110, 22]},
					{"origin": [3, 24.7, -1.2], "size": [1.5, 1.7, 1.8], "uv": [122, 79]},
					{"origin": [3.7, 25.6, -0.8], "size": [1, 1, 1], "uv": [122, 79]},
					{"origin": [4.7, 22.3, -2], "size": [0, 4, 3], "uv": [71, 65]}
				]
			},
			{
				"name": "armRight",
				"pivot": [-3, 17.5, -0.1],
				"rotation": [0, 0, 25],
				"cubes": [
					{"origin": [-5, 9.5, -1.6], "size": [2, 7, 2], "uv": [96, 76]},
					{"origin": [-4.08076, 16.4, -1.6], "size": [1.08076, 1.01924, 2], "uv": [97, 65]}
				]
			},
			{
				"name": "bone50",
				"parent": "armRight",
				"pivot": [0, 0, -0.1],
				"rotation": [0, 0, 45],
				"cubes": [
					{"origin": [-15.2028, 8.13173, -1.6], "size": [1.3, 1.3, 2], "uv": [97, 57]}
				]
			},
			{
				"name": "armLeft",
				"pivot": [3, 17.5, -0.6],
				"rotation": [0, 0, -25],
				"cubes": [
					{"origin": [2.9, 9.5, -1.6], "size": [2, 7, 2], "uv": [96, 76]},
					{"origin": [2.9, 16.4, -1.6], "size": [1.1, 1, 2], "uv": [97, 65]}
				]
			},
			{
				"name": "bone49",
				"parent": "armLeft",
				"pivot": [0, 0, -0.6],
				"rotation": [0, 0, -45],
				"cubes": [
					{"origin": [13.8, 8.2, -1.6], "size": [1.33209, 1.27523, 2], "uv": [97, 61]}
				]
			},
			{
				"name": "armDecorationLeft",
				"parent": "armLeft",
				"pivot": [5, 15, -0.6],
				"rotation": [15, 0, -20]
			},
			{
				"name": "body",
				"pivot": [0, 10.5, 0]
			},
			{
				"name": "skirt",
				"parent": "body",
				"pivot": [0, 8.5, 0],
				"cubes": [
					{"origin": [-3.5, 8.5, -3], "size": [7, 3, 5], "uv": [48, 24]},
					{"origin": [-4.5, 4, -4], "size": [9, 5, 7], "uv": [49, 34]}
				]
			},
			{
				"name": "bone",
				"parent": "body",
				"pivot": [0, 10.5, 0]
			},
			{
				"name": "bone4",
				"parent": "bone",
				"pivot": [0, 10.5, 0],
				"cubes": [
					{"origin": [-3, 10, -2.5], "size": [6, 9, 4], "uv": [0, 31]},
					{"origin": [-3, 9, -2.5], "size": [6, 1, 4], "uv": [108, 64]}
				]
			},
			{
				"name": "button",
				"parent": "body",
				"pivot": [0, 10.5, 0],
				"cubes": [
					{"origin": [-1.9, 14.1, -2.6], "size": [0.8, 0.8, 1], "uv": [0, 48]},
					{"origin": [-1.9, 12.1, -2.6], "size": [0.8, 0.8, 1], "uv": [0, 48]},
					{"origin": [1.1, 14.1, -2.6], "size": [0.8, 0.8, 1], "uv": [0, 48]},
					{"origin": [1.1, 12.1, -2.6], "size": [0.8, 0.8, 1], "uv": [0, 48]}
				]
			},
			{
				"name": "bow3",
				"parent": "body",
				"pivot": [0, 0, 0],
				"cubes": [
					{"origin": [-0.6, 15.5, -2.8], "size": [1, 1, 1.1], "uv": [124, 70]},
					{"origin": [0, 15.75, -2.7], "size": [1, 1, 0.1], "uv": [124, 70]},
					{"origin": [-1.2, 15.75, -2.7], "size": [1, 1, 0.2], "uv": [124, 70]},
					{"origin": [0.2, 14.85, -2.7], "size": [0.4, 1, 0.1], "uv": [124, 71]},
					{"origin": [-0.9, 14.85, -2.7], "size": [0.4, 1, 0.1], "uv": [124, 71]}
				]
			},
			{
				"name": "legLeft",
				"pivot": [2, 9, -0.4],
				"cubes": [
					{"origin": [0.5, 0, -2], "size": [3, 9, 3], "uv": [80, 74]}
				]
			},
			{
				"name": "bone55",
				"parent": "legLeft",
				"pivot": [0, 0, -0.4],
				"rotation": [0, 0, -5],
				"cubes": [
					{"origin": [2.6, 5, -2.5], "size": [1.9, 3, 4], "uv": [48, 114]}
				]
			},
			{
				"name": "bone54",
				"parent": "legLeft",
				"pivot": [0, 0, -0.4],
				"rotation": [0, 0, 5],
				"cubes": [
					{"origin": [-0.5, 5.3, -2.4], "size": [2, 3, 4], "uv": [104, 98]}
				]
			},
			{
				"name": "legRight",
				"pivot": [-2, 9, 0],
				"cubes": [
					{"origin": [-3.5, 0, -2], "size": [3, 9, 3], "uv": [56, 74]}
				]
			},
			{
				"name": "bone51",
				"parent": "legRight",
				"pivot": [0, 0, 0],
				"rotation": [0, 0, 5],
				"cubes": [
					{"origin": [-4.5, 5, -2.5], "size": [2, 3, 4], "uv": [24, 114]}
				]
			},
			{
				"name": "bone52",
				"parent": "legRight",
				"pivot": [0, 0, 0],
				"rotation": [0, 0, -5],
				"cubes": [
					{"origin": [-1.5, 5.3, -2.3], "size": [2, 3, 4], "uv": [0, 114]}
				]
			}
		]
	}
}