{
  "forge_marker": 1,
  "defaults": {
    "model": "railcraft:outfitted/type/normal",
    "textures": {
      "rail": "railcraft:blocks/tracks/outfitted/type/high_speed"
    }
  },
  "variants": {
    "shape": {
      "north_south": {
        "model": "railcraft:outfitted/type/normal"
      },
      "east_west": {
        "model": "railcraft:outfitted/type/normal", "y": 90
      },
      "ascending_east": {
        "model": "railcraft:outfitted/type/normal_raised_ne", "y": 90
      },
      "ascending_west": {
        "model": "railcraft:outfitted/type/normal_raised_sw", "y": 90
      },
      "ascending_north": {
        "model": "railcraft:outfitted/type/normal_raised_ne"
      },
      "ascending_south": {
        "model": "railcraft:outfitted/type/normal_raised_sw"
      }
    }
  }
}
