{
  "pack_name": "{pack.bh.name}",
  "author": ["Vic"],
  "description": ["{pack.bh.desc}"],
  "version": "2.0.0",
  "date": "2019-08-02",
  "model_list": [
    {
      "model_id": "bh:lzlz",
      "description": ["{maid.llz.desc}"]
    },
	{
      "model_id": "bh:lzlzn",
      "description": ["{maid.llzn.desc}"]
    },
	{
      "model_id": "bh:kiana_youxia",
      "description": ["{maid.yx.desc}"]
    },
	{
      "model_id": "bh:raiden_qiangxi",
      "description": ["{maid.qx.desc}"]
    },
	{
      "model_id": "bh:bronya_zhanche",
      "description": ["{maid.zc.desc}"]
    },
	{
      "model_id": "bh:theresa_shiyue",
      "description": ["{maid.sy.desc}"]
    },
	{
      "model_id": "bh:murata_kaixuan",
      "description": ["{maid.kx.desc}"]
    },
	{
      "model_id": "bh:hua_xunyu",
      "description": ["{maid.xy.desc}"]
    }
  ]
}