{
  "pack_name": "{pack.snownee.chair.name}",
  "author": ["Succinum", "Pajinyi"],
  "version": "1.0.0",
  "date": "2019-08-26",
  "model_list": [
    {
      "model_id": "snownee:shin_takarajima",
      "mounted_height": 3,
      "render_item_scale": 0.25,
      "tameable_can_ride": false
    }, {
      "model_id": "snownee:mech",
      "mounted_height": 39,
      "render_item_scale": 0.35
    }, {
      "model_id": "snownee:giraffe",
      "mounted_height": 43,
      "render_item_scale": 0.4,
      "tameable_can_ride": false
    }, {
      "model_id": "snownee:atashi_sai_seisan",
      "mounted_height": 0,
      "render_item_scale": 0.3,
      "tameable_can_ride": false
    }, {
      "model_id": "snownee:atashi_sai_seisan_2",
      "name": "{model.snownee.atashi_sai_seisan.name}",
      "mounted_height": 0,
      "render_item_scale": 0.3,
      "tameable_can_ride": false
    }, {
      "model_id": "snownee:road_roller",
      "mounted_height": 27,
      "render_item_scale": 0.3
    }
  ]
}