{
	"credit": "Made by bballboy2002 with Blockbench, a free, modern block model editor by JannisX11",
	"textures": {
		"particle": "#rail"
	},
	"elements": [
		{
			"name": "4,1",
			"from": [4, 7.580000000000001, 3.9199999999999995],
			"to": [5, 8.63, 5.359999999999999],
			"shade": true,
			"faces": {
				"north": {"uv": [4, 1, 5, 2], "texture": "#rail"},
				"east": {"uv": [4, 1, 5, 2], "texture": "#rail"},
				"south": {"uv": [4, 1, 5, 2], "texture": "#rail"},
				"west": {"uv": [4, 1, 5, 2], "texture": "#rail"},
				"up": {"uv": [4, 1, 5, 2], "texture": "#rail"},
				"down": {"uv": [4, 1, 5, 2], "texture": "#rail"}
			},
			"rotation": {
				"origin": [11, 15.58, 10.92],
				"axis": "x",
				"angle": 45
			}
		},
		{
			"name": "4,2",
			"from": [4, 6.56, 4.940000000000001],
			"to": [5, 7.609999999999999, 6.380000000000001],
			"shade": true,
			"faces": {
				"north": {"uv": [4, 2, 5, 3], "texture": "#rail"},
				"east": {"uv": [4, 2, 5, 3], "texture": "#rail"},
				"south": {"uv": [4, 2, 5, 3], "texture": "#rail"},
				"west": {"uv": [4, 2, 5, 3], "texture": "#rail"},
				"up": {"uv": [4, 2, 5, 3], "texture": "#rail"},
				"down": {"uv": [4, 2, 5, 3], "texture": "#rail"}
			},
			"rotation": {
				"origin": [11, 14.559999999999997, 11.940000000000001],
				"axis": "x",
				"angle": 45
			}
		},
		{
			"name": "4,3",
			"from": [4, 5.54, 5.960000000000001],
			"to": [5, 6.59, 7.4],
			"shade": true,
			"faces": {
				"north": {"uv": [4, 3, 5, 4], "texture": "#rail"},
				"east": {"uv": [4, 3, 5, 4], "texture": "#rail"},
				"south": {"uv": [4, 3, 5, 4], "texture": "#rail"},
				"west": {"uv": [4, 3, 5, 4], "texture": "#rail"},
				"up": {"uv": [4, 3, 5, 4], "texture": "#rail"},
				"down": {"uv": [4, 3, 5, 4], "texture": "#rail"}
			},
			"rotation": {
				"origin": [11, 13.539999999999997, 12.96],
				"axis": "x",
				"angle": 45
			}
		},
		{
			"name": "4,4",
			"from": [4, 4.53, 6.970000000000001],
			"to": [5, 5.58, 8.41],
			"shade": true,
			"faces": {
				"north": {"uv": [4, 4, 5, 5], "texture": "#rail"},
				"east": {"uv": [4, 4, 5, 5], "texture": "#rail"},
				"south": {"uv": [4, 4, 5, 5], "texture": "#rail"},
				"west": {"uv": [4, 4, 5, 5], "texture": "#rail"},
				"up": {"uv": [4, 4, 5, 5], "texture": "#rail"},
				"down": {"uv": [4, 4, 5, 5], "texture": "#rail"}
			},
			"rotation": {
				"origin": [11, 12.529999999999994, 13.97],
				"axis": "x",
				"angle": 45
			}
		},
		{
			"name": "4,5",
			"from": [4, 3.51, 7.99],
			"to": [5, 4.56, 9.43],
			"shade": true,
			"faces": {
				"north": {"uv": [4, 5, 5, 6], "texture": "#rail"},
				"east": {"uv": [4, 5, 5, 6], "texture": "#rail"},
				"south": {"uv": [4, 5, 5, 6], "texture": "#rail"},
				"west": {"uv": [4, 5, 5, 6], "texture": "#rail"},
				"up": {"uv": [4, 5, 5, 6], "texture": "#rail"},
				"down": {"uv": [4, 5, 5, 6], "texture": "#rail"}
			},
			"rotation": {
				"origin": [11, 11.509999999999996, 14.99],
				"axis": "x",
				"angle": 45
			}
		},
		{
			"name": "4,6",
			"from": [4, 2.49, 9.01],
			"to": [5, 3.54, 10.44],
			"shade": true,
			"faces": {
				"north": {"uv": [4, 6, 5, 7], "texture": "#rail"},
				"east": {"uv": [4, 6, 5, 7], "texture": "#rail"},
				"south": {"uv": [4, 6, 5, 7], "texture": "#rail"},
				"west": {"uv": [4, 6, 5, 7], "texture": "#rail"},
				"up": {"uv": [4, 6, 5, 7], "texture": "#rail"},
				"down": {"uv": [4, 6, 5, 7], "texture": "#rail"}
			},
			"rotation": {
				"origin": [11, 10.489999999999993, 16.01],
				"axis": "x",
				"angle": 45
			}
		},
		{
			"name": "4,7",
			"from": [4, 1.4800000000000002, 10.02],
			"to": [5, 2.5300000000000002, 11.459999999999999],
			"shade": true,
			"faces": {
				"north": {"uv": [4, 7, 5, 8], "texture": "#rail"},
				"east": {"uv": [4, 7, 5, 8], "texture": "#rail"},
				"south": {"uv": [4, 7, 5, 8], "texture": "#rail"},
				"west": {"uv": [4, 7, 5, 8], "texture": "#rail"},
				"up": {"uv": [4, 7, 5, 8], "texture": "#rail"},
				"down": {"uv": [4, 7, 5, 8], "texture": "#rail"}
			},
			"rotation": {
				"origin": [11, 9.479999999999993, 17.020000000000003],
				"axis": "x",
				"angle": 45
			}
		},
		{
			"name": "4,8",
			"from": [4, 0.45999999999999996, 11.04],
			"to": [5, 1.51, 12.479999999999999],
			"shade": true,
			"faces": {
				"north": {"uv": [4, 8, 5, 9], "texture": "#rail"},
				"east": {"uv": [4, 8, 5, 9], "texture": "#rail"},
				"south": {"uv": [4, 8, 5, 9], "texture": "#rail"},
				"west": {"uv": [4, 8, 5, 9], "texture": "#rail"},
				"up": {"uv": [4, 8, 5, 9], "texture": "#rail"},
				"down": {"uv": [4, 8, 5, 9], "texture": "#rail"}
			},
			"rotation": {
				"origin": [11, 8.459999999999994, 18.04],
				"axis": "x",
				"angle": 45
			}
		},
		{
			"name": "4,9",
			"from": [4, -0.56, 12.06],
			"to": [5, 0.49, 13.5],
			"shade": true,
			"faces": {
				"north": {"uv": [4, 9, 5, 10], "texture": "#rail"},
				"east": {"uv": [4, 9, 5, 10], "texture": "#rail"},
				"south": {"uv": [4, 9, 5, 10], "texture": "#rail"},
				"west": {"uv": [4, 9, 5, 10], "texture": "#rail"},
				"up": {"uv": [4, 9, 5, 10], "texture": "#rail"},
				"down": {"uv": [4, 9, 5, 10], "texture": "#rail"}
			},
			"rotation": {
				"origin": [11, 7.439999999999994, 19.060000000000002],
				"axis": "x",
				"angle": 45
			}
		},
		{
			"name": "4,10",
			"from": [4, -1.57, 13.07],
			"to": [5, -0.52, 14.51],
			"shade": true,
			"faces": {
				"north": {"uv": [4, 10, 5, 11], "texture": "#rail"},
				"east": {"uv": [4, 10, 5, 11], "texture": "#rail"},
				"south": {"uv": [4, 10, 5, 11], "texture": "#rail"},
				"west": {"uv": [4, 10, 5, 11], "texture": "#rail"},
				"up": {"uv": [4, 10, 5, 11], "texture": "#rail"},
				"down": {"uv": [4, 10, 5, 11], "texture": "#rail"}
			},
			"rotation": {
				"origin": [11, 6.429999999999994, 20.07],
				"axis": "x",
				"angle": 45
			}
		},
		{
			"name": "4,11",
			"from": [4, -2.59, 14.09],
			"to": [5, -1.5399999999999998, 15.53],
			"shade": true,
			"faces": {
				"north": {"uv": [4, 11, 5, 12], "texture": "#rail"},
				"east": {"uv": [4, 11, 5, 12], "texture": "#rail"},
				"south": {"uv": [4, 11, 5, 12], "texture": "#rail"},
				"west": {"uv": [4, 11, 5, 12], "texture": "#rail"},
				"up": {"uv": [4, 11, 5, 12], "texture": "#rail"},
				"down": {"uv": [4, 11, 5, 12], "texture": "#rail"}
			},
			"rotation": {
				"origin": [11, 5.409999999999995, 21.090000000000003],
				"axis": "x",
				"angle": 45
			}
		},
		{
			"name": "4,12",
			"from": [4, -3.6099999999999994, 15.110000000000001],
			"to": [5, -2.5599999999999996, 16.55],
			"shade": true,
			"faces": {
				"north": {"uv": [4, 12, 5, 13], "texture": "#rail"},
				"east": {"uv": [4, 12, 5, 13], "texture": "#rail"},
				"south": {"uv": [4, 12, 5, 13], "texture": "#rail"},
				"west": {"uv": [4, 12, 5, 13], "texture": "#rail"},
				"up": {"uv": [4, 12, 5, 13], "texture": "#rail"},
				"down": {"uv": [4, 12, 5, 13], "texture": "#rail"}
			},
			"rotation": {
				"origin": [11, 4.389999999999995, 22.11],
				"axis": "x",
				"angle": 45
			}
		},
		{
			"name": "4,13",
			"from": [4, -4.63, 16.13],
			"to": [5, -3.58, 17.57],
			"shade": true,
			"faces": {
				"north": {"uv": [4, 13, 5, 14], "texture": "#rail"},
				"east": {"uv": [4, 13, 5, 14], "texture": "#rail"},
				"south": {"uv": [4, 13, 5, 14], "texture": "#rail"},
				"west": {"uv": [4, 13, 5, 14], "texture": "#rail"},
				"up": {"uv": [4, 13, 5, 14], "texture": "#rail"},
				"down": {"uv": [4, 13, 5, 14], "texture": "#rail"}
			},
			"rotation": {
				"origin": [11, 3.3699999999999948, 23.13],
				"axis": "x",
				"angle": 45
			}
		},
		{
			"name": "4,14",
			"from": [4, -5.65, 17.15],
			"to": [5, -4.6000000000000005, 18.59],
			"shade": true,
			"faces": {
				"north": {"uv": [4, 14, 5, 15], "texture": "#rail"},
				"east": {"uv": [4, 14, 5, 15], "texture": "#rail"},
				"south": {"uv": [4, 14, 5, 15], "texture": "#rail"},
				"west": {"uv": [4, 14, 5, 15], "texture": "#rail"},
				"up": {"uv": [4, 14, 5, 15], "texture": "#rail"},
				"down": {"uv": [4, 14, 5, 15], "texture": "#rail"}
			},
			"rotation": {
				"origin": [11, 2.3499999999999943, 24.15],
				"axis": "x",
				"angle": 45
			}
		},
		{
			"name": "5,14",
			"from": [5, -5.65, 17.15],
			"to": [6, -4.6000000000000005, 18.59],
			"shade": true,
			"faces": {
				"north": {"uv": [5, 14, 6, 15], "texture": "#rail"},
				"east": {"uv": [5, 14, 6, 15], "texture": "#rail"},
				"south": {"uv": [5, 14, 6, 15], "texture": "#rail"},
				"west": {"uv": [5, 14, 6, 15], "texture": "#rail"},
				"up": {"uv": [5, 14, 6, 15], "texture": "#rail"},
				"down": {"uv": [5, 14, 6, 15], "texture": "#rail"}
			},
			"rotation": {
				"origin": [12, 2.3499999999999943, 24.15],
				"axis": "x",
				"angle": 45
			}
		},
		{
			"name": "5,13",
			"from": [5, -4.63, 16.13],
			"to": [6, -3.58, 17.57],
			"shade": true,
			"faces": {
				"north": {"uv": [5, 13, 6, 14], "texture": "#rail"},
				"east": {"uv": [5, 13, 6, 14], "texture": "#rail"},
				"south": {"uv": [5, 13, 6, 14], "texture": "#rail"},
				"west": {"uv": [5, 13, 6, 14], "texture": "#rail"},
				"up": {"uv": [5, 13, 6, 14], "texture": "#rail"},
				"down": {"uv": [5, 13, 6, 14], "texture": "#rail"}
			},
			"rotation": {
				"origin": [12, 3.3699999999999948, 23.13],
				"axis": "x",
				"angle": 45
			}
		},
		{
			"name": "5,12",
			"from": [5, -3.6099999999999994, 15.110000000000001],
			"to": [6, -2.5599999999999996, 16.55],
			"shade": true,
			"faces": {
				"north": {"uv": [5, 12, 6, 13], "texture": "#rail"},
				"east": {"uv": [5, 12, 6, 13], "texture": "#rail"},
				"south": {"uv": [5, 12, 6, 13], "texture": "#rail"},
				"west": {"uv": [5, 12, 6, 13], "texture": "#rail"},
				"up": {"uv": [5, 12, 6, 13], "texture": "#rail"},
				"down": {"uv": [5, 12, 6, 13], "texture": "#rail"}
			},
			"rotation": {
				"origin": [12, 4.389999999999995, 22.11],
				"axis": "x",
				"angle": 45
			}
		},
		{
			"name": "5,11",
			"from": [5, -2.59, 14.09],
			"to": [6, -1.5399999999999998, 15.53],
			"shade": true,
			"faces": {
				"north": {"uv": [5, 11, 6, 12], "texture": "#rail"},
				"east": {"uv": [5, 11, 6, 12], "texture": "#rail"},
				"south": {"uv": [5, 11, 6, 12], "texture": "#rail"},
				"west": {"uv": [5, 11, 6, 12], "texture": "#rail"},
				"up": {"uv": [5, 11, 6, 12], "texture": "#rail"},
				"down": {"uv": [5, 11, 6, 12], "texture": "#rail"}
			},
			"rotation": {
				"origin": [12, 5.409999999999995, 21.090000000000003],
				"axis": "x",
				"angle": 45
			}
		},
		{
			"name": "5,10",
			"from": [5, -1.57, 13.07],
			"to": [6, -0.52, 14.51],
			"shade": true,
			"faces": {
				"north": {"uv": [5, 10, 6, 11], "texture": "#rail"},
				"east": {"uv": [5, 10, 6, 11], "texture": "#rail"},
				"south": {"uv": [5, 10, 6, 11], "texture": "#rail"},
				"west": {"uv": [5, 10, 6, 11], "texture": "#rail"},
				"up": {"uv": [5, 10, 6, 11], "texture": "#rail"},
				"down": {"uv": [5, 10, 6, 11], "texture": "#rail"}
			},
			"rotation": {
				"origin": [12, 6.429999999999994, 20.07],
				"axis": "x",
				"angle": 45
			}
		},
		{
			"name": "5,9",
			"from": [5, -0.56, 12.06],
			"to": [6, 0.49, 13.5],
			"shade": true,
			"faces": {
				"north": {"uv": [5, 9, 6, 10], "texture": "#rail"},
				"east": {"uv": [5, 9, 6, 10], "texture": "#rail"},
				"south": {"uv": [5, 9, 6, 10], "texture": "#rail"},
				"west": {"uv": [5, 9, 6, 10], "texture": "#rail"},
				"up": {"uv": [5, 9, 6, 10], "texture": "#rail"},
				"down": {"uv": [5, 9, 6, 10], "texture": "#rail"}
			},
			"rotation": {
				"origin": [12, 7.439999999999994, 19.060000000000002],
				"axis": "x",
				"angle": 45
			}
		},
		{
			"name": "5,8",
			"from": [5, 0.45999999999999996, 11.04],
			"to": [6, 1.51, 12.479999999999999],
			"shade": true,
			"faces": {
				"north": {"uv": [5, 8, 6, 9], "texture": "#rail"},
				"east": {"uv": [5, 8, 6, 9], "texture": "#rail"},
				"south": {"uv": [5, 8, 6, 9], "texture": "#rail"},
				"west": {"uv": [5, 8, 6, 9], "texture": "#rail"},
				"up": {"uv": [5, 8, 6, 9], "texture": "#rail"},
				"down": {"uv": [5, 8, 6, 9], "texture": "#rail"}
			},
			"rotation": {
				"origin": [12, 8.459999999999994, 18.04],
				"axis": "x",
				"angle": 45
			}
		},
		{
			"name": "5,7",
			"from": [5, 1.4800000000000002, 10.02],
			"to": [6, 2.5300000000000002, 11.459999999999999],
			"shade": true,
			"faces": {
				"north": {"uv": [5, 7, 6, 8], "texture": "#rail"},
				"east": {"uv": [5, 7, 6, 8], "texture": "#rail"},
				"south": {"uv": [5, 7, 6, 8], "texture": "#rail"},
				"west": {"uv": [5, 7, 6, 8], "texture": "#rail"},
				"up": {"uv": [5, 7, 6, 8], "texture": "#rail"},
				"down": {"uv": [5, 7, 6, 8], "texture": "#rail"}
			},
			"rotation": {
				"origin": [12, 9.479999999999993, 17.020000000000003],
				"axis": "x",
				"angle": 45
			}
		},
		{
			"name": "5,6",
			"from": [5, 2.49, 9.01],
			"to": [6, 3.54, 10.44],
			"shade": true,
			"faces": {
				"north": {"uv": [5, 6, 6, 7], "texture": "#rail"},
				"east": {"uv": [5, 6, 6, 7], "texture": "#rail"},
				"south": {"uv": [5, 6, 6, 7], "texture": "#rail"},
				"west": {"uv": [5, 6, 6, 7], "texture": "#rail"},
				"up": {"uv": [5, 6, 6, 7], "texture": "#rail"},
				"down": {"uv": [5, 6, 6, 7], "texture": "#rail"}
			},
			"rotation": {
				"origin": [12, 10.489999999999993, 16.01],
				"axis": "x",
				"angle": 45
			}
		},
		{
			"name": "5,5",
			"from": [5, 3.51, 7.99],
			"to": [6, 4.56, 9.43],
			"shade": true,
			"faces": {
				"north": {"uv": [5, 5, 6, 6], "texture": "#rail"},
				"east": {"uv": [5, 5, 6, 6], "texture": "#rail"},
				"south": {"uv": [5, 5, 6, 6], "texture": "#rail"},
				"west": {"uv": [5, 5, 6, 6], "texture": "#rail"},
				"up": {"uv": [5, 5, 6, 6], "texture": "#rail"},
				"down": {"uv": [5, 5, 6, 6], "texture": "#rail"}
			},
			"rotation": {
				"origin": [12, 11.509999999999996, 14.99],
				"axis": "x",
				"angle": 45
			}
		},
		{
			"name": "5,4",
			"from": [5, 4.53, 6.970000000000001],
			"to": [6, 5.58, 8.41],
			"shade": true,
			"faces": {
				"north": {"uv": [5, 4, 6, 5], "texture": "#rail"},
				"east": {"uv": [5, 4, 6, 5], "texture": "#rail"},
				"south": {"uv": [5, 4, 6, 5], "texture": "#rail"},
				"west": {"uv": [5, 4, 6, 5], "texture": "#rail"},
				"up": {"uv": [5, 4, 6, 5], "texture": "#rail"},
				"down": {"uv": [5, 4, 6, 5], "texture": "#rail"}
			},
			"rotation": {
				"origin": [12, 12.529999999999994, 13.97],
				"axis": "x",
				"angle": 45
			}
		},
		{
			"name": "5,3",
			"from": [5, 5.54, 5.960000000000001],
			"to": [6, 6.59, 7.4],
			"shade": true,
			"faces": {
				"north": {"uv": [5, 3, 6, 4], "texture": "#rail"},
				"east": {"uv": [5, 3, 6, 4], "texture": "#rail"},
				"south": {"uv": [5, 3, 6, 4], "texture": "#rail"},
				"west": {"uv": [5, 3, 6, 4], "texture": "#rail"},
				"up": {"uv": [5, 3, 6, 4], "texture": "#rail"},
				"down": {"uv": [5, 3, 6, 4], "texture": "#rail"}
			},
			"rotation": {
				"origin": [12, 13.539999999999997, 12.96],
				"axis": "x",
				"angle": 45
			}
		},
		{
			"name": "5,2",
			"from": [5, 6.56, 4.940000000000001],
			"to": [6, 7.609999999999999, 6.380000000000001],
			"shade": true,
			"faces": {
				"north": {"uv": [5, 2, 6, 3], "texture": "#rail"},
				"east": {"uv": [5, 2, 6, 3], "texture": "#rail"},
				"south": {"uv": [5, 2, 6, 3], "texture": "#rail"},
				"west": {"uv": [5, 2, 6, 3], "texture": "#rail"},
				"up": {"uv": [5, 2, 6, 3], "texture": "#rail"},
				"down": {"uv": [5, 2, 6, 3], "texture": "#rail"}
			},
			"rotation": {
				"origin": [12, 14.559999999999997, 11.940000000000001],
				"axis": "x",
				"angle": 45
			}
		},
		{
			"name": "5,1",
			"from": [5, 7.580000000000001, 3.9199999999999995],
			"to": [6, 8.63, 5.359999999999999],
			"shade": true,
			"faces": {
				"north": {"uv": [5, 1, 6, 2], "texture": "#rail"},
				"east": {"uv": [5, 1, 6, 2], "texture": "#rail"},
				"south": {"uv": [5, 1, 6, 2], "texture": "#rail"},
				"west": {"uv": [5, 1, 6, 2], "texture": "#rail"},
				"up": {"uv": [5, 1, 6, 2], "texture": "#rail"},
				"down": {"uv": [5, 1, 6, 2], "texture": "#rail"}
			},
			"rotation": {
				"origin": [12, 15.58, 10.92],
				"axis": "x",
				"angle": 45
			}
		},
		{
			"name": "5,15",
			"from": [5, -6.66, 18.16],
			"to": [6, -5.61, 19.59],
			"shade": true,
			"faces": {
				"north": {"uv": [5, 15, 6, 16], "texture": "#rail"},
				"east": {"uv": [5, 15, 6, 16], "texture": "#rail"},
				"south": {"uv": [5, 15, 6, 16], "texture": "#rail"},
				"west": {"uv": [5, 15, 6, 16], "texture": "#rail"},
				"up": {"uv": [5, 15, 6, 16], "texture": "#rail"},
				"down": {"uv": [5, 15, 6, 16], "texture": "#rail"}
			},
			"rotation": {
				"origin": [12, 1.3399999999999945, 25.16],
				"axis": "x",
				"angle": 45
			}
		},
		{
			"name": "5,0",
			"from": [5, 8.5, 2.9099999999999997],
			"to": [6, 9.55, 4.35],
			"shade": true,
			"faces": {
				"north": {"uv": [5, 0, 6, 1], "texture": "#rail"},
				"east": {"uv": [5, 0, 6, 1], "texture": "#rail"},
				"south": {"uv": [5, 0, 6, 1], "texture": "#rail"},
				"west": {"uv": [5, 0, 6, 1], "texture": "#rail"},
				"up": {"uv": [5, 0, 6, 1], "texture": "#rail"},
				"down": {"uv": [5, 0, 6, 1], "texture": "#rail"}
			},
			"rotation": {
				"origin": [12, 16.5, 9.91],
				"axis": "x",
				"angle": 45
			}
		},
		{
			"name": "6,0",
			"from": [6, 8.5, 2.9099999999999997],
			"to": [7, 9.55, 4.35],
			"shade": true,
			"faces": {
				"north": {"uv": [6, 0, 7, 1], "texture": "#rail"},
				"east": {"uv": [6, 0, 7, 1], "texture": "#rail"},
				"south": {"uv": [6, 0, 7, 1], "texture": "#rail"},
				"west": {"uv": [6, 0, 7, 1], "texture": "#rail"},
				"up": {"uv": [6, 0, 7, 1], "texture": "#rail"},
				"down": {"uv": [6, 0, 7, 1], "texture": "#rail"}
			},
			"rotation": {
				"origin": [13, 16.5, 9.91],
				"axis": "x",
				"angle": 45
			}
		},
		{
			"name": "6,15",
			"from": [6, -6.66, 18.16],
			"to": [7, -5.61, 19.59],
			"shade": true,
			"faces": {
				"north": {"uv": [6, 15, 7, 16], "texture": "#rail"},
				"east": {"uv": [6, 15, 7, 16], "texture": "#rail"},
				"south": {"uv": [6, 15, 7, 16], "texture": "#rail"},
				"west": {"uv": [6, 15, 7, 16], "texture": "#rail"},
				"up": {"uv": [6, 15, 7, 16], "texture": "#rail"},
				"down": {"uv": [6, 15, 7, 16], "texture": "#rail"}
			},
			"rotation": {
				"origin": [13, 1.3399999999999945, 25.16],
				"axis": "x",
				"angle": 45
			}
		},
		{
			"name": "6,1",
			"from": [6, 7.580000000000001, 3.9199999999999995],
			"to": [7, 8.63, 5.359999999999999],
			"shade": true,
			"faces": {
				"north": {"uv": [6, 1, 7, 2], "texture": "#rail"},
				"east": {"uv": [6, 1, 7, 2], "texture": "#rail"},
				"south": {"uv": [6, 1, 7, 2], "texture": "#rail"},
				"west": {"uv": [6, 1, 7, 2], "texture": "#rail"},
				"up": {"uv": [6, 1, 7, 2], "texture": "#rail"},
				"down": {"uv": [6, 1, 7, 2], "texture": "#rail"}
			},
			"rotation": {
				"origin": [13, 15.58, 10.92],
				"axis": "x",
				"angle": 45
			}
		},
		{
			"name": "6,2",
			"from": [6, 6.56, 4.940000000000001],
			"to": [7, 7.609999999999999, 6.380000000000001],
			"shade": true,
			"faces": {
				"north": {"uv": [6, 2, 7, 3], "texture": "#rail"},
				"east": {"uv": [6, 2, 7, 3], "texture": "#rail"},
				"south": {"uv": [6, 2, 7, 3], "texture": "#rail"},
				"west": {"uv": [6, 2, 7, 3], "texture": "#rail"},
				"up": {"uv": [6, 2, 7, 3], "texture": "#rail"},
				"down": {"uv": [6, 2, 7, 3], "texture": "#rail"}
			},
			"rotation": {
				"origin": [13, 14.559999999999997, 11.940000000000001],
				"axis": "x",
				"angle": 45
			}
		},
		{
			"name": "6,3",
			"from": [6, 5.54, 5.960000000000001],
			"to": [7, 6.59, 7.4],
			"shade": true,
			"faces": {
				"north": {"uv": [6, 3, 7, 4], "texture": "#rail"},
				"east": {"uv": [6, 3, 7, 4], "texture": "#rail"},
				"south": {"uv": [6, 3, 7, 4], "texture": "#rail"},
				"west": {"uv": [6, 3, 7, 4], "texture": "#rail"},
				"up": {"uv": [6, 3, 7, 4], "texture": "#rail"},
				"down": {"uv": [6, 3, 7, 4], "texture": "#rail"}
			},
			"rotation": {
				"origin": [13, 13.539999999999997, 12.96],
				"axis": "x",
				"angle": 45
			}
		},
		{
			"name": "6,4",
			"from": [6, 4.53, 6.970000000000001],
			"to": [7, 5.58, 8.41],
			"shade": true,
			"faces": {
				"north": {"uv": [6, 4, 7, 5], "texture": "#rail"},
				"east": {"uv": [6, 4, 7, 5], "texture": "#rail"},
				"south": {"uv": [6, 4, 7, 5], "texture": "#rail"},
				"west": {"uv": [6, 4, 7, 5], "texture": "#rail"},
				"up": {"uv": [6, 4, 7, 5], "texture": "#rail"},
				"down": {"uv": [6, 4, 7, 5], "texture": "#rail"}
			},
			"rotation": {
				"origin": [13, 12.529999999999994, 13.97],
				"axis": "x",
				"angle": 45
			}
		},
		{
			"name": "6,5",
			"from": [6, 3.51, 7.99],
			"to": [7, 4.56, 9.43],
			"shade": true,
			"faces": {
				"north": {"uv": [6, 5, 7, 6], "texture": "#rail"},
				"east": {"uv": [6, 5, 7, 6], "texture": "#rail"},
				"south": {"uv": [6, 5, 7, 6], "texture": "#rail"},
				"west": {"uv": [6, 5, 7, 6], "texture": "#rail"},
				"up": {"uv": [6, 5, 7, 6], "texture": "#rail"},
				"down": {"uv": [6, 5, 7, 6], "texture": "#rail"}
			},
			"rotation": {
				"origin": [13, 11.509999999999996, 14.99],
				"axis": "x",
				"angle": 45
			}
		},
		{
			"name": "6,6",
			"from": [6, 2.49, 9.01],
			"to": [7, 3.54, 10.44],
			"shade": true,
			"faces": {
				"north": {"uv": [6, 6, 7, 7], "texture": "#rail"},
				"east": {"uv": [6, 6, 7, 7], "texture": "#rail"},
				"south": {"uv": [6, 6, 7, 7], "texture": "#rail"},
				"west": {"uv": [6, 6, 7, 7], "texture": "#rail"},
				"up": {"uv": [6, 6, 7, 7], "texture": "#rail"},
				"down": {"uv": [6, 6, 7, 7], "texture": "#rail"}
			},
			"rotation": {
				"origin": [13, 10.489999999999993, 16.01],
				"axis": "x",
				"angle": 45
			}
		},
		{
			"name": "6,7",
			"from": [6, 1.4800000000000002, 10.02],
			"to": [7, 2.5300000000000002, 11.459999999999999],
			"shade": true,
			"faces": {
				"north": {"uv": [6, 7, 7, 8], "texture": "#rail"},
				"east": {"uv": [6, 7, 7, 8], "texture": "#rail"},
				"south": {"uv": [6, 7, 7, 8], "texture": "#rail"},
				"west": {"uv": [6, 7, 7, 8], "texture": "#rail"},
				"up": {"uv": [6, 7, 7, 8], "texture": "#rail"},
				"down": {"uv": [6, 7, 7, 8], "texture": "#rail"}
			},
			"rotation": {
				"origin": [13, 9.479999999999993, 17.020000000000003],
				"axis": "x",
				"angle": 45
			}
		},
		{
			"name": "6,8",
			"from": [6, 0.45999999999999996, 11.04],
			"to": [7, 1.51, 12.479999999999999],
			"shade": true,
			"faces": {
				"north": {"uv": [6, 8, 7, 9], "texture": "#rail"},
				"east": {"uv": [6, 8, 7, 9], "texture": "#rail"},
				"south": {"uv": [6, 8, 7, 9], "texture": "#rail"},
				"west": {"uv": [6, 8, 7, 9], "texture": "#rail"},
				"up": {"uv": [6, 8, 7, 9], "texture": "#rail"},
				"down": {"uv": [6, 8, 7, 9], "texture": "#rail"}
			},
			"rotation": {
				"origin": [13, 8.459999999999994, 18.04],
				"axis": "x",
				"angle": 45
			}
		},
		{
			"name": "6,9",
			"from": [6, -0.56, 12.06],
			"to": [7, 0.49, 13.5],
			"shade": true,
			"faces": {
				"north": {"uv": [6, 9, 7, 10], "texture": "#rail"},
				"east": {"uv": [6, 9, 7, 10], "texture": "#rail"},
				"south": {"uv": [6, 9, 7, 10], "texture": "#rail"},
				"west": {"uv": [6, 9, 7, 10], "texture": "#rail"},
				"up": {"uv": [6, 9, 7, 10], "texture": "#rail"},
				"down": {"uv": [6, 9, 7, 10], "texture": "#rail"}
			},
			"rotation": {
				"origin": [13, 7.439999999999994, 19.060000000000002],
				"axis": "x",
				"angle": 45
			}
		},
		{
			"name": "6,10",
			"from": [6, -1.57, 13.07],
			"to": [7, -0.52, 14.51],
			"shade": true,
			"faces": {
				"north": {"uv": [6, 10, 7, 11], "texture": "#rail"},
				"east": {"uv": [6, 10, 7, 11], "texture": "#rail"},
				"south": {"uv": [6, 10, 7, 11], "texture": "#rail"},
				"west": {"uv": [6, 10, 7, 11], "texture": "#rail"},
				"up": {"uv": [6, 10, 7, 11], "texture": "#rail"},
				"down": {"uv": [6, 10, 7, 11], "texture": "#rail"}
			},
			"rotation": {
				"origin": [13, 6.429999999999994, 20.07],
				"axis": "x",
				"angle": 45
			}
		},
		{
			"name": "6,11",
			"from": [6, -2.59, 14.09],
			"to": [7, -1.5399999999999998, 15.53],
			"shade": true,
			"faces": {
				"north": {"uv": [6, 11, 7, 12], "texture": "#rail"},
				"east": {"uv": [6, 11, 7, 12], "texture": "#rail"},
				"south": {"uv": [6, 11, 7, 12], "texture": "#rail"},
				"west": {"uv": [6, 11, 7, 12], "texture": "#rail"},
				"up": {"uv": [6, 11, 7, 12], "texture": "#rail"},
				"down": {"uv": [6, 11, 7, 12], "texture": "#rail"}
			},
			"rotation": {
				"origin": [13, 5.409999999999995, 21.090000000000003],
				"axis": "x",
				"angle": 45
			}
		},
		{
			"name": "6,12",
			"from": [6, -3.6099999999999994, 15.110000000000001],
			"to": [7, -2.5599999999999996, 16.55],
			"shade": true,
			"faces": {
				"north": {"uv": [6, 12, 7, 13], "texture": "#rail"},
				"east": {"uv": [6, 12, 7, 13], "texture": "#rail"},
				"south": {"uv": [6, 12, 7, 13], "texture": "#rail"},
				"west": {"uv": [6, 12, 7, 13], "texture": "#rail"},
				"up": {"uv": [6, 12, 7, 13], "texture": "#rail"},
				"down": {"uv": [6, 12, 7, 13], "texture": "#rail"}
			},
			"rotation": {
				"origin": [13, 4.389999999999995, 22.11],
				"axis": "x",
				"angle": 45
			}
		},
		{
			"name": "6,13",
			"from": [6, -4.63, 16.13],
			"to": [7, -3.58, 17.57],
			"shade": true,
			"faces": {
				"north": {"uv": [6, 13, 7, 14], "texture": "#rail"},
				"east": {"uv": [6, 13, 7, 14], "texture": "#rail"},
				"south": {"uv": [6, 13, 7, 14], "texture": "#rail"},
				"west": {"uv": [6, 13, 7, 14], "texture": "#rail"},
				"up": {"uv": [6, 13, 7, 14], "texture": "#rail"},
				"down": {"uv": [6, 13, 7, 14], "texture": "#rail"}
			},
			"rotation": {
				"origin": [13, 3.3699999999999948, 23.13],
				"axis": "x",
				"angle": 45
			}
		},
		{
			"name": "6,14",
			"from": [6, -5.65, 17.15],
			"to": [7, -4.6000000000000005, 18.59],
			"shade": true,
			"faces": {
				"north": {"uv": [6, 14, 7, 15], "texture": "#rail"},
				"east": {"uv": [6, 14, 7, 15], "texture": "#rail"},
				"south": {"uv": [6, 14, 7, 15], "texture": "#rail"},
				"west": {"uv": [6, 14, 7, 15], "texture": "#rail"},
				"up": {"uv": [6, 14, 7, 15], "texture": "#rail"},
				"down": {"uv": [6, 14, 7, 15], "texture": "#rail"}
			},
			"rotation": {
				"origin": [13, 2.3499999999999943, 24.15],
				"axis": "x",
				"angle": 45
			}
		},
		{
			"name": "7,14",
			"from": [7, -5.65, 17.15],
			"to": [8, -4.6000000000000005, 18.59],
			"shade": true,
			"faces": {
				"north": {"uv": [7, 14, 8, 15], "texture": "#rail"},
				"east": {"uv": [7, 14, 8, 15], "texture": "#rail"},
				"south": {"uv": [7, 14, 8, 15], "texture": "#rail"},
				"west": {"uv": [7, 14, 8, 15], "texture": "#rail"},
				"up": {"uv": [7, 14, 8, 15], "texture": "#rail"},
				"down": {"uv": [7, 14, 8, 15], "texture": "#rail"}
			},
			"rotation": {
				"origin": [14, 2.3499999999999943, 24.15],
				"axis": "x",
				"angle": 45
			}
		},
		{
			"name": "7,15",
			"from": [7, -6.66, 18.16],
			"to": [8, -5.61, 19.59],
			"shade": true,
			"faces": {
				"north": {"uv": [7, 15, 8, 16], "texture": "#rail"},
				"east": {"uv": [7, 15, 8, 16], "texture": "#rail"},
				"south": {"uv": [7, 15, 8, 16], "texture": "#rail"},
				"west": {"uv": [7, 15, 8, 16], "texture": "#rail"},
				"up": {"uv": [7, 15, 8, 16], "texture": "#rail"},
				"down": {"uv": [7, 15, 8, 16], "texture": "#rail"}
			},
			"rotation": {
				"origin": [14, 1.3399999999999945, 25.16],
				"axis": "x",
				"angle": 45
			}
		},
		{
			"name": "7,13",
			"from": [7, -4.63, 16.13],
			"to": [8, -3.58, 17.57],
			"shade": true,
			"faces": {
				"north": {"uv": [7, 13, 8, 14], "texture": "#rail"},
				"east": {"uv": [7, 13, 8, 14], "texture": "#rail"},
				"south": {"uv": [7, 13, 8, 14], "texture": "#rail"},
				"west": {"uv": [7, 13, 8, 14], "texture": "#rail"},
				"up": {"uv": [7, 13, 8, 14], "texture": "#rail"},
				"down": {"uv": [7, 13, 8, 14], "texture": "#rail"}
			},
			"rotation": {
				"origin": [14, 3.3699999999999948, 23.13],
				"axis": "x",
				"angle": 45
			}
		},
		{
			"name": "7,12",
			"from": [7, -3.6099999999999994, 15.110000000000001],
			"to": [8, -2.5599999999999996, 16.55],
			"shade": true,
			"faces": {
				"north": {"uv": [7, 12, 8, 13], "texture": "#rail"},
				"east": {"uv": [7, 12, 8, 13], "texture": "#rail"},
				"south": {"uv": [7, 12, 8, 13], "texture": "#rail"},
				"west": {"uv": [7, 12, 8, 13], "texture": "#rail"},
				"up": {"uv": [7, 12, 8, 13], "texture": "#rail"},
				"down": {"uv": [7, 12, 8, 13], "texture": "#rail"}
			},
			"rotation": {
				"origin": [14, 4.389999999999995, 22.11],
				"axis": "x",
				"angle": 45
			}
		},
		{
			"name": "7,10",
			"from": [7, -1.57, 13.07],
			"to": [8, -0.52, 14.51],
			"shade": true,
			"faces": {
				"north": {"uv": [7, 10, 8, 11], "texture": "#rail"},
				"east": {"uv": [7, 10, 8, 11], "texture": "#rail"},
				"south": {"uv": [7, 10, 8, 11], "texture": "#rail"},
				"west": {"uv": [7, 10, 8, 11], "texture": "#rail"},
				"up": {"uv": [7, 10, 8, 11], "texture": "#rail"},
				"down": {"uv": [7, 10, 8, 11], "texture": "#rail"}
			},
			"rotation": {
				"origin": [14, 6.429999999999994, 20.07],
				"axis": "x",
				"angle": 45
			}
		},
		{
			"name": "7,11",
			"from": [7, -2.59, 14.09],
			"to": [8, -1.5399999999999998, 15.53],
			"shade": true,
			"faces": {
				"north": {"uv": [7, 11, 8, 12], "texture": "#rail"},
				"east": {"uv": [7, 11, 8, 12], "texture": "#rail"},
				"south": {"uv": [7, 11, 8, 12], "texture": "#rail"},
				"west": {"uv": [7, 11, 8, 12], "texture": "#rail"},
				"up": {"uv": [7, 11, 8, 12], "texture": "#rail"},
				"down": {"uv": [7, 11, 8, 12], "texture": "#rail"}
			},
			"rotation": {
				"origin": [14, 5.409999999999995, 21.090000000000003],
				"axis": "x",
				"angle": 45
			}
		},
		{
			"name": "7,9",
			"from": [7, -0.56, 12.06],
			"to": [8, 0.49, 13.5],
			"shade": true,
			"faces": {
				"north": {"uv": [7, 9, 8, 10], "texture": "#rail"},
				"east": {"uv": [7, 9, 8, 10], "texture": "#rail"},
				"south": {"uv": [7, 9, 8, 10], "texture": "#rail"},
				"west": {"uv": [7, 9, 8, 10], "texture": "#rail"},
				"up": {"uv": [7, 9, 8, 10], "texture": "#rail"},
				"down": {"uv": [7, 9, 8, 10], "texture": "#rail"}
			},
			"rotation": {
				"origin": [14, 7.439999999999994, 19.060000000000002],
				"axis": "x",
				"angle": 45
			}
		},
		{
			"name": "7,8",
			"from": [7, 0.45999999999999996, 11.04],
			"to": [8, 1.51, 12.479999999999999],
			"shade": true,
			"faces": {
				"north": {"uv": [7, 8, 8, 9], "texture": "#rail"},
				"east": {"uv": [7, 8, 8, 9], "texture": "#rail"},
				"south": {"uv": [7, 8, 8, 9], "texture": "#rail"},
				"west": {"uv": [7, 8, 8, 9], "texture": "#rail"},
				"up": {"uv": [7, 8, 8, 9], "texture": "#rail"},
				"down": {"uv": [7, 8, 8, 9], "texture": "#rail"}
			},
			"rotation": {
				"origin": [14, 8.459999999999994, 18.04],
				"axis": "x",
				"angle": 45
			}
		},
		{
			"name": "7,7",
			"from": [7, 1.4800000000000002, 10.02],
			"to": [8, 2.5300000000000002, 11.459999999999999],
			"shade": true,
			"faces": {
				"north": {"uv": [7, 7, 8, 8], "texture": "#rail"},
				"east": {"uv": [7, 7, 8, 8], "texture": "#rail"},
				"south": {"uv": [7, 7, 8, 8], "texture": "#rail"},
				"west": {"uv": [7, 7, 8, 8], "texture": "#rail"},
				"up": {"uv": [7, 7, 8, 8], "texture": "#rail"},
				"down": {"uv": [7, 7, 8, 8], "texture": "#rail"}
			},
			"rotation": {
				"origin": [14, 9.479999999999993, 17.020000000000003],
				"axis": "x",
				"angle": 45
			}
		},
		{
			"name": "7,6",
			"from": [7, 2.49, 9.01],
			"to": [8, 3.54, 10.44],
			"shade": true,
			"faces": {
				"north": {"uv": [7, 6, 8, 7], "texture": "#rail"},
				"east": {"uv": [7, 6, 8, 7], "texture": "#rail"},
				"south": {"uv": [7, 6, 8, 7], "texture": "#rail"},
				"west": {"uv": [7, 6, 8, 7], "texture": "#rail"},
				"up": {"uv": [7, 6, 8, 7], "texture": "#rail"},
				"down": {"uv": [7, 6, 8, 7], "texture": "#rail"}
			},
			"rotation": {
				"origin": [14, 10.489999999999993, 16.01],
				"axis": "x",
				"angle": 45
			}
		},
		{
			"name": "7,5",
			"from": [7, 3.51, 7.99],
			"to": [8, 4.56, 9.43],
			"shade": true,
			"faces": {
				"north": {"uv": [7, 5, 8, 6], "texture": "#rail"},
				"east": {"uv": [7, 5, 8, 6], "texture": "#rail"},
				"south": {"uv": [7, 5, 8, 6], "texture": "#rail"},
				"west": {"uv": [7, 5, 8, 6], "texture": "#rail"},
				"up": {"uv": [7, 5, 8, 6], "texture": "#rail"},
				"down": {"uv": [7, 5, 8, 6], "texture": "#rail"}
			},
			"rotation": {
				"origin": [14, 11.509999999999996, 14.99],
				"axis": "x",
				"angle": 45
			}
		},
		{
			"name": "7,4",
			"from": [7, 4.53, 6.970000000000001],
			"to": [8, 5.58, 8.41],
			"shade": true,
			"faces": {
				"north": {"uv": [7, 4, 8, 5], "texture": "#rail"},
				"east": {"uv": [7, 4, 8, 5], "texture": "#rail"},
				"south": {"uv": [7, 4, 8, 5], "texture": "#rail"},
				"west": {"uv": [7, 4, 8, 5], "texture": "#rail"},
				"up": {"uv": [7, 4, 8, 5], "texture": "#rail"},
				"down": {"uv": [7, 4, 8, 5], "texture": "#rail"}
			},
			"rotation": {
				"origin": [14, 12.529999999999994, 13.97],
				"axis": "x",
				"angle": 45
			}
		},
		{
			"name": "7,3",
			"from": [7, 5.54, 5.960000000000001],
			"to": [8, 6.59, 7.4],
			"shade": true,
			"faces": {
				"north": {"uv": [7, 3, 8, 4], "texture": "#rail"},
				"east": {"uv": [7, 3, 8, 4], "texture": "#rail"},
				"south": {"uv": [7, 3, 8, 4], "texture": "#rail"},
				"west": {"uv": [7, 3, 8, 4], "texture": "#rail"},
				"up": {"uv": [7, 3, 8, 4], "texture": "#rail"},
				"down": {"uv": [7, 3, 8, 4], "texture": "#rail"}
			},
			"rotation": {
				"origin": [14, 13.539999999999997, 12.96],
				"axis": "x",
				"angle": 45
			}
		},
		{
			"name": "7,2",
			"from": [7, 6.56, 4.940000000000001],
			"to": [8, 7.609999999999999, 6.380000000000001],
			"shade": true,
			"faces": {
				"north": {"uv": [7, 2, 8, 3], "texture": "#rail"},
				"east": {"uv": [7, 2, 8, 3], "texture": "#rail"},
				"south": {"uv": [7, 2, 8, 3], "texture": "#rail"},
				"west": {"uv": [7, 2, 8, 3], "texture": "#rail"},
				"up": {"uv": [7, 2, 8, 3], "texture": "#rail"},
				"down": {"uv": [7, 2, 8, 3], "texture": "#rail"}
			},
			"rotation": {
				"origin": [14, 14.559999999999997, 11.940000000000001],
				"axis": "x",
				"angle": 45
			}
		},
		{
			"name": "7,1",
			"from": [7, 7.580000000000001, 3.9199999999999995],
			"to": [8, 8.63, 5.359999999999999],
			"shade": true,
			"faces": {
				"north": {"uv": [7, 1, 8, 2], "texture": "#rail"},
				"east": {"uv": [7, 1, 8, 2], "texture": "#rail"},
				"south": {"uv": [7, 1, 8, 2], "texture": "#rail"},
				"west": {"uv": [7, 1, 8, 2], "texture": "#rail"},
				"up": {"uv": [7, 1, 8, 2], "texture": "#rail"},
				"down": {"uv": [7, 1, 8, 2], "texture": "#rail"}
			},
			"rotation": {
				"origin": [14, 15.58, 10.92],
				"axis": "x",
				"angle": 45
			}
		},
		{
			"name": "7,0",
			"from": [7, 8.5, 2.9099999999999997],
			"to": [8, 9.55, 4.35],
			"shade": true,
			"faces": {
				"north": {"uv": [7, 0, 8, 1], "texture": "#rail"},
				"east": {"uv": [7, 0, 8, 1], "texture": "#rail"},
				"south": {"uv": [7, 0, 8, 1], "texture": "#rail"},
				"west": {"uv": [7, 0, 8, 1], "texture": "#rail"},
				"up": {"uv": [7, 0, 8, 1], "texture": "#rail"},
				"down": {"uv": [7, 0, 8, 1], "texture": "#rail"}
			},
			"rotation": {
				"origin": [14, 16.5, 9.91],
				"axis": "x",
				"angle": 45
			}
		},
		{
			"name": "8,0",
			"from": [8, 8.5, 2.9099999999999997],
			"to": [9, 9.55, 4.35],
			"shade": true,
			"faces": {
				"north": {"uv": [8, 0, 9, 1], "texture": "#rail"},
				"east": {"uv": [8, 0, 9, 1], "texture": "#rail"},
				"south": {"uv": [8, 0, 9, 1], "texture": "#rail"},
				"west": {"uv": [8, 0, 9, 1], "texture": "#rail"},
				"up": {"uv": [8, 0, 9, 1], "texture": "#rail"},
				"down": {"uv": [8, 0, 9, 1], "texture": "#rail"}
			},
			"rotation": {
				"origin": [15, 16.5, 9.91],
				"axis": "x",
				"angle": 45
			}
		},
		{
			"name": "8,1",
			"from": [8, 7.580000000000001, 3.9199999999999995],
			"to": [9, 8.63, 5.359999999999999],
			"shade": true,
			"faces": {
				"north": {"uv": [8, 1, 9, 2], "texture": "#rail"},
				"east": {"uv": [8, 1, 9, 2], "texture": "#rail"},
				"south": {"uv": [8, 1, 9, 2], "texture": "#rail"},
				"west": {"uv": [8, 1, 9, 2], "texture": "#rail"},
				"up": {"uv": [8, 1, 9, 2], "texture": "#rail"},
				"down": {"uv": [8, 1, 9, 2], "texture": "#rail"}
			},
			"rotation": {
				"origin": [15, 15.58, 10.92],
				"axis": "x",
				"angle": 45
			}
		},
		{
			"name": "8,2",
			"from": [8, 6.56, 4.940000000000001],
			"to": [9, 7.609999999999999, 6.380000000000001],
			"shade": true,
			"faces": {
				"north": {"uv": [8, 2, 9, 3], "texture": "#rail"},
				"east": {"uv": [8, 2, 9, 3], "texture": "#rail"},
				"south": {"uv": [8, 2, 9, 3], "texture": "#rail"},
				"west": {"uv": [8, 2, 9, 3], "texture": "#rail"},
				"up": {"uv": [8, 2, 9, 3], "texture": "#rail"},
				"down": {"uv": [8, 2, 9, 3], "texture": "#rail"}
			},
			"rotation": {
				"origin": [15, 14.559999999999997, 11.940000000000001],
				"axis": "x",
				"angle": 45
			}
		},
		{
			"name": "8,3",
			"from": [8, 5.54, 5.960000000000001],
			"to": [9, 6.59, 7.4],
			"shade": true,
			"faces": {
				"north": {"uv": [8, 3, 9, 4], "texture": "#rail"},
				"east": {"uv": [8, 3, 9, 4], "texture": "#rail"},
				"south": {"uv": [8, 3, 9, 4], "texture": "#rail"},
				"west": {"uv": [8, 3, 9, 4], "texture": "#rail"},
				"up": {"uv": [8, 3, 9, 4], "texture": "#rail"},
				"down": {"uv": [8, 3, 9, 4], "texture": "#rail"}
			},
			"rotation": {
				"origin": [15, 13.539999999999997, 12.96],
				"axis": "x",
				"angle": 45
			}
		},
		{
			"name": "8,4",
			"from": [8, 4.53, 6.970000000000001],
			"to": [9, 5.58, 8.41],
			"shade": true,
			"faces": {
				"north": {"uv": [8, 4, 9, 5], "texture": "#rail"},
				"east": {"uv": [8, 4, 9, 5], "texture": "#rail"},
				"south": {"uv": [8, 4, 9, 5], "texture": "#rail"},
				"west": {"uv": [8, 4, 9, 5], "texture": "#rail"},
				"up": {"uv": [8, 4, 9, 5], "texture": "#rail"},
				"down": {"uv": [8, 4, 9, 5], "texture": "#rail"}
			},
			"rotation": {
				"origin": [15, 12.529999999999994, 13.97],
				"axis": "x",
				"angle": 45
			}
		},
		{
			"name": "8,5",
			"from": [8, 3.51, 7.99],
			"to": [9, 4.56, 9.43],
			"shade": true,
			"faces": {
				"north": {"uv": [8, 5, 9, 6], "texture": "#rail"},
				"east": {"uv": [8, 5, 9, 6], "texture": "#rail"},
				"south": {"uv": [8, 5, 9, 6], "texture": "#rail"},
				"west": {"uv": [8, 5, 9, 6], "texture": "#rail"},
				"up": {"uv": [8, 5, 9, 6], "texture": "#rail"},
				"down": {"uv": [8, 5, 9, 6], "texture": "#rail"}
			},
			"rotation": {
				"origin": [15, 11.509999999999996, 14.99],
				"axis": "x",
				"angle": 45
			}
		},
		{
			"name": "8,6",
			"from": [8, 2.49, 9.01],
			"to": [9, 3.54, 10.44],
			"shade": true,
			"faces": {
				"north": {"uv": [8, 6, 9, 7], "texture": "#rail"},
				"east": {"uv": [8, 6, 9, 7], "texture": "#rail"},
				"south": {"uv": [8, 6, 9, 7], "texture": "#rail"},
				"west": {"uv": [8, 6, 9, 7], "texture": "#rail"},
				"up": {"uv": [8, 6, 9, 7], "texture": "#rail"},
				"down": {"uv": [8, 6, 9, 7], "texture": "#rail"}
			},
			"rotation": {
				"origin": [15, 10.489999999999993, 16.01],
				"axis": "x",
				"angle": 45
			}
		},
		{
			"name": "8,7",
			"from": [8, 1.4800000000000002, 10.02],
			"to": [9, 2.5300000000000002, 11.459999999999999],
			"shade": true,
			"faces": {
				"north": {"uv": [8, 7, 9, 8], "texture": "#rail"},
				"east": {"uv": [8, 7, 9, 8], "texture": "#rail"},
				"south": {"uv": [8, 7, 9, 8], "texture": "#rail"},
				"west": {"uv": [8, 7, 9, 8], "texture": "#rail"},
				"up": {"uv": [8, 7, 9, 8], "texture": "#rail"},
				"down": {"uv": [8, 7, 9, 8], "texture": "#rail"}
			},
			"rotation": {
				"origin": [15, 9.479999999999993, 17.020000000000003],
				"axis": "x",
				"angle": 45
			}
		},
		{
			"name": "8,8",
			"from": [8, 0.45999999999999996, 11.04],
			"to": [9, 1.51, 12.479999999999999],
			"shade": true,
			"faces": {
				"north": {"uv": [8, 8, 9, 9], "texture": "#rail"},
				"east": {"uv": [8, 8, 9, 9], "texture": "#rail"},
				"south": {"uv": [8, 8, 9, 9], "texture": "#rail"},
				"west": {"uv": [8, 8, 9, 9], "texture": "#rail"},
				"up": {"uv": [8, 8, 9, 9], "texture": "#rail"},
				"down": {"uv": [8, 8, 9, 9], "texture": "#rail"}
			},
			"rotation": {
				"origin": [15, 8.459999999999994, 18.04],
				"axis": "x",
				"angle": 45
			}
		},
		{
			"name": "8,9",
			"from": [8, -0.56, 12.06],
			"to": [9, 0.49, 13.5],
			"shade": true,
			"faces": {
				"north": {"uv": [8, 9, 9, 10], "texture": "#rail"},
				"east": {"uv": [8, 9, 9, 10], "texture": "#rail"},
				"south": {"uv": [8, 9, 9, 10], "texture": "#rail"},
				"west": {"uv": [8, 9, 9, 10], "texture": "#rail"},
				"up": {"uv": [8, 9, 9, 10], "texture": "#rail"},
				"down": {"uv": [8, 9, 9, 10], "texture": "#rail"}
			},
			"rotation": {
				"origin": [15, 7.439999999999994, 19.060000000000002],
				"axis": "x",
				"angle": 45
			}
		},
		{
			"name": "8,11",
			"from": [8, -2.59, 14.09],
			"to": [9, -1.5399999999999998, 15.53],
			"shade": true,
			"faces": {
				"north": {"uv": [8, 11, 9, 12], "texture": "#rail"},
				"east": {"uv": [8, 11, 9, 12], "texture": "#rail"},
				"south": {"uv": [8, 11, 9, 12], "texture": "#rail"},
				"west": {"uv": [8, 11, 9, 12], "texture": "#rail"},
				"up": {"uv": [8, 11, 9, 12], "texture": "#rail"},
				"down": {"uv": [8, 11, 9, 12], "texture": "#rail"}
			},
			"rotation": {
				"origin": [15, 5.409999999999995, 21.090000000000003],
				"axis": "x",
				"angle": 45
			}
		},
		{
			"name": "8,10",
			"from": [8, -1.57, 13.07],
			"to": [9, -0.52, 14.51],
			"shade": true,
			"faces": {
				"north": {"uv": [8, 10, 9, 11], "texture": "#rail"},
				"east": {"uv": [8, 10, 9, 11], "texture": "#rail"},
				"south": {"uv": [8, 10, 9, 11], "texture": "#rail"},
				"west": {"uv": [8, 10, 9, 11], "texture": "#rail"},
				"up": {"uv": [8, 10, 9, 11], "texture": "#rail"},
				"down": {"uv": [8, 10, 9, 11], "texture": "#rail"}
			},
			"rotation": {
				"origin": [15, 6.429999999999994, 20.07],
				"axis": "x",
				"angle": 45
			}
		},
		{
			"name": "8,12",
			"from": [8, -3.6099999999999994, 15.110000000000001],
			"to": [9, -2.5599999999999996, 16.55],
			"shade": true,
			"faces": {
				"north": {"uv": [8, 12, 9, 13], "texture": "#rail"},
				"east": {"uv": [8, 12, 9, 13], "texture": "#rail"},
				"south": {"uv": [8, 12, 9, 13], "texture": "#rail"},
				"west": {"uv": [8, 12, 9, 13], "texture": "#rail"},
				"up": {"uv": [8, 12, 9, 13], "texture": "#rail"},
				"down": {"uv": [8, 12, 9, 13], "texture": "#rail"}
			},
			"rotation": {
				"origin": [15, 4.389999999999995, 22.11],
				"axis": "x",
				"angle": 45
			}
		},
		{
			"name": "8,13",
			"from": [8, -4.63, 16.13],
			"to": [9, -3.58, 17.57],
			"shade": true,
			"faces": {
				"north": {"uv": [8, 13, 9, 14], "texture": "#rail"},
				"east": {"uv": [8, 13, 9, 14], "texture": "#rail"},
				"south": {"uv": [8, 13, 9, 14], "texture": "#rail"},
				"west": {"uv": [8, 13, 9, 14], "texture": "#rail"},
				"up": {"uv": [8, 13, 9, 14], "texture": "#rail"},
				"down": {"uv": [8, 13, 9, 14], "texture": "#rail"}
			},
			"rotation": {
				"origin": [15, 3.3699999999999948, 23.13],
				"axis": "x",
				"angle": 45
			}
		},
		{
			"name": "8,15",
			"from": [8, -6.66, 18.16],
			"to": [9, -5.61, 19.59],
			"shade": true,
			"faces": {
				"north": {"uv": [8, 15, 9, 16], "texture": "#rail"},
				"east": {"uv": [8, 15, 9, 16], "texture": "#rail"},
				"south": {"uv": [8, 15, 9, 16], "texture": "#rail"},
				"west": {"uv": [8, 15, 9, 16], "texture": "#rail"},
				"up": {"uv": [8, 15, 9, 16], "texture": "#rail"},
				"down": {"uv": [8, 15, 9, 16], "texture": "#rail"}
			},
			"rotation": {
				"origin": [15, 1.3399999999999945, 25.16],
				"axis": "x",
				"angle": 45
			}
		},
		{
			"name": "8,14",
			"from": [8, -5.65, 17.15],
			"to": [9, -4.6000000000000005, 18.59],
			"shade": true,
			"faces": {
				"north": {"uv": [8, 14, 9, 15], "texture": "#rail"},
				"east": {"uv": [8, 14, 9, 15], "texture": "#rail"},
				"south": {"uv": [8, 14, 9, 15], "texture": "#rail"},
				"west": {"uv": [8, 14, 9, 15], "texture": "#rail"},
				"up": {"uv": [8, 14, 9, 15], "texture": "#rail"},
				"down": {"uv": [8, 14, 9, 15], "texture": "#rail"}
			},
			"rotation": {
				"origin": [15, 2.3499999999999943, 24.15],
				"axis": "x",
				"angle": 45
			}
		},
		{
			"name": "9,14",
			"from": [9, -5.65, 17.15],
			"to": [10, -4.6000000000000005, 18.59],
			"shade": true,
			"faces": {
				"north": {"uv": [9, 14, 10, 15], "texture": "#rail"},
				"east": {"uv": [9, 14, 10, 15], "texture": "#rail"},
				"south": {"uv": [9, 14, 10, 15], "texture": "#rail"},
				"west": {"uv": [9, 14, 10, 15], "texture": "#rail"},
				"up": {"uv": [9, 14, 10, 15], "texture": "#rail"},
				"down": {"uv": [9, 14, 10, 15], "texture": "#rail"}
			},
			"rotation": {
				"origin": [16, 2.3499999999999943, 24.15],
				"axis": "x",
				"angle": 45
			}
		},
		{
			"name": "9,15",
			"from": [9, -6.66, 18.16],
			"to": [10, -5.61, 19.59],
			"shade": true,
			"faces": {
				"north": {"uv": [9, 15, 10, 16], "texture": "#rail"},
				"east": {"uv": [9, 15, 10, 16], "texture": "#rail"},
				"south": {"uv": [9, 15, 10, 16], "texture": "#rail"},
				"west": {"uv": [9, 15, 10, 16], "texture": "#rail"},
				"up": {"uv": [9, 15, 10, 16], "texture": "#rail"},
				"down": {"uv": [9, 15, 10, 16], "texture": "#rail"}
			},
			"rotation": {
				"origin": [16, 1.3399999999999945, 25.16],
				"axis": "x",
				"angle": 45
			}
		},
		{
			"name": "9,13",
			"from": [9, -4.63, 16.13],
			"to": [10, -3.58, 17.57],
			"shade": true,
			"faces": {
				"north": {"uv": [9, 13, 10, 14], "texture": "#rail"},
				"east": {"uv": [9, 13, 10, 14], "texture": "#rail"},
				"south": {"uv": [9, 13, 10, 14], "texture": "#rail"},
				"west": {"uv": [9, 13, 10, 14], "texture": "#rail"},
				"up": {"uv": [9, 13, 10, 14], "texture": "#rail"},
				"down": {"uv": [9, 13, 10, 14], "texture": "#rail"}
			},
			"rotation": {
				"origin": [16, 3.3699999999999948, 23.13],
				"axis": "x",
				"angle": 45
			}
		},
		{
			"name": "9,12",
			"from": [9, -3.6099999999999994, 15.110000000000001],
			"to": [10, -2.5599999999999996, 16.55],
			"shade": true,
			"faces": {
				"north": {"uv": [9, 12, 10, 13], "texture": "#rail"},
				"east": {"uv": [9, 12, 10, 13], "texture": "#rail"},
				"south": {"uv": [9, 12, 10, 13], "texture": "#rail"},
				"west": {"uv": [9, 12, 10, 13], "texture": "#rail"},
				"up": {"uv": [9, 12, 10, 13], "texture": "#rail"},
				"down": {"uv": [9, 12, 10, 13], "texture": "#rail"}
			},
			"rotation": {
				"origin": [16, 4.389999999999995, 22.11],
				"axis": "x",
				"angle": 45
			}
		},
		{
			"name": "9,10",
			"from": [9, -1.57, 13.07],
			"to": [10, -0.52, 14.51],
			"shade": true,
			"faces": {
				"north": {"uv": [9, 10, 10, 11], "texture": "#rail"},
				"east": {"uv": [9, 10, 10, 11], "texture": "#rail"},
				"south": {"uv": [9, 10, 10, 11], "texture": "#rail"},
				"west": {"uv": [9, 10, 10, 11], "texture": "#rail"},
				"up": {"uv": [9, 10, 10, 11], "texture": "#rail"},
				"down": {"uv": [9, 10, 10, 11], "texture": "#rail"}
			},
			"rotation": {
				"origin": [16, 6.429999999999994, 20.07],
				"axis": "x",
				"angle": 45
			}
		},
		{
			"name": "9,11",
			"from": [9, -2.59, 14.09],
			"to": [10, -1.5399999999999998, 15.53],
			"shade": true,
			"faces": {
				"north": {"uv": [9, 11, 10, 12], "texture": "#rail"},
				"east": {"uv": [9, 11, 10, 12], "texture": "#rail"},
				"south": {"uv": [9, 11, 10, 12], "texture": "#rail"},
				"west": {"uv": [9, 11, 10, 12], "texture": "#rail"},
				"up": {"uv": [9, 11, 10, 12], "texture": "#rail"},
				"down": {"uv": [9, 11, 10, 12], "texture": "#rail"}
			},
			"rotation": {
				"origin": [16, 5.409999999999995, 21.090000000000003],
				"axis": "x",
				"angle": 45
			}
		},
		{
			"name": "9,9",
			"from": [9, -0.56, 12.06],
			"to": [10, 0.49, 13.5],
			"shade": true,
			"faces": {
				"north": {"uv": [9, 9, 10, 10], "texture": "#rail"},
				"east": {"uv": [9, 9, 10, 10], "texture": "#rail"},
				"south": {"uv": [9, 9, 10, 10], "texture": "#rail"},
				"west": {"uv": [9, 9, 10, 10], "texture": "#rail"},
				"up": {"uv": [9, 9, 10, 10], "texture": "#rail"},
				"down": {"uv": [9, 9, 10, 10], "texture": "#rail"}
			},
			"rotation": {
				"origin": [16, 7.439999999999994, 19.060000000000002],
				"axis": "x",
				"angle": 45
			}
		},
		{
			"name": "9,8",
			"from": [9, 0.45999999999999996, 11.04],
			"to": [10, 1.51, 12.479999999999999],
			"shade": true,
			"faces": {
				"north": {"uv": [9, 8, 10, 9], "texture": "#rail"},
				"east": {"uv": [9, 8, 10, 9], "texture": "#rail"},
				"south": {"uv": [9, 8, 10, 9], "texture": "#rail"},
				"west": {"uv": [9, 8, 10, 9], "texture": "#rail"},
				"up": {"uv": [9, 8, 10, 9], "texture": "#rail"},
				"down": {"uv": [9, 8, 10, 9], "texture": "#rail"}
			},
			"rotation": {
				"origin": [16, 8.459999999999994, 18.04],
				"axis": "x",
				"angle": 45
			}
		},
		{
			"name": "9,7",
			"from": [9, 1.4800000000000002, 10.02],
			"to": [10, 2.5300000000000002, 11.459999999999999],
			"shade": true,
			"faces": {
				"north": {"uv": [9, 7, 10, 8], "texture": "#rail"},
				"east": {"uv": [9, 7, 10, 8], "texture": "#rail"},
				"south": {"uv": [9, 7, 10, 8], "texture": "#rail"},
				"west": {"uv": [9, 7, 10, 8], "texture": "#rail"},
				"up": {"uv": [9, 7, 10, 8], "texture": "#rail"},
				"down": {"uv": [9, 7, 10, 8], "texture": "#rail"}
			},
			"rotation": {
				"origin": [16, 9.479999999999993, 17.020000000000003],
				"axis": "x",
				"angle": 45
			}
		},
		{
			"name": "9,6",
			"from": [9, 2.49, 9.01],
			"to": [10, 3.54, 10.44],
			"shade": true,
			"faces": {
				"north": {"uv": [9, 6, 10, 7], "texture": "#rail"},
				"east": {"uv": [9, 6, 10, 7], "texture": "#rail"},
				"south": {"uv": [9, 6, 10, 7], "texture": "#rail"},
				"west": {"uv": [9, 6, 10, 7], "texture": "#rail"},
				"up": {"uv": [9, 6, 10, 7], "texture": "#rail"},
				"down": {"uv": [9, 6, 10, 7], "texture": "#rail"}
			},
			"rotation": {
				"origin": [16, 10.489999999999993, 16.01],
				"axis": "x",
				"angle": 45
			}
		},
		{
			"name": "9,5",
			"from": [9, 3.51, 7.99],
			"to": [10, 4.56, 9.43],
			"shade": true,
			"faces": {
				"north": {"uv": [9, 5, 10, 6], "texture": "#rail"},
				"east": {"uv": [9, 5, 10, 6], "texture": "#rail"},
				"south": {"uv": [9, 5, 10, 6], "texture": "#rail"},
				"west": {"uv": [9, 5, 10, 6], "texture": "#rail"},
				"up": {"uv": [9, 5, 10, 6], "texture": "#rail"},
				"down": {"uv": [9, 5, 10, 6], "texture": "#rail"}
			},
			"rotation": {
				"origin": [16, 11.509999999999996, 14.99],
				"axis": "x",
				"angle": 45
			}
		},
		{
			"name": "9,0",
			"from": [9, 8.5, 2.9099999999999997],
			"to": [10, 9.55, 4.35],
			"shade": true,
			"faces": {
				"north": {"uv": [9, 0, 10, 1], "texture": "#rail"},
				"east": {"uv": [9, 0, 10, 1], "texture": "#rail"},
				"south": {"uv": [9, 0, 10, 1], "texture": "#rail"},
				"west": {"uv": [9, 0, 10, 1], "texture": "#rail"},
				"up": {"uv": [9, 0, 10, 1], "texture": "#rail"},
				"down": {"uv": [9, 0, 10, 1], "texture": "#rail"}
			},
			"rotation": {
				"origin": [16, 16.5, 9.91],
				"axis": "x",
				"angle": 45
			}
		},
		{
			"name": "9,2",
			"from": [9, 6.56, 4.940000000000001],
			"to": [10, 7.609999999999999, 6.380000000000001],
			"shade": true,
			"faces": {
				"north": {"uv": [9, 2, 10, 3], "texture": "#rail"},
				"east": {"uv": [9, 2, 10, 3], "texture": "#rail"},
				"south": {"uv": [9, 2, 10, 3], "texture": "#rail"},
				"west": {"uv": [9, 2, 10, 3], "texture": "#rail"},
				"up": {"uv": [9, 2, 10, 3], "texture": "#rail"},
				"down": {"uv": [9, 2, 10, 3], "texture": "#rail"}
			},
			"rotation": {
				"origin": [16, 14.559999999999997, 11.940000000000001],
				"axis": "x",
				"angle": 45
			}
		},
		{
			"name": "9,1",
			"from": [9, 7.580000000000001, 3.9199999999999995],
			"to": [10, 8.63, 5.359999999999999],
			"shade": true,
			"faces": {
				"north": {"uv": [9, 1, 10, 2], "texture": "#rail"},
				"east": {"uv": [9, 1, 10, 2], "texture": "#rail"},
				"south": {"uv": [9, 1, 10, 2], "texture": "#rail"},
				"west": {"uv": [9, 1, 10, 2], "texture": "#rail"},
				"up": {"uv": [9, 1, 10, 2], "texture": "#rail"},
				"down": {"uv": [9, 1, 10, 2], "texture": "#rail"}
			},
			"rotation": {
				"origin": [16, 15.58, 10.92],
				"axis": "x",
				"angle": 45
			}
		},
		{
			"name": "9,3",
			"from": [9, 5.54, 5.960000000000001],
			"to": [10, 6.59, 7.4],
			"shade": true,
			"faces": {
				"north": {"uv": [9, 3, 10, 4], "texture": "#rail"},
				"east": {"uv": [9, 3, 10, 4], "texture": "#rail"},
				"south": {"uv": [9, 3, 10, 4], "texture": "#rail"},
				"west": {"uv": [9, 3, 10, 4], "texture": "#rail"},
				"up": {"uv": [9, 3, 10, 4], "texture": "#rail"},
				"down": {"uv": [9, 3, 10, 4], "texture": "#rail"}
			},
			"rotation": {
				"origin": [16, 13.539999999999997, 12.96],
				"axis": "x",
				"angle": 45
			}
		},
		{
			"name": "9,4",
			"from": [9, 4.53, 6.970000000000001],
			"to": [10, 5.58, 8.41],
			"shade": true,
			"faces": {
				"north": {"uv": [9, 4, 10, 5], "texture": "#rail"},
				"east": {"uv": [9, 4, 10, 5], "texture": "#rail"},
				"south": {"uv": [9, 4, 10, 5], "texture": "#rail"},
				"west": {"uv": [9, 4, 10, 5], "texture": "#rail"},
				"up": {"uv": [9, 4, 10, 5], "texture": "#rail"},
				"down": {"uv": [9, 4, 10, 5], "texture": "#rail"}
			},
			"rotation": {
				"origin": [16, 12.529999999999994, 13.97],
				"axis": "x",
				"angle": 45
			}
		},
		{
			"name": "10,0",
			"from": [10, 8.5, 2.9099999999999997],
			"to": [11, 9.55, 4.35],
			"shade": true,
			"faces": {
				"north": {"uv": [10, 0, 11, 1], "texture": "#rail"},
				"east": {"uv": [10, 0, 11, 1], "texture": "#rail"},
				"south": {"uv": [10, 0, 11, 1], "texture": "#rail"},
				"west": {"uv": [10, 0, 11, 1], "texture": "#rail"},
				"up": {"uv": [10, 0, 11, 1], "texture": "#rail"},
				"down": {"uv": [10, 0, 11, 1], "texture": "#rail"}
			},
			"rotation": {
				"origin": [17, 16.5, 9.91],
				"axis": "x",
				"angle": 45
			}
		},
		{
			"name": "10,1",
			"from": [10, 7.580000000000001, 3.9199999999999995],
			"to": [11, 8.63, 5.359999999999999],
			"shade": true,
			"faces": {
				"north": {"uv": [10, 1, 11, 2], "texture": "#rail"},
				"east": {"uv": [10, 1, 11, 2], "texture": "#rail"},
				"south": {"uv": [10, 1, 11, 2], "texture": "#rail"},
				"west": {"uv": [10, 1, 11, 2], "texture": "#rail"},
				"up": {"uv": [10, 1, 11, 2], "texture": "#rail"},
				"down": {"uv": [10, 1, 11, 2], "texture": "#rail"}
			},
			"rotation": {
				"origin": [17, 15.58, 10.92],
				"axis": "x",
				"angle": 45
			}
		},
		{
			"name": "10,2",
			"from": [10, 6.56, 4.940000000000001],
			"to": [11, 7.609999999999999, 6.380000000000001],
			"shade": true,
			"faces": {
				"north": {"uv": [10, 2, 11, 3], "texture": "#rail"},
				"east": {"uv": [10, 2, 11, 3], "texture": "#rail"},
				"south": {"uv": [10, 2, 11, 3], "texture": "#rail"},
				"west": {"uv": [10, 2, 11, 3], "texture": "#rail"},
				"up": {"uv": [10, 2, 11, 3], "texture": "#rail"},
				"down": {"uv": [10, 2, 11, 3], "texture": "#rail"}
			},
			"rotation": {
				"origin": [17, 14.559999999999997, 11.940000000000001],
				"axis": "x",
				"angle": 45
			}
		},
		{
			"name": "10,3",
			"from": [10, 5.54, 5.960000000000001],
			"to": [11, 6.59, 7.4],
			"shade": true,
			"faces": {
				"north": {"uv": [10, 3, 11, 4], "texture": "#rail"},
				"east": {"uv": [10, 3, 11, 4], "texture": "#rail"},
				"south": {"uv": [10, 3, 11, 4], "texture": "#rail"},
				"west": {"uv": [10, 3, 11, 4], "texture": "#rail"},
				"up": {"uv": [10, 3, 11, 4], "texture": "#rail"},
				"down": {"uv": [10, 3, 11, 4], "texture": "#rail"}
			},
			"rotation": {
				"origin": [17, 13.539999999999997, 12.96],
				"axis": "x",
				"angle": 45
			}
		},
		{
			"name": "10,4",
			"from": [10, 4.53, 6.970000000000001],
			"to": [11, 5.58, 8.41],
			"shade": true,
			"faces": {
				"north": {"uv": [10, 4, 11, 5], "texture": "#rail"},
				"east": {"uv": [10, 4, 11, 5], "texture": "#rail"},
				"south": {"uv": [10, 4, 11, 5], "texture": "#rail"},
				"west": {"uv": [10, 4, 11, 5], "texture": "#rail"},
				"up": {"uv": [10, 4, 11, 5], "texture": "#rail"},
				"down": {"uv": [10, 4, 11, 5], "texture": "#rail"}
			},
			"rotation": {
				"origin": [17, 12.529999999999994, 13.97],
				"axis": "x",
				"angle": 45
			}
		},
		{
			"name": "10,5",
			"from": [10, 3.51, 7.99],
			"to": [11, 4.56, 9.43],
			"shade": true,
			"faces": {
				"north": {"uv": [10, 5, 11, 6], "texture": "#rail"},
				"east": {"uv": [10, 5, 11, 6], "texture": "#rail"},
				"south": {"uv": [10, 5, 11, 6], "texture": "#rail"},
				"west": {"uv": [10, 5, 11, 6], "texture": "#rail"},
				"up": {"uv": [10, 5, 11, 6], "texture": "#rail"},
				"down": {"uv": [10, 5, 11, 6], "texture": "#rail"}
			},
			"rotation": {
				"origin": [17, 11.509999999999996, 14.99],
				"axis": "x",
				"angle": 45
			}
		},
		{
			"name": "10,6",
			"from": [10, 2.49, 9.01],
			"to": [11, 3.54, 10.44],
			"shade": true,
			"faces": {
				"north": {"uv": [10, 6, 11, 7], "texture": "#rail"},
				"east": {"uv": [10, 6, 11, 7], "texture": "#rail"},
				"south": {"uv": [10, 6, 11, 7], "texture": "#rail"},
				"west": {"uv": [10, 6, 11, 7], "texture": "#rail"},
				"up": {"uv": [10, 6, 11, 7], "texture": "#rail"},
				"down": {"uv": [10, 6, 11, 7], "texture": "#rail"}
			},
			"rotation": {
				"origin": [17, 10.489999999999993, 16.01],
				"axis": "x",
				"angle": 45
			}
		},
		{
			"name": "10,7",
			"from": [10, 1.4800000000000002, 10.02],
			"to": [11, 2.5300000000000002, 11.459999999999999],
			"shade": true,
			"faces": {
				"north": {"uv": [10, 7, 11, 8], "texture": "#rail"},
				"east": {"uv": [10, 7, 11, 8], "texture": "#rail"},
				"south": {"uv": [10, 7, 11, 8], "texture": "#rail"},
				"west": {"uv": [10, 7, 11, 8], "texture": "#rail"},
				"up": {"uv": [10, 7, 11, 8], "texture": "#rail"},
				"down": {"uv": [10, 7, 11, 8], "texture": "#rail"}
			},
			"rotation": {
				"origin": [17, 9.479999999999993, 17.020000000000003],
				"axis": "x",
				"angle": 45
			}
		},
		{
			"name": "10,8",
			"from": [10, 0.45999999999999996, 11.04],
			"to": [11, 1.51, 12.479999999999999],
			"shade": true,
			"faces": {
				"north": {"uv": [10, 8, 11, 9], "texture": "#rail"},
				"east": {"uv": [10, 8, 11, 9], "texture": "#rail"},
				"south": {"uv": [10, 8, 11, 9], "texture": "#rail"},
				"west": {"uv": [10, 8, 11, 9], "texture": "#rail"},
				"up": {"uv": [10, 8, 11, 9], "texture": "#rail"},
				"down": {"uv": [10, 8, 11, 9], "texture": "#rail"}
			},
			"rotation": {
				"origin": [17, 8.459999999999994, 18.04],
				"axis": "x",
				"angle": 45
			}
		},
		{
			"name": "10,9",
			"from": [10, -0.56, 12.06],
			"to": [11, 0.49, 13.5],
			"shade": true,
			"faces": {
				"north": {"uv": [10, 9, 11, 10], "texture": "#rail"},
				"east": {"uv": [10, 9, 11, 10], "texture": "#rail"},
				"south": {"uv": [10, 9, 11, 10], "texture": "#rail"},
				"west": {"uv": [10, 9, 11, 10], "texture": "#rail"},
				"up": {"uv": [10, 9, 11, 10], "texture": "#rail"},
				"down": {"uv": [10, 9, 11, 10], "texture": "#rail"}
			},
			"rotation": {
				"origin": [17, 7.439999999999994, 19.060000000000002],
				"axis": "x",
				"angle": 45
			}
		},
		{
			"name": "10,10",
			"from": [10, -1.57, 13.07],
			"to": [11, -0.52, 14.51],
			"shade": true,
			"faces": {
				"north": {"uv": [10, 10, 11, 11], "texture": "#rail"},
				"east": {"uv": [10, 10, 11, 11], "texture": "#rail"},
				"south": {"uv": [10, 10, 11, 11], "texture": "#rail"},
				"west": {"uv": [10, 10, 11, 11], "texture": "#rail"},
				"up": {"uv": [10, 10, 11, 11], "texture": "#rail"},
				"down": {"uv": [10, 10, 11, 11], "texture": "#rail"}
			},
			"rotation": {
				"origin": [17, 6.429999999999994, 20.07],
				"axis": "x",
				"angle": 45
			}
		},
		{
			"name": "10,11",
			"from": [10, -2.59, 14.09],
			"to": [11, -1.5399999999999998, 15.53],
			"shade": true,
			"faces": {
				"north": {"uv": [10, 11, 11, 12], "texture": "#rail"},
				"east": {"uv": [10, 11, 11, 12], "texture": "#rail"},
				"south": {"uv": [10, 11, 11, 12], "texture": "#rail"},
				"west": {"uv": [10, 11, 11, 12], "texture": "#rail"},
				"up": {"uv": [10, 11, 11, 12], "texture": "#rail"},
				"down": {"uv": [10, 11, 11, 12], "texture": "#rail"}
			},
			"rotation": {
				"origin": [17, 5.409999999999995, 21.090000000000003],
				"axis": "x",
				"angle": 45
			}
		},
		{
			"name": "10,12",
			"from": [10, -3.6099999999999994, 15.110000000000001],
			"to": [11, -2.5599999999999996, 16.55],
			"shade": true,
			"faces": {
				"north": {"uv": [10, 12, 11, 13], "texture": "#rail"},
				"east": {"uv": [10, 12, 11, 13], "texture": "#rail"},
				"south": {"uv": [10, 12, 11, 13], "texture": "#rail"},
				"west": {"uv": [10, 12, 11, 13], "texture": "#rail"},
				"up": {"uv": [10, 12, 11, 13], "texture": "#rail"},
				"down": {"uv": [10, 12, 11, 13], "texture": "#rail"}
			},
			"rotation": {
				"origin": [17, 4.389999999999995, 22.11],
				"axis": "x",
				"angle": 45
			}
		},
		{
			"name": "10,13",
			"from": [10, -4.63, 16.13],
			"to": [11, -3.58, 17.57],
			"shade": true,
			"faces": {
				"north": {"uv": [10, 13, 11, 14], "texture": "#rail"},
				"east": {"uv": [10, 13, 11, 14], "texture": "#rail"},
				"south": {"uv": [10, 13, 11, 14], "texture": "#rail"},
				"west": {"uv": [10, 13, 11, 14], "texture": "#rail"},
				"up": {"uv": [10, 13, 11, 14], "texture": "#rail"},
				"down": {"uv": [10, 13, 11, 14], "texture": "#rail"}
			},
			"rotation": {
				"origin": [17, 3.3699999999999948, 23.13],
				"axis": "x",
				"angle": 45
			}
		},
		{
			"name": "10,14",
			"from": [10, -5.65, 17.15],
			"to": [11, -4.6000000000000005, 18.59],
			"shade": true,
			"faces": {
				"north": {"uv": [10, 14, 11, 15], "texture": "#rail"},
				"east": {"uv": [10, 14, 11, 15], "texture": "#rail"},
				"south": {"uv": [10, 14, 11, 15], "texture": "#rail"},
				"west": {"uv": [10, 14, 11, 15], "texture": "#rail"},
				"up": {"uv": [10, 14, 11, 15], "texture": "#rail"},
				"down": {"uv": [10, 14, 11, 15], "texture": "#rail"}
			},
			"rotation": {
				"origin": [17, 2.3499999999999943, 24.15],
				"axis": "x",
				"angle": 45
			}
		},
		{
			"name": "10,15",
			"from": [10, -6.66, 18.16],
			"to": [11, -5.61, 19.59],
			"shade": true,
			"faces": {
				"north": {"uv": [10, 15, 11, 16], "texture": "#rail"},
				"east": {"uv": [10, 15, 11, 16], "texture": "#rail"},
				"south": {"uv": [10, 15, 11, 16], "texture": "#rail"},
				"west": {"uv": [10, 15, 11, 16], "texture": "#rail"},
				"up": {"uv": [10, 15, 11, 16], "texture": "#rail"},
				"down": {"uv": [10, 15, 11, 16], "texture": "#rail"}
			},
			"rotation": {
				"origin": [17, 1.3399999999999945, 25.16],
				"axis": "x",
				"angle": 45
			}
		},
		{
			"name": "11,14",
			"from": [11, -5.65, 17.15],
			"to": [12, -4.6000000000000005, 18.59],
			"shade": true,
			"faces": {
				"north": {"uv": [11, 14, 12, 15], "texture": "#rail"},
				"east": {"uv": [11, 14, 12, 15], "texture": "#rail"},
				"south": {"uv": [11, 14, 12, 15], "texture": "#rail"},
				"west": {"uv": [11, 14, 12, 15], "texture": "#rail"},
				"up": {"uv": [11, 14, 12, 15], "texture": "#rail"},
				"down": {"uv": [11, 14, 12, 15], "texture": "#rail"}
			},
			"rotation": {
				"origin": [18, 2.3499999999999943, 24.15],
				"axis": "x",
				"angle": 45
			}
		},
		{
			"name": "11,13",
			"from": [11, -4.63, 16.13],
			"to": [12, -3.58, 17.57],
			"shade": true,
			"faces": {
				"north": {"uv": [11, 13, 12, 14], "texture": "#rail"},
				"east": {"uv": [11, 13, 12, 14], "texture": "#rail"},
				"south": {"uv": [11, 13, 12, 14], "texture": "#rail"},
				"west": {"uv": [11, 13, 12, 14], "texture": "#rail"},
				"up": {"uv": [11, 13, 12, 14], "texture": "#rail"},
				"down": {"uv": [11, 13, 12, 14], "texture": "#rail"}
			},
			"rotation": {
				"origin": [18, 3.3699999999999948, 23.13],
				"axis": "x",
				"angle": 45
			}
		},
		{
			"name": "11,12",
			"from": [11, -3.6099999999999994, 15.110000000000001],
			"to": [12, -2.5599999999999996, 16.55],
			"shade": true,
			"faces": {
				"north": {"uv": [11, 12, 12, 13], "texture": "#rail"},
				"east": {"uv": [11, 12, 12, 13], "texture": "#rail"},
				"south": {"uv": [11, 12, 12, 13], "texture": "#rail"},
				"west": {"uv": [11, 12, 12, 13], "texture": "#rail"},
				"up": {"uv": [11, 12, 12, 13], "texture": "#rail"},
				"down": {"uv": [11, 12, 12, 13], "texture": "#rail"}
			},
			"rotation": {
				"origin": [18, 4.389999999999995, 22.11],
				"axis": "x",
				"angle": 45
			}
		},
		{
			"name": "11,11",
			"from": [11, -2.59, 14.09],
			"to": [12, -1.5399999999999998, 15.53],
			"shade": true,
			"faces": {
				"north": {"uv": [11, 11, 12, 12], "texture": "#rail"},
				"east": {"uv": [11, 11, 12, 12], "texture": "#rail"},
				"south": {"uv": [11, 11, 12, 12], "texture": "#rail"},
				"west": {"uv": [11, 11, 12, 12], "texture": "#rail"},
				"up": {"uv": [11, 11, 12, 12], "texture": "#rail"},
				"down": {"uv": [11, 11, 12, 12], "texture": "#rail"}
			},
			"rotation": {
				"origin": [18, 5.409999999999995, 21.090000000000003],
				"axis": "x",
				"angle": 45
			}
		},
		{
			"name": "11,10",
			"from": [11, -1.57, 13.07],
			"to": [12, -0.52, 14.51],
			"shade": true,
			"faces": {
				"north": {"uv": [11, 10, 12, 11], "texture": "#rail"},
				"east": {"uv": [11, 10, 12, 11], "texture": "#rail"},
				"south": {"uv": [11, 10, 12, 11], "texture": "#rail"},
				"west": {"uv": [11, 10, 12, 11], "texture": "#rail"},
				"up": {"uv": [11, 10, 12, 11], "texture": "#rail"},
				"down": {"uv": [11, 10, 12, 11], "texture": "#rail"}
			},
			"rotation": {
				"origin": [18, 6.429999999999994, 20.07],
				"axis": "x",
				"angle": 45
			}
		},
		{
			"name": "11,9",
			"from": [11, -0.56, 12.06],
			"to": [12, 0.49, 13.5],
			"shade": true,
			"faces": {
				"north": {"uv": [11, 9, 12, 10], "texture": "#rail"},
				"east": {"uv": [11, 9, 12, 10], "texture": "#rail"},
				"south": {"uv": [11, 9, 12, 10], "texture": "#rail"},
				"west": {"uv": [11, 9, 12, 10], "texture": "#rail"},
				"up": {"uv": [11, 9, 12, 10], "texture": "#rail"},
				"down": {"uv": [11, 9, 12, 10], "texture": "#rail"}
			},
			"rotation": {
				"origin": [18, 7.439999999999994, 19.060000000000002],
				"axis": "x",
				"angle": 45
			}
		},
		{
			"name": "11,8",
			"from": [11, 0.45999999999999996, 11.04],
			"to": [12, 1.51, 12.479999999999999],
			"shade": true,
			"faces": {
				"north": {"uv": [11, 8, 12, 9], "texture": "#rail"},
				"east": {"uv": [11, 8, 12, 9], "texture": "#rail"},
				"south": {"uv": [11, 8, 12, 9], "texture": "#rail"},
				"west": {"uv": [11, 8, 12, 9], "texture": "#rail"},
				"up": {"uv": [11, 8, 12, 9], "texture": "#rail"},
				"down": {"uv": [11, 8, 12, 9], "texture": "#rail"}
			},
			"rotation": {
				"origin": [18, 8.459999999999994, 18.04],
				"axis": "x",
				"angle": 45
			}
		},
		{
			"name": "11,7",
			"from": [11, 1.4800000000000002, 10.02],
			"to": [12, 2.5300000000000002, 11.459999999999999],
			"shade": true,
			"faces": {
				"north": {"uv": [11, 7, 12, 8], "texture": "#rail"},
				"east": {"uv": [11, 7, 12, 8], "texture": "#rail"},
				"south": {"uv": [11, 7, 12, 8], "texture": "#rail"},
				"west": {"uv": [11, 7, 12, 8], "texture": "#rail"},
				"up": {"uv": [11, 7, 12, 8], "texture": "#rail"},
				"down": {"uv": [11, 7, 12, 8], "texture": "#rail"}
			},
			"rotation": {
				"origin": [18, 9.479999999999993, 17.020000000000003],
				"axis": "x",
				"angle": 45
			}
		},
		{
			"name": "11,6",
			"from": [11, 2.49, 9.01],
			"to": [12, 3.54, 10.44],
			"shade": true,
			"faces": {
				"north": {"uv": [11, 6, 12, 7], "texture": "#rail"},
				"east": {"uv": [11, 6, 12, 7], "texture": "#rail"},
				"south": {"uv": [11, 6, 12, 7], "texture": "#rail"},
				"west": {"uv": [11, 6, 12, 7], "texture": "#rail"},
				"up": {"uv": [11, 6, 12, 7], "texture": "#rail"},
				"down": {"uv": [11, 6, 12, 7], "texture": "#rail"}
			},
			"rotation": {
				"origin": [18, 10.489999999999993, 16.01],
				"axis": "x",
				"angle": 45
			}
		},
		{
			"name": "11,5",
			"from": [11, 3.51, 7.99],
			"to": [12, 4.56, 9.43],
			"shade": true,
			"faces": {
				"north": {"uv": [11, 5, 12, 6], "texture": "#rail"},
				"east": {"uv": [11, 5, 12, 6], "texture": "#rail"},
				"south": {"uv": [11, 5, 12, 6], "texture": "#rail"},
				"west": {"uv": [11, 5, 12, 6], "texture": "#rail"},
				"up": {"uv": [11, 5, 12, 6], "texture": "#rail"},
				"down": {"uv": [11, 5, 12, 6], "texture": "#rail"}
			},
			"rotation": {
				"origin": [18, 11.509999999999996, 14.99],
				"axis": "x",
				"angle": 45
			}
		},
		{
			"name": "11,1",
			"from": [11, 7.580000000000001, 3.9199999999999995],
			"to": [12, 8.63, 5.359999999999999],
			"shade": true,
			"faces": {
				"north": {"uv": [11, 1, 12, 2], "texture": "#rail"},
				"east": {"uv": [11, 1, 12, 2], "texture": "#rail"},
				"south": {"uv": [11, 1, 12, 2], "texture": "#rail"},
				"west": {"uv": [11, 1, 12, 2], "texture": "#rail"},
				"up": {"uv": [11, 1, 12, 2], "texture": "#rail"},
				"down": {"uv": [11, 1, 12, 2], "texture": "#rail"}
			},
			"rotation": {
				"origin": [18, 15.58, 10.92],
				"axis": "x",
				"angle": 45
			}
		},
		{
			"name": "11,2",
			"from": [11, 6.56, 4.940000000000001],
			"to": [12, 7.609999999999999, 6.380000000000001],
			"shade": true,
			"faces": {
				"north": {"uv": [11, 2, 12, 3], "texture": "#rail"},
				"east": {"uv": [11, 2, 12, 3], "texture": "#rail"},
				"south": {"uv": [11, 2, 12, 3], "texture": "#rail"},
				"west": {"uv": [11, 2, 12, 3], "texture": "#rail"},
				"up": {"uv": [11, 2, 12, 3], "texture": "#rail"},
				"down": {"uv": [11, 2, 12, 3], "texture": "#rail"}
			},
			"rotation": {
				"origin": [18, 14.559999999999997, 11.940000000000001],
				"axis": "x",
				"angle": 45
			}
		},
		{
			"name": "11,3",
			"from": [11, 5.54, 5.960000000000001],
			"to": [12, 6.59, 7.4],
			"shade": true,
			"faces": {
				"north": {"uv": [11, 3, 12, 4], "texture": "#rail"},
				"east": {"uv": [11, 3, 12, 4], "texture": "#rail"},
				"south": {"uv": [11, 3, 12, 4], "texture": "#rail"},
				"west": {"uv": [11, 3, 12, 4], "texture": "#rail"},
				"up": {"uv": [11, 3, 12, 4], "texture": "#rail"},
				"down": {"uv": [11, 3, 12, 4], "texture": "#rail"}
			},
			"rotation": {
				"origin": [18, 13.539999999999997, 12.96],
				"axis": "x",
				"angle": 45
			}
		},
		{
			"name": "11,4",
			"from": [11, 4.53, 6.970000000000001],
			"to": [12, 5.58, 8.41],
			"shade": true,
			"faces": {
				"north": {"uv": [11, 4, 12, 5], "texture": "#rail"},
				"east": {"uv": [11, 4, 12, 5], "texture": "#rail"},
				"south": {"uv": [11, 4, 12, 5], "texture": "#rail"},
				"west": {"uv": [11, 4, 12, 5], "texture": "#rail"},
				"up": {"uv": [11, 4, 12, 5], "texture": "#rail"},
				"down": {"uv": [11, 4, 12, 5], "texture": "#rail"}
			},
			"rotation": {
				"origin": [18, 12.529999999999994, 13.97],
				"axis": "x",
				"angle": 45
			}
		}
	],
	"display": {
		"thirdperson_righthand": {
			"rotation": [0, 0, 0],
			"translation": [-0.5, 0, 0],
			"scale": [1, 0, 0]
		},
		"thirdperson_lefthand": {},
		"firstperson_righthand": {},
		"firstperson_lefthand": {},
		"head": {},
		"ground": {},
		"fixed": {},
		"gui": {}
	}
}
