{
	"format_version": "1.10.0",
	"geometry.model": {
		"texturewidth": 64,
		"textureheight": 64,
		"visible_bounds_width": 2,
		"visible_bounds_height": 2,
		"visible_bounds_offset": [0, 1, 0],
		"bones": [
			{
				"name": "head",
				"pivot": [0, 16.4, 0.1],
				"cubes": [
					{"origin": [-3, 16.2, -2.9], "size": [6, 6, 6], "uv": [0, 0], "inflate": -0.25},
					{"origin": [-3, 16.2, -2.9], "size": [6, 6, 6], "uv": [25, 0], "inflate": -0.05}
				]
			},
			{
				"name": "bone19",
				"parent": "head",
				"pivot": [0, 16.4, 0.1],
				"cubes": [
					{"origin": [2.6, 20.4, 0], "size": [3, 2, 3], "uv": [47, 12], "inflate": -0.2},
					{"origin": [3.1, 20.5, 0.5], "size": [2, 2, 2], "uv": [49, 18], "mirror": true}
				]
			},
			{
				"name": "bone20",
				"parent": "bone19",
				"pivot": [4.4, 19.8, 1.2],
				"rotation": [5, 0, -5],
				"cubes": [
					{"origin": [2.68716, 19.1924, 0.08682], "size": [3, 2, 3], "uv": [47, 12], "inflate": -0.3, "mirror": true},
					{"origin": [3.18716, 18.1924, 0.58682], "size": [2, 2, 2], "uv": [49, 18], "mirror": true},
					{"origin": [3.18716, 16.7924, 0.58682], "size": [2, 2, 2], "uv": [49, 22], "inflate": -0.1, "mirror": true}
				]
			},
			{
				"name": "bone21",
				"parent": "bone20",
				"pivot": [4, 16.1, 1.3],
				"cubes": [
					{"origin": [3.68716, 16.0424, 1.08682], "size": [1, 1, 1], "uv": [50, 26], "inflate": 0.1, "mirror": true}
				]
			},
			{
				"name": "bone22",
				"parent": "head",
				"pivot": [0, 16.4, 0.1],
				"cubes": [
					{"origin": [-5.6, 20.4, 0], "size": [3, 2, 3], "uv": [47, 12], "inflate": -0.2, "mirror": true},
					{"origin": [-5.1, 20.5, 0.5], "size": [2, 2, 2], "uv": [49, 18]}
				]
			},
			{
				"name": "bone23",
				"parent": "bone22",
				"pivot": [-4.4, 19.8, 1.2],
				"rotation": [5, 0, 5],
				"cubes": [
					{"origin": [-5.68716, 19.1924, 0.08682], "size": [3, 2, 3], "uv": [47, 12], "inflate": -0.3},
					{"origin": [-5.18716, 18.1924, 0.58682], "size": [2, 2, 2], "uv": [49, 18]},
					{"origin": [-5.18716, 16.7924, 0.58682], "size": [2, 2, 2], "uv": [49, 22], "inflate": -0.1}
				]
			},
			{
				"name": "bone24",
				"parent": "bone23",
				"pivot": [-4, 16.1, 1.3],
				"cubes": [
					{"origin": [-4.68716, 16.0424, 1.08682], "size": [1, 1, 1], "uv": [50, 26], "inflate": 0.1}
				]
			},
			{
				"name": "bone18",
				"parent": "head",
				"pivot": [0, 16.4, 0.1]
			},
			{
				"name": "bone25",
				"parent": "head",
				"pivot": [3.5, 21.7, 0.4],
				"rotation": [-10, -15, 0],
				"cubes": [
					{"origin": [2.5, 18.1, -1.6], "size": [1, 5, 3], "uv": [34, 42], "inflate": -0.5, "mirror": true}
				]
			},
			{
				"name": "bone27",
				"parent": "head",
				"pivot": [-3.5, 21.7, 0.4],
				"rotation": [-10, 15, 0],
				"cubes": [
					{"origin": [-3.5, 18.1, -1.6], "size": [1, 5, 3], "uv": [34, 42], "inflate": -0.5}
				]
			},
			{
				"name": "bone26",
				"parent": "head",
				"pivot": [3.5, 21.7, 1.7],
				"rotation": [10, 15, 0],
				"cubes": [
					{"origin": [2.5, 18.1, 0.7], "size": [1, 5, 3], "uv": [22, 42], "inflate": -0.5, "mirror": true}
				]
			},
			{
				"name": "bone28",
				"parent": "head",
				"pivot": [-3.5, 21.7, 1.7],
				"rotation": [10, -15, 0],
				"cubes": [
					{"origin": [-3.5, 18.1, 0.7], "size": [1, 5, 3], "uv": [22, 42], "inflate": -0.5}
				]
			},
			{
				"name": "blink",
				"parent": "head",
				"pivot": [0, 16.4, 0.1],
				"cubes": [
					{"origin": [-3, 16.2, -2.9], "size": [6, 6, 6], "uv": [33, 51], "inflate": -0.25}
				]
			},
			{
				"name": "body",
				"pivot": [0, 15, 0],
				"cubes": [
					{"origin": [-2, 10, -1.1], "size": [4, 1, 2], "uv": [8, 35], "inflate": 0.1},
					{"origin": [-2, 11, -1.1], "size": [4, 1, 2], "uv": [0, 32]},
					{"origin": [-2, 14, -1.1], "size": [4, 2, 2], "uv": [8, 27], "inflate": -0.1},
					{"origin": [-1.8, 11.5, -1.1], "size": [2, 3, 2], "uv": [0, 26], "inflate": -0.2},
					{"origin": [-0.2, 11.5, -1.1], "size": [2, 3, 2], "uv": [0, 26], "inflate": -0.2},
					{"origin": [-2.1, 11.7, 0.2], "size": [4, 1, 1], "uv": [5, 23], "inflate": -0.45},
					{"origin": [-2.1, 11.7, -0.8], "size": [1, 1, 2], "uv": [5, 22], "inflate": -0.45},
					{"origin": [1.1, 11.7, -0.8], "size": [1, 1, 2], "uv": [5, 22], "inflate": -0.45},
					{"origin": [-2.1, 11.7, -1.3], "size": [1, 1, 2], "uv": [5, 22], "inflate": -0.45},
					{"origin": [1.1, 11.7, -1.3], "size": [1, 1, 2], "uv": [5, 22], "inflate": -0.45},
					{"origin": [-1.9, 11.7, 0.2], "size": [4, 1, 1], "uv": [5, 23], "inflate": -0.45},
					{"origin": [-1.9, 11.7, -1.4], "size": [4, 1, 1], "uv": [5, 23], "inflate": -0.45},
					{"origin": [-1, 12.4, -1.3], "size": [1, 1, 1], "uv": [0, 23], "inflate": -0.35},
					{"origin": [0, 12.4, -1.3], "size": [1, 1, 1], "uv": [0, 23], "inflate": -0.35},
					{"origin": [-1.9, 11.8, -1.4], "size": [1, 3, 1], "uv": [7, 21], "inflate": -0.45},
					{"origin": [-1, 14.4, -1], "size": [2, 2, 2], "uv": [0, 18], "inflate": -0.2},
					{"origin": [-1, 14.7, -1], "size": [2, 2, 2], "uv": [10, 18], "inflate": -0.35}
				]
			},
			{
				"name": "bone7",
				"parent": "body",
				"pivot": [1.5, 12.2, -1.3],
				"rotation": [0, -10, -5],
				"cubes": [
					{"origin": [0.29681, 9.20381, -1.38335], "size": [2, 2, 1], "uv": [9, 39]}
				]
			},
			{
				"name": "bone6",
				"parent": "body",
				"pivot": [-1.6, 12.2, -1.3],
				"rotation": [0, 10, 5],
				"cubes": [
					{"origin": [-2.2987, 9.21253, -1.36605], "size": [2, 2, 1], "uv": [9, 39]}
				]
			},
			{
				"name": "bone8",
				"parent": "body",
				"pivot": [-2.4, 12.2, -0.6],
				"rotation": [0, 75, 10],
				"cubes": [
					{"origin": [-3.48164, 9.21519, -0.32662], "size": [2, 2, 1], "uv": [9, 39]}
				]
			},
			{
				"name": "bone9",
				"parent": "body",
				"pivot": [2.4, 12.2, -0.35],
				"rotation": [0, -75, -10],
				"cubes": [
					{"origin": [1.25506, 9.21519, -0.18227], "size": [2, 2, 1], "uv": [9, 39]}
				]
			},
			{
				"name": "bone5",
				"parent": "body",
				"pivot": [0, 12.2, -1.4],
				"rotation": [-10, 0, 0],
				"cubes": [
					{"origin": [-1, 9.19783, -1.32483], "size": [2, 2, 1], "uv": [9, 39]}
				]
			},
			{
				"name": "bone10",
				"parent": "body",
				"pivot": [0, 12.2, 1.3],
				"rotation": [-20, 180, 0],
				"cubes": [
					{"origin": [-1, 9.22611, 1.54805], "size": [2, 2, 1], "uv": [9, 39]}
				]
			},
			{
				"name": "bone11",
				"parent": "body",
				"pivot": [1.5, 12.2, 1.2],
				"rotation": [-20, -165, 0],
				"cubes": [
					{"origin": [0.5, 9.26031, 1.54202], "size": [2, 2, 1], "uv": [9, 39]}
				]
			},
			{
				"name": "bone13",
				"parent": "body",
				"pivot": [2.2, 12.2, 0.6],
				"rotation": [-20, -105, 0],
				"cubes": [
					{"origin": [1.2, 9.26031, 0.94202], "size": [2, 2, 1], "uv": [9, 39]}
				]
			},
			{
				"name": "bone14",
				"parent": "body",
				"pivot": [-2.3, 12.2, 0.6],
				"rotation": [-20, 105, 0],
				"cubes": [
					{"origin": [-3.3342, 9.29245, 1.03032], "size": [2, 2, 1], "uv": [9, 39]}
				]
			},
			{
				"name": "bone12",
				"parent": "body",
				"pivot": [-1.5, 12.2, 1.3],
				"rotation": [-20, 165, 0],
				"cubes": [
					{"origin": [-2.47412, 9.29335, 1.73279], "size": [2, 2, 1], "uv": [9, 39]}
				]
			},
			{
				"name": "bone15",
				"parent": "body",
				"pivot": [0, 16.7, -1],
				"rotation": [-15, 0, 0],
				"cubes": [
					{"origin": [-1.5, 13.73407, -0.74118], "size": [3, 2, 1], "uv": [20, 28]},
					{"origin": [0, 13.6, -1.1], "size": [1, 1, 1], "uv": [0, 23], "inflate": -0.35},
					{"origin": [-1, 13.6, -1.1], "size": [1, 1, 1], "uv": [0, 23], "inflate": -0.35},
					{"origin": [-1.9, 13.27, -1.2], "size": [1, 2, 1], "uv": [7, 22], "inflate": -0.45},
					{"origin": [0.8, 15.07, -1.2], "size": [1, 1, 1], "uv": [7, 22], "inflate": -0.45},
					{"origin": [-1.9, 15.07, -1.2], "size": [1, 1, 1], "uv": [7, 22], "inflate": -0.45},
					{"origin": [-1.9, 14.97, -1.2], "size": [1, 1, 1], "uv": [7, 22], "inflate": -0.45},
					{"origin": [0.8, 15.17, -1.2], "size": [1, 1, 1], "uv": [7, 22], "inflate": -0.45},
					{"origin": [-1.9, 15.17, -1.2], "size": [1, 1, 1], "uv": [7, 22], "inflate": -0.45},
					{"origin": [0.8, 15.27, -1.2], "size": [1, 1, 1], "uv": [7, 22], "inflate": -0.45},
					{"origin": [-1.9, 15.27, -1.2], "size": [1, 1, 1], "uv": [7, 22], "inflate": -0.45}
				]
			},
			{
				"name": "bone16",
				"parent": "bone15",
				"pivot": [-1.4, 14.7, -0.7],
				"rotation": [0, 0, 75],
				"cubes": [
					{"origin": [-2, 14.27, -1.2], "size": [1, 3, 1], "uv": [7, 21], "inflate": -0.45},
					{"origin": [-2, 14.97, -1.2], "size": [1, 3, 1], "uv": [7, 21], "inflate": -0.45}
				]
			},
			{
				"name": "bone17",
				"parent": "bone15",
				"pivot": [1.6, 14.7, -0.7],
				"rotation": [0, 0, -75],
				"cubes": [
					{"origin": [1, 16.27, -1.2], "size": [1, 2, 1], "uv": [7, 22], "inflate": -0.45}
				]
			},
			{
				"name": "armLeft",
				"pivot": [2, 16, 0]
			},
			{
				"name": "subArmLeft",
				"parent": "armLeft",
				"pivot": [2, 16, 0],
				"cubes": [
					{"origin": [1.5, 15.1, -1], "size": [2, 1, 2], "uv": [17, 21], "inflate": -0.15},
					{"origin": [0, 12.6, -2.5], "size": [5, 5, 5], "uv": [33, 29], "inflate": -1.6},
					{"origin": [1.6, 10.7, -1], "size": [2, 5, 2], "uv": [30, 27], "inflate": -0.35},
					{"origin": [1.6, 11.3, -1], "size": [2, 3, 2], "uv": [23, 35], "inflate": -0.3},
					{"origin": [1.5, 14.6, -1.01], "size": [2, 1, 2], "uv": [25, 21], "inflate": -0.2},
					{"origin": [0.5, 13.32, -2.015], "size": [4, 3, 4], "uv": [29, 20], "inflate": -1.19}
				]
			},
			{
				"name": "armRight",
				"pivot": [-2, 16, 0]
			},
			{
				"name": "subArmRight",
				"parent": "armRight",
				"pivot": [-2, 16, 0],
				"cubes": [
					{"origin": [-3.5, 15.1, -1], "size": [2, 1, 2], "uv": [17, 21], "inflate": -0.15, "mirror": true},
					{"origin": [-5, 12.6, -2.5], "size": [5, 5, 5], "uv": [33, 29], "inflate": -1.6, "mirror": true},
					{"origin": [-3.6, 10.7, -1], "size": [2, 5, 2], "uv": [30, 27], "inflate": -0.35, "mirror": true},
					{"origin": [-3.6, 11.3, -1], "size": [2, 3, 2], "uv": [23, 35], "inflate": -0.3, "mirror": true},
					{"origin": [-3.5, 14.6, -1.01], "size": [2, 1, 2], "uv": [25, 21], "inflate": -0.2, "mirror": true},
					{"origin": [-4.5, 13.32, -2.015], "size": [4, 3, 4], "uv": [29, 20], "inflate": -1.19, "mirror": true}
				]
			},
			{
				"name": "legLeft",
				"pivot": [1.1, 10, 0]
			},
			{
				"name": "bone2",
				"parent": "legLeft",
				"pivot": [0.1, 7.5, -0.7],
				"rotation": [5, 5, 0],
				"cubes": [
					{"origin": [0, 6.50381, -0.88716], "size": [2, 4, 2], "uv": [0, 35], "inflate": -0.201}
				]
			},
			{
				"name": "bone",
				"parent": "bone2",
				"pivot": [0.1, 7.5, -0.7],
				"rotation": [5, 0, 0],
				"cubes": [
					{"origin": [0, 1.01519, -1.97365], "size": [2, 2, 3], "uv": [0, 47], "inflate": -0.2},
					{"origin": [0, 2.91519, -0.97365], "size": [2, 4, 2], "uv": [0, 41], "inflate": -0.2},
					{"origin": [-1, 1.11519, -1.97365], "size": [4, 4, 4], "uv": [0, 48], "inflate": -1.3}
				]
			},
			{
				"name": "legRight",
				"pivot": [-1.1, 10, 0]
			},
			{
				"name": "bone3",
				"parent": "legRight",
				"pivot": [-0.1, 7.5, -0.7],
				"rotation": [5, -5, 0],
				"cubes": [
					{"origin": [-2, 6.50381, -0.88716], "size": [2, 4, 2], "uv": [0, 35], "inflate": -0.201, "mirror": true}
				]
			},
			{
				"name": "bone4",
				"parent": "bone3",
				"pivot": [-0.1, 7.5, -0.7],
				"rotation": [5, 0, 0],
				"cubes": [
					{"origin": [-2, 1.01519, -1.97365], "size": [2, 2, 3], "uv": [0, 47], "inflate": -0.2, "mirror": true},
					{"origin": [-2, 2.91519, -0.97365], "size": [2, 4, 2], "uv": [0, 41], "inflate": -0.2, "mirror": true},
					{"origin": [-3, 1.11519, -1.97365], "size": [4, 4, 4], "uv": [0, 48], "inflate": -1.3, "mirror": true}
				]
			}
		]
	}
}