{
	"format_version": "1.10.0",
	"geometry.model": {
		"texturewidth": 64,
		"textureheight": 64,
		"visible_bounds_width": 2,
		"visible_bounds_height": 2,
		"visible_bounds_offset": [0, 1, 0],
		"bones": [
			{
				"name": "head",
				"pivot": [0, 17.4, 0.6],
				"cubes": [
					{"origin": [-3, 17.1, -2.4], "size": [6, 6, 6], "uv": [0, 0], "inflate": -0.2},
					{"origin": [-3, 17.1, -2.4], "size": [6, 6, 6], "uv": [26, 0], "inflate": -0.05},
					{"origin": [-1, 13.9, 2.41], "size": [2, 4, 1], "uv": [38, 13], "inflate": -0.1},
					{"origin": [-1, 6.1, 2.41], "size": [2, 8, 1], "uv": [38, 13], "inflate": -0.1},
					{"origin": [2.3, 15.1, -1.4], "size": [1, 3, 1], "uv": [53, 2], "inflate": -0.15}
				]
			},
			{
				"name": "blink",
				"parent": "head",
				"pivot": [0, 14.4, 0.1],
				"cubes": [
					{"origin": [-3, 17.1, -2.41], "size": [6, 6, 6], "uv": [37, 45], "inflate": -0.2}
				]
			},
			{
				"name": "bone",
				"parent": "head",
				"pivot": [-3, 17.4, 0.6],
				"rotation": [0, 0, -25],
				"cubes": [
					{"origin": [-3.1, 13.3, 2.4], "size": [2, 4, 1], "uv": [38, 13], "inflate": -0.1, "mirror": true}
				]
			},
			{
				"name": "bone2",
				"parent": "head",
				"pivot": [3, 17.4, 0.6],
				"rotation": [0, 0, 25],
				"cubes": [
					{"origin": [1.1, 13.4, 2.4], "size": [2, 4, 1], "uv": [38, 13], "inflate": -0.1}
				]
			},
			{
				"name": "body",
				"pivot": [0, 10, 0],
				"cubes": [
					{"origin": [-2, 9, -0.5], "size": [4, 2, 2], "uv": [0, 30], "inflate": 0.1},
					{"origin": [-1.8, 11, -0.5], "size": [3, 3, 2], "uv": [0, 25], "inflate": -0.1},
					{"origin": [-2.05, 13.8, -1], "size": [4, 3, 3], "uv": [0, 19], "inflate": -0.1},
					{"origin": [-2.05, 14.3, -1.3], "size": [4, 4, 4], "uv": [26, 18], "inflate": -1.1},
					{"origin": [-1.05, 15.5, -0.3], "size": [2, 2, 2], "uv": [0, 56], "inflate": -0.2},
					{"origin": [-3.05, 12.6, 0.01], "size": [4, 5, 3], "uv": [12, 26], "inflate": -1},
					{"origin": [-0.95, 12.6, 0.01], "size": [4, 5, 3], "uv": [12, 26], "inflate": -1, "mirror": true},
					{"origin": [-1.55, 10.4, -1], "size": [3, 4, 3], "uv": [11, 37], "inflate": -0.5},
					{"origin": [-1.55, 12.7, -1.1], "size": [3, 2, 3.2], "uv": [11, 37], "inflate": -0.5},
					{"origin": [-1.55, 13.2, -1.5], "size": [3, 4, 4], "uv": [23, 37], "inflate": -0.5},
					{"origin": [-1.35, 15.7, -1.45], "size": [1, 1, 1], "uv": [0, 43], "inflate": -0.4},
					{"origin": [-1.35, 13.9, -1.45], "size": [1, 1, 1], "uv": [0, 43], "inflate": -0.4},
					{"origin": [0.35, 15.7, -1.45], "size": [1, 1, 1], "uv": [0, 43], "inflate": -0.4, "mirror": true},
					{"origin": [0.35, 13.9, -1.45], "size": [1, 1, 1], "uv": [0, 43], "inflate": -0.4, "mirror": true},
					{"origin": [-1.55, 6.7, -1.2], "size": [3, 5, 3.4], "uv": [11, 37], "inflate": -0.5},
					{"origin": [-2.05, 13.5, -1], "size": [4, 1, 3], "uv": [8, 22], "inflate": -0.2},
					{"origin": [-2.1, 10.8, 0], "size": [1, 1, 1], "uv": [6, 34], "inflate": -0.3},
					{"origin": [1.1, 10.8, 0], "size": [1, 1, 1], "uv": [6, 34], "inflate": -0.3, "mirror": true},
					{"origin": [-2.1, 11.1, 0], "size": [1, 1, 1], "uv": [6, 34], "inflate": -0.3},
					{"origin": [1.1, 11.1, 0], "size": [1, 1, 1], "uv": [6, 34], "inflate": -0.3, "mirror": true},
					{"origin": [-2.1, 11.5, 0], "size": [1, 1, 1], "uv": [6, 34], "inflate": -0.3},
					{"origin": [1.1, 11.5, 0], "size": [1, 1, 1], "uv": [6, 34], "inflate": -0.3, "mirror": true},
					{"origin": [-2.1, 13.3, 0], "size": [1, 1, 1], "uv": [6, 34], "inflate": -0.3},
					{"origin": [1.1, 13.3, 0], "size": [1, 1, 1], "uv": [6, 34], "inflate": -0.3, "mirror": true},
					{"origin": [-2.1, 12.9, 0], "size": [1, 1, 1], "uv": [6, 34], "inflate": -0.3},
					{"origin": [1.1, 12.9, 0], "size": [1, 1, 1], "uv": [6, 34], "inflate": -0.3, "mirror": true},
					{"origin": [-2.1, 12.5, 0], "size": [1, 1, 1], "uv": [6, 34], "inflate": -0.3},
					{"origin": [1.1, 12.5, 0], "size": [1, 1, 1], "uv": [6, 34], "inflate": -0.3, "mirror": true},
					{"origin": [-1.2, 11, -0.5], "size": [3, 3, 2], "uv": [0, 25], "inflate": -0.1, "mirror": true}
				]
			},
			{
				"name": "armLeft",
				"pivot": [2, 16.5, 0.5]
			},
			{
				"name": "subArmLeft",
				"parent": "armLeft",
				"pivot": [2, 16.5, 0.5],
				"rotation": [0, 0, 15],
				"cubes": [
					{"origin": [1.8, 14.8, -0.5], "size": [2, 2, 2], "uv": [42, 22], "inflate": -0.1, "mirror": true},
					{"origin": [1.8, 9.6, -0.5], "size": [2, 6, 2], "uv": [42, 26], "inflate": -0.25, "mirror": true},
					{"origin": [0.3, 9, -2], "size": [5, 5, 5], "uv": [9, 50], "inflate": -1.6, "mirror": true}
				]
			},
			{
				"name": "armRight",
				"pivot": [-2, 16.5, 0.5]
			},
			{
				"name": "subArmLeft2",
				"parent": "armRight",
				"pivot": [-2, 16.5, 0.5],
				"rotation": [0, 0, -15],
				"cubes": [
					{"origin": [-3.8, 14.8, -0.5], "size": [2, 2, 2], "uv": [42, 22], "inflate": -0.1},
					{"origin": [-3.8, 9.6, -0.5], "size": [2, 6, 2], "uv": [42, 26], "inflate": -0.25},
					{"origin": [-5.3, 9, -2], "size": [5, 5, 5], "uv": [9, 50], "inflate": -1.6}
				]
			},
			{
				"name": "legLeft",
				"pivot": [1.1, 8.5, 0.5],
				"cubes": [
					{"origin": [0.35, 0, -0.5], "size": [2, 4, 2], "uv": [0, 34]},
					{"origin": [-0.65, 1.7, -1.5], "size": [4, 3, 4], "uv": [0, 43], "inflate": -0.95},
					{"origin": [-0.65, 0.1, -1.5], "size": [4, 3, 4], "uv": [0, 43], "inflate": -0.95},
					{"origin": [0.35, 4.1, -0.5], "size": [2, 1, 2], "uv": [0, 40], "inflate": 0.2},
					{"origin": [0.35, 5, -0.5], "size": [2, 4, 2], "uv": [0, 50]},
					{"origin": [0.35, -0.1, -1.4], "size": [2, 2, 1], "uv": [8, 37], "inflate": -0.1}
				]
			},
			{
				"name": "legRight",
				"pivot": [-1.1, 8.5, 0.5],
				"cubes": [
					{"origin": [-2.35, -0.1, -1.4], "size": [2, 2, 1], "uv": [8, 37], "inflate": -0.1, "mirror": true},
					{"origin": [-2.35, 0, -0.5], "size": [2, 4, 2], "uv": [0, 34], "mirror": true},
					{"origin": [-3.35, 1.7, -1.5], "size": [4, 3, 4], "uv": [0, 43], "inflate": -0.95, "mirror": true},
					{"origin": [-3.35, 0.1, -1.5], "size": [4, 3, 4], "uv": [0, 43], "inflate": -0.95, "mirror": true},
					{"origin": [-2.35, 4.1, -0.5], "size": [2, 1, 2], "uv": [0, 40], "inflate": 0.2, "mirror": true},
					{"origin": [-2.35, 5, -0.5], "size": [2, 4, 2], "uv": [0, 50], "mirror": true}
				]
			}
		]
	}
}