{
	"format_version": "1.10.0",
	"geometry.model": {
		"texturewidth": 64,
		"textureheight": 64,
		"visible_bounds_width": 2,
		"visible_bounds_height": 2,
		"visible_bounds_offset": [0, 1, 0],
		"bones": [
			{
				"name": "legLeft",
				"pivot": [1, 9, 1],
				"cubes": [
					{"origin": [0.5, 0, 0], "size": [2, 6, 2], "uv": [48, 48]},
					{"origin": [0.5, 0, -1], "size": [2, 2, 1], "uv": [39, 58], "mirror": true},
					{"origin": [0.6, 5.3, 0], "size": [2, 1, 2], "uv": [48, 56], "mirror": true},
					{"origin": [0.5, 5.3, -0.1], "size": [2, 1, 2], "uv": [48, 56], "mirror": true},
					{"origin": [0.5, 5.3, 0.1], "size": [2, 1, 2], "uv": [48, 56], "mirror": true},
					{"origin": [0.4, 5.3, 0], "size": [2, 1, 2], "uv": [48, 56], "mirror": true},
					{"origin": [0.6, 7.9, 0], "size": [2, 1, 2], "uv": [56, 56], "mirror": true},
					{"origin": [0.5, 7.9, -0.1], "size": [2, 1, 2], "uv": [56, 56], "mirror": true},
					{"origin": [0.4, 7.9, 0], "size": [2, 1, 2], "uv": [56, 56], "mirror": true},
					{"origin": [0.5, 7.9, 0.1], "size": [2, 1, 2], "uv": [56, 56], "mirror": true},
					{"origin": [0.5, 5.9, 0], "size": [2, 3, 2], "uv": [56, 48], "mirror": true}
				]
			},
			{
				"name": "legRight",
				"pivot": [-1, 9, 1],
				"cubes": [
					{"origin": [-2.5, 0, 0], "size": [2, 6, 2], "uv": [48, 48], "mirror": true},
					{"origin": [-2.5, 0, -1], "size": [2, 2, 1], "uv": [39, 58]},
					{"origin": [-2.4, 5.3, 0], "size": [2, 1, 2], "uv": [48, 59], "mirror": true},
					{"origin": [-2.6, 5.3, 0], "size": [2, 1, 2], "uv": [48, 59], "mirror": true},
					{"origin": [-2.5, 5.3, -0.1], "size": [2, 1, 2], "uv": [48, 59], "mirror": true},
					{"origin": [-2.5, 5.3, 0.1], "size": [2, 1, 2], "uv": [48, 59], "mirror": true},
					{"origin": [-2.6, 7.9, 0], "size": [2, 1, 2], "uv": [56, 56]},
					{"origin": [-2.5, 7.9, -0.1], "size": [2, 1, 2], "uv": [56, 56]},
					{"origin": [-2.4, 7.9, 0], "size": [2, 1, 2], "uv": [56, 56]},
					{"origin": [-2.5, 7.9, 0.1], "size": [2, 1, 2], "uv": [56, 56]},
					{"origin": [-2.5, 5.9, 0], "size": [2, 3, 2], "uv": [56, 48]}
				]
			},
			{
				"name": "body",
				"pivot": [0, 9, 1],
				"cubes": [
					{"origin": [-2.5, 8.7, -0.5], "size": [5, 2, 3], "uv": [0, 58]},
					{"origin": [-2, 10.7, 1.4], "size": [4, 3, 1], "uv": [12, 54]},
					{"origin": [-2, 10.7, -0.4], "size": [4, 3, 2], "uv": [0, 53]},
					{"origin": [-2, 13.7, -0.5], "size": [4, 3, 3], "uv": [0, 46], "inflate": 0.05},
					{"origin": [-1, 13.2, 1.9], "size": [1, 1, 1], "uv": [14, 49], "inflate": -0.3},
					{"origin": [-0.6, 16.5, 0.8], "size": [1, 1, 1], "uv": [11, 46]},
					{"origin": [-0.6, 16.5, 0.6], "size": [1, 1, 1], "uv": [11, 46]},
					{"origin": [-0.4, 16.5, 0.8], "size": [1, 1, 1], "uv": [11, 46]},
					{"origin": [-0.4, 16.5, 0.6], "size": [1, 1, 1], "uv": [11, 46]},
					{"origin": [-1, 16.3, 0.2], "size": [2, 1, 2], "uv": [4, 43]}
				]
			},
			{
				"name": "bone",
				"parent": "body",
				"pivot": [0, 16, -0.7],
				"rotation": [-25, 0, 0],
				"cubes": [
					{"origin": [-1.4, 14.4, -0.7], "size": [3, 2, 2], "uv": [18, 48]}
				]
			},
			{
				"name": "bone2",
				"parent": "body",
				"pivot": [0, 15.8, 2.3],
				"rotation": [15, 0, 0],
				"cubes": [
					{"origin": [-2, 8.6, 2.7], "size": [4, 8, 1], "uv": [32, 49]},
					{"origin": [-2, 8.6, 1.8], "size": [4, 8, 1], "uv": [22, 49]}
				]
			},
			{
				"name": "armLeft",
				"pivot": [2, 16, 1]
			},
			{
				"name": "subArmL",
				"parent": "armLeft",
				"pivot": [2, 16, 1],
				"rotation": [0, 0, 15],
				"cubes": [
					{"origin": [2, 13.8, 0], "size": [2, 3, 2], "uv": [4, 38]},
					{"origin": [2.9, 9.7, 0.15], "size": [1, 7, 1], "uv": [0, 38]},
					{"origin": [2.9, 9.7, 0.85], "size": [1, 7, 1], "uv": [0, 38]},
					{"origin": [2.2, 9.7, 0.15], "size": [1, 7, 1], "uv": [0, 38]},
					{"origin": [2.2, 9.7, 0.85], "size": [1, 7, 1], "uv": [0, 38]}
				]
			},
			{
				"name": "armRight",
				"pivot": [-2, 16, 1]
			},
			{
				"name": "subArmR",
				"parent": "armRight",
				"pivot": [-2, 16, 1],
				"rotation": [0, 0, -15],
				"cubes": [
					{"origin": [-3.9, 9.7, 0.15], "size": [1, 7, 1], "uv": [0, 38], "mirror": true},
					{"origin": [-3.9, 9.7, 0.85], "size": [1, 7, 1], "uv": [0, 38], "mirror": true},
					{"origin": [-3.2, 9.7, 0.15], "size": [1, 7, 1], "uv": [0, 38], "mirror": true},
					{"origin": [-3.2, 9.7, 0.85], "size": [1, 7, 1], "uv": [0, 38], "mirror": true},
					{"origin": [-4, 13.8, 0], "size": [2, 3, 2], "uv": [4, 38], "mirror": true}
				]
			},
			{
				"name": "head",
				"pivot": [0, 17.5, 1],
				"cubes": [
					{"origin": [-3, 17.5, -2], "size": [6, 6, 6], "uv": [0, 18]},
					{"origin": [-3, 17.5, -2], "size": [6, 6, 6], "uv": [25, 18], "inflate": 0.2},
					{"origin": [-4, 20, -3], "size": [8, 2, 8], "uv": [26, 29], "inflate": -0.9}
				]
			},
			{
				"name": "blink",
				"parent": "head",
				"pivot": [0, 17.5, 1],
				"cubes": [
					{"origin": [-3, 17.5, -2], "size": [6, 6, 1], "uv": [5, 30]}
				]
			},
			{
				"name": "bone3",
				"parent": "head",
				"pivot": [2, 17.5, 4],
				"rotation": [10, 0, -10],
				"cubes": [
					{"origin": [1, 11, 3.3], "size": [2, 7, 1], "uv": [51, 22]},
					{"origin": [1, 11.2, 3.3], "size": [2, 7, 1], "uv": [51, 31], "inflate": 0.05}
				]
			},
			{
				"name": "bone4",
				"parent": "head",
				"pivot": [-2, 17.5, 4],
				"rotation": [10, 0, 10],
				"cubes": [
					{"origin": [-3, 11, 3.3], "size": [2, 7, 1], "uv": [51, 22], "mirror": true},
					{"origin": [-3, 11.2, 3.3], "size": [2, 7, 1], "uv": [51, 31], "inflate": 0.05, "mirror": true}
				]
			}
		]
	}
}