{
	"format_version": "1.10.0",
	"geometry.model": {
		"texturewidth": 128,
		"textureheight": 128,
		"visible_bounds_width": 2,
		"visible_bounds_height": 2,
		"visible_bounds_offset": [0, 1, 0],
		"bones": [
			{
				"name": "head",
				"pivot": [0, 17, -1],
				"cubes": [
					{"origin": [-3, 17, -4], "size": [6, 6, 6], "uv": [0, 0]},
					{"origin": [-3, 17, -4.2], "size": [6, 6, 1], "uv": [29, 5]},
					{"origin": [2.2, 17, -4], "size": [1, 6, 6], "uv": [29, 0]},
					{"origin": [-3.2, 17, -4], "size": [1, 6, 6], "uv": [24, 0]}
				]
			},
			{
				"name": "blink",
				"parent": "head",
				"pivot": [0, 18, 0],
				"cubes": [
					{"origin": [-3, 17, -4.01], "size": [6, 6, 6], "uv": [48, 0]}
				]
			},
			{
				"name": "bone",
				"parent": "head",
				"pivot": [3, 23, -1],
				"rotation": [0, 0, 20],
				"cubes": [
					{"origin": [2.4, 22.8, -2], "size": [1, 1, 1], "uv": [0, 0]}
				]
			},
			{
				"name": "bone2",
				"parent": "bone",
				"pivot": [3, 23, -1],
				"rotation": [0, 0, 20],
				"cubes": [
					{"origin": [1.6, 23, -3], "size": [3, 1, 3], "uv": [87, 0]}
				]
			},
			{
				"name": "bone3",
				"parent": "bone",
				"pivot": [3, 23, -1],
				"rotation": [0, 0, -55],
				"cubes": [
					{"origin": [2, 18, -3], "size": [1, 5, 3], "uv": [80, 0]}
				]
			},
			{
				"name": "hair",
				"parent": "head",
				"pivot": [0, 17, -1]
			},
			{
				"name": "1",
				"parent": "hair",
				"pivot": [1, 19, 2],
				"rotation": [30, 0, -10],
				"cubes": [
					{"origin": [0, 14, 1], "size": [2, 5, 1], "uv": [73, 1]},
					{"origin": [0, 12, 0], "size": [2, 2, 2], "uv": [72, 4]}
				]
			},
			{
				"name": "2",
				"parent": "hair",
				"pivot": [-1, 19, 2],
				"rotation": [30, 0, 10],
				"cubes": [
					{"origin": [-2, 14, 1], "size": [2, 5, 1], "uv": [73, 1]},
					{"origin": [-2, 12, 0], "size": [2, 2, 2], "uv": [72, 4]}
				]
			},
			{
				"name": "3",
				"parent": "hair",
				"pivot": [-3, 19, 2],
				"rotation": [20, -15, 25],
				"cubes": [
					{"origin": [-3, 15, 1], "size": [2, 5, 1], "uv": [73, 1]},
					{"origin": [-3, 13, 0], "size": [2, 2, 2], "uv": [72, 4]}
				]
			},
			{
				"name": "4",
				"parent": "hair",
				"pivot": [3, 19, 2],
				"rotation": [20, 15, -25],
				"cubes": [
					{"origin": [1, 15, 1], "size": [2, 5, 1], "uv": [73, 1]},
					{"origin": [1, 13, 0], "size": [2, 2, 2], "uv": [72, 4]}
				]
			},
			{
				"name": "body",
				"pivot": [0, 10.5, 0]
			},
			{
				"name": "lleg",
				"parent": "body",
				"pivot": [0, 4.5, -1],
				"rotation": [5, -10, 0],
				"cubes": [
					{"origin": [-2, 4.5, -1], "size": [2, 4, 2], "uv": [0, 27]}
				]
			},
			{
				"name": "ld",
				"parent": "lleg",
				"pivot": [0, 4.5, -1],
				"rotation": [10, 0, 0],
				"cubes": [
					{"origin": [-2, 0.5, -1], "size": [2, 4, 2], "uv": [0, 33]},
					{"origin": [-2.2, 4.9, -1], "size": [1, 1, 1], "uv": [0, 21]}
				]
			},
			{
				"name": "rleg",
				"parent": "body",
				"pivot": [0, 4.5, -1],
				"rotation": [5, 10, 0],
				"cubes": [
					{"origin": [0, 4.5, -1], "size": [2, 4, 2], "uv": [0, 27]}
				]
			},
			{
				"name": "rd",
				"parent": "rleg",
				"pivot": [0, 4.5, -1],
				"rotation": [10, 0, 0],
				"cubes": [
					{"origin": [0, 0.5, -1], "size": [2, 4, 2], "uv": [0, 33]},
					{"origin": [1.2, 4.9, -1], "size": [1, 1, 1], "uv": [0, 21]}
				]
			},
			{
				"name": "bodym",
				"parent": "body",
				"pivot": [0, 10.5, 0],
				"cubes": [
					{"origin": [-0.5, 4.9, -1.4], "size": [1, 1, 1], "uv": [0, 21]},
					{"origin": [-2.5, 11, -2], "size": [5, 6, 2], "uv": [16, 12]},
					{"origin": [-0.5, 10.7, -2.5], "size": [1, 1, 1], "uv": [19, 20]},
					{"origin": [-1, 14.3, -2.1], "size": [2, 1, 1], "uv": [0, 2]},
					{"origin": [-0.5, 13.5, -2.1], "size": [1, 2, 1], "uv": [18, 0]},
					{"origin": [-0.5, 14.3, -2.2], "size": [1, 1, 1], "uv": [0, 4]}
				]
			},
			{
				"name": "dress",
				"parent": "bodym",
				"pivot": [0, 10.5, 0],
				"rotation": [-10, 0, 0],
				"cubes": [
					{"origin": [-4, 7.6, -3.3], "size": [8, 2, 7], "uv": [20, 20]},
					{"origin": [-3, 9, -2.3], "size": [6, 2, 4], "uv": [0, 21]}
				]
			},
			{
				"name": "t1",
				"parent": "bodym",
				"pivot": [-3, 7.5, -2],
				"rotation": [-20, 40, 0],
				"cubes": [
					{"origin": [-3.5, 2.4, -2], "size": [2, 6, 1], "uv": [8, 29]}
				]
			},
			{
				"name": "t2",
				"parent": "bodym",
				"pivot": [3, 7.5, -2],
				"rotation": [-20, -40, 0],
				"cubes": [
					{"origin": [1.5, 2.4, -2], "size": [2, 6, 1], "uv": [13, 29]}
				]
			},
			{
				"name": "t3",
				"parent": "bodym",
				"pivot": [-2, 7.5, 3],
				"rotation": [30, 0, 25],
				"cubes": [
					{"origin": [-3.5, 0.5, 2], "size": [3, 7, 1], "uv": [24, 29]},
					{"origin": [-4, -2.5, 1.7], "size": [3, 10, 1], "uv": [43, 29]}
				]
			},
			{
				"name": "t4",
				"parent": "bodym",
				"pivot": [2, 7.5, 3],
				"rotation": [30, 0, -25],
				"cubes": [
					{"origin": [0.5, 0.5, 2], "size": [3, 7, 1], "uv": [16, 29]},
					{"origin": [1, -2.5, 1.7], "size": [3, 10, 1], "uv": [32, 29]}
				]
			},
			{
				"name": "armRight",
				"pivot": [-3, 16.5, -1],
				"rotation": [0, 0, 15],
				"cubes": [
					{"origin": [-4.25882, 9.96593, -1.9], "size": [2, 7, 2], "uv": [0, 12]},
					{"origin": [-4.4, 15.5, -2], "size": [1, 1, 1], "uv": [30, 18]},
					{"origin": [-4.4, 15.5, -0.8], "size": [1, 1, 1], "uv": [30, 18]},
					{"origin": [-5.3, 15.8, -1.4], "size": [1, 1, 1], "uv": [30, 16]},
					{"origin": [-6, 14.5, -0.9], "size": [2, 3, 1], "uv": [30, 12]}
				]
			},
			{
				"name": "armLeft",
				"pivot": [3, 16.5, -1],
				"rotation": [0, 0, -15],
				"cubes": [
					{"origin": [2.25882, 9.96593, -1.9], "size": [2, 7, 2], "uv": [8, 12]},
					{"origin": [4, 14.5, -0.9], "size": [2, 3, 1], "uv": [35, 12]},
					{"origin": [4.3, 15.8, -1.4], "size": [1, 1, 1], "uv": [30, 16]},
					{"origin": [3.4, 15.5, -2], "size": [1, 1, 1], "uv": [30, 18]},
					{"origin": [3.4, 15.5, -0.8], "size": [1, 1, 1], "uv": [30, 18]}
				]
			},
			{
				"name": "sinFloat",
				"pivot": [0, 0, 0]
			}
		]
	}
}