{
	"format_version": "1.10.0",
	"geometry.model": {
		"texturewidth": 64,
		"textureheight": 64,
		"visible_bounds_width": 2,
		"visible_bounds_height": 2,
		"visible_bounds_offset": [0, 1, 0],
		"bones": [
			{
				"name": "head",
				"pivot": [0, 18.4, 0.6],
				"cubes": [
					{"origin": [-3, 18.3, -2.5], "size": [6, 6, 6], "uv": [0, 12], "inflate": -0.15},
					{"origin": [-3, 18.3, -2.5], "size": [6, 6, 6], "uv": [0, 0], "inflate": -0.25}
				]
			},
			{
				"name": "blink",
				"parent": "head",
				"pivot": [0, 14.4, 0.1],
				"cubes": [
					{"origin": [-3, 18.3, -2.51], "size": [6, 6, 6], "uv": [18, 6], "inflate": -0.25}
				]
			},
			{
				"name": "body",
				"pivot": [0, 10, 0],
				"cubes": [
					{"origin": [-2, 10, -0.4], "size": [4, 1, 2], "uv": [0, 40], "inflate": 0.15},
					{"origin": [-1.5, 11.3, -0.4], "size": [3, 4, 2], "uv": [0, 24], "inflate": 0.1},
					{"origin": [-2, 15.05, -0.9], "size": [4, 3, 3], "uv": [10, 24], "inflate": -0.2},
					{"origin": [-2, 15.05, -0.9], "size": [4, 3, 3], "uv": [43, 30], "inflate": -0.15},
					{"origin": [-2, 16.45, -1.6], "size": [4, 3, 4], "uv": [27, 36], "inflate": -1},
					{"origin": [-1, 17.05, -0.4], "size": [2, 2, 2], "uv": [27, 56], "inflate": -0.5},
					{"origin": [-2, 14.55, -0.9], "size": [4, 1, 3], "uv": [43, 36], "inflate": -0.25},
					{"origin": [-3, 10.4, -2.55], "size": [6, 7, 4], "uv": [16, 40], "inflate": -2},
					{"origin": [-2, 10.2, -0.4], "size": [4, 2, 2], "uv": [6, 52], "inflate": -0.1},
					{"origin": [-1.5, 10.5, 0.1], "size": [3, 2, 1], "uv": [7, 53], "inflate": 0.11},
					{"origin": [-4, 9, -2.4], "size": [8, 4, 6], "uv": [0, 30], "inflate": -1.8}
				]
			},
			{
				"name": "bone",
				"parent": "body",
				"pivot": [0, 17.7, -0.6],
				"rotation": [-25, 0, 0],
				"cubes": [
					{"origin": [-2, 15.05, -1], "size": [4, 3, 2], "uv": [26, 25], "inflate": -0.25},
					{"origin": [-2, 15.05, -1], "size": [4, 3, 2], "uv": [44, 25], "inflate": -0.2},
					{"origin": [-1.5, 15.65, -1.01], "size": [1, 1, 1], "uv": [39, 27], "inflate": -0.25},
					{"origin": [0.5, 15.65, -1.01], "size": [1, 1, 1], "uv": [39, 27], "inflate": -0.25, "mirror": true}
				]
			},
			{
				"name": "bone2",
				"parent": "body",
				"pivot": [0, 17.8, 1.8],
				"rotation": [15, 0, 0],
				"cubes": [
					{"origin": [-4.5, 10.2, -0.4], "size": [9, 10, 5], "uv": [21, 49], "inflate": -2.4}
				]
			},
			{
				"name": "armLeft",
				"pivot": [2, 17.5, 0.5]
			},
			{
				"name": "subArmLeft",
				"parent": "armLeft",
				"pivot": [2, 17.5, 0.5],
				"rotation": [0, 0, 15],
				"cubes": [
					{"origin": [1.3, 11.5, -1], "size": [3, 7, 3], "uv": [42, 8], "inflate": -0.6, "mirror": true},
					{"origin": [1.3, 15.5, -1], "size": [3, 3, 3], "uv": [42, 2], "inflate": -0.5},
					{"origin": [1.8, 11.7, -0.5], "size": [2, 1, 2], "uv": [42, 18]},
					{"origin": [1.8, 10.9, -0.5], "size": [2, 1, 2], "uv": [42, 21], "inflate": -0.15}
				]
			},
			{
				"name": "armRight",
				"pivot": [-2, 17.5, 0.5]
			},
			{
				"name": "subArmLeft2",
				"parent": "armRight",
				"pivot": [-2, 17.5, 0.5],
				"rotation": [0, 0, -15],
				"cubes": [
					{"origin": [-4.3, 11.5, -1], "size": [3, 7, 3], "uv": [42, 8], "inflate": -0.6},
					{"origin": [-3.8, 11.7, -0.5], "size": [2, 1, 2], "uv": [42, 18], "mirror": true},
					{"origin": [-3.8, 10.9, -0.5], "size": [2, 1, 2], "uv": [42, 21], "inflate": -0.15, "mirror": true},
					{"origin": [-4.3, 15.5, -1], "size": [3, 3, 3], "uv": [51, 15], "inflate": -0.5}
				]
			},
			{
				"name": "legLeft",
				"pivot": [1.1, 9.5, 0.5],
				"cubes": [
					{"origin": [0.85, 0, 0.4], "size": [1, 1, 1], "uv": [0, 43]},
					{"origin": [0.35, 0, -1.45], "size": [2, 2, 1], "uv": [0, 51]},
					{"origin": [0.35, 0.7, -0.45], "size": [2, 4, 2], "uv": [0, 45]},
					{"origin": [0.35, 5, -0.45], "size": [2, 5, 2], "uv": [8, 45]},
					{"origin": [0.35, 3, -0.45], "size": [2, 2, 2], "uv": [0, 54], "inflate": 0.1}
				]
			},
			{
				"name": "legRight",
				"pivot": [-1.1, 9.5, 0.5],
				"cubes": [
					{"origin": [-2.35, 3, -0.45], "size": [2, 2, 2], "uv": [0, 54], "inflate": 0.1, "mirror": true},
					{"origin": [-1.85, 0, 0.4], "size": [1, 1, 1], "uv": [0, 43], "mirror": true},
					{"origin": [-2.35, 0, -1.45], "size": [2, 2, 1], "uv": [0, 51], "mirror": true},
					{"origin": [-2.35, 0.7, -0.45], "size": [2, 4, 2], "uv": [0, 45], "mirror": true},
					{"origin": [-2.35, 5, -0.45], "size": [2, 5, 2], "uv": [8, 45], "mirror": true}
				]
			}
		]
	}
}