{
	"format_version": "1.10.0",
	"geometry.model": {
		"texturewidth": 64,
		"textureheight": 64,
		"visible_bounds_width": 2,
		"visible_bounds_height": 2,
		"visible_bounds_offset": [0, 1, 0],
		"bones": [
			{
				"name": "head",
				"pivot": [0, 17.5, 1],
				"cubes": [
					{"origin": [-3, 17.2, -2], "size": [6, 6, 6], "uv": [0, 0]},
					{"origin": [-3, 17.2, -2], "size": [6, 6, 6], "uv": [24, 0], "inflate": 0.2}
				]
			},
			{
				"name": "bone2",
				"parent": "head",
				"pivot": [0, 22.5, 4],
				"rotation": [20, 0, 0],
				"cubes": [
					{"origin": [-1, 21.4, 3.6], "size": [2, 2, 1], "uv": [0, 0]},
					{"origin": [-1.5, 20.8, 4.4], "size": [3, 3, 1], "uv": [45, 24]}
				]
			},
			{
				"name": "bone3",
				"parent": "bone2",
				"pivot": [0, 20.8, 5.3],
				"rotation": [-15, 0, 0],
				"cubes": [
					{"origin": [-1.5, 11.9, 4.4], "size": [3, 9, 1], "uv": [45, 22]}
				]
			},
			{
				"name": "bone4",
				"parent": "head",
				"pivot": [0, 18, 4],
				"rotation": [5, 0, 0],
				"cubes": [
					{"origin": [-1, 10, 3], "size": [2, 8, 1], "uv": [43, 36]}
				]
			},
			{
				"name": "bone5",
				"parent": "head",
				"pivot": [1, 17.5, 4],
				"rotation": [5, 0, -5],
				"cubes": [
					{"origin": [0, 10.5, 3], "size": [2, 7, 1], "uv": [49, 36]}
				]
			},
			{
				"name": "bone6",
				"parent": "head",
				"pivot": [-1, 17.5, 4],
				"rotation": [5, 0, 5],
				"cubes": [
					{"origin": [-2, 10.5, 3], "size": [2, 7, 1], "uv": [55, 36]}
				]
			},
			{
				"name": "bone7",
				"parent": "head",
				"pivot": [-2, 17.5, 4],
				"rotation": [5, 0, 10],
				"cubes": [
					{"origin": [-3, 11.5, 3], "size": [2, 6, 1], "uv": [49, 36]}
				]
			},
			{
				"name": "bone8",
				"parent": "head",
				"pivot": [2, 17.5, 4],
				"rotation": [5, 0, -15],
				"cubes": [
					{"origin": [1, 11.5, 3], "size": [2, 6, 1], "uv": [43, 36]}
				]
			},
			{
				"name": "blink",
				"parent": "head",
				"pivot": [0, 17.5, 1],
				"cubes": [
					{"origin": [-3, 17.2, -2], "size": [6, 6, 6], "uv": [32, 9]}
				]
			},
			{
				"name": "body",
				"pivot": [0, 9.2, 1],
				"cubes": [
					{"origin": [-2.5, 9.2, -1], "size": [5, 2, 3], "uv": [0, 25], "inflate": 0.1},
					{"origin": [-1.2, 8.8, -1.6], "size": [1, 3, 1], "uv": [11, 30], "inflate": -0.45},
					{"origin": [-1.1, 10.8, -1.5], "size": [1, 3, 1], "uv": [11, 30], "inflate": -0.45},
					{"origin": [-2.2, 10.8, -1.5], "size": [1, 3, 1], "uv": [11, 30], "inflate": -0.45},
					{"origin": [-2.3, 8.8, -1.6], "size": [1, 3, 1], "uv": [11, 30], "inflate": -0.45},
					{"origin": [-2, 11.2, -1], "size": [4, 5, 3], "uv": [0, 16]},
					{"origin": [-2, 14.9, -1.3], "size": [4, 3, 4], "uv": [25, 50], "inflate": -0.9},
					{"origin": [-1, 15.4, -0.3], "size": [2, 2, 2], "uv": [14, 14], "inflate": -0.2},
					{"origin": [-1, 14.8, 1.1], "size": [2, 1, 1], "uv": [7, 16]}
				]
			},
			{
				"name": "bone",
				"parent": "body",
				"pivot": [0, 15.9, -1],
				"rotation": [-30, 0, 0],
				"cubes": [
					{"origin": [-2, 13.3, -1.2], "size": [4, 3, 3], "uv": [14, 18], "inflate": -0.2},
					{"origin": [-2.1, 13, -1.4], "size": [1, 1, 3], "uv": [9, 24], "inflate": -0.45},
					{"origin": [-1.1, 13, -1.4], "size": [1, 1, 3], "uv": [9, 24], "inflate": -0.45},
					{"origin": [-2.8, 11.5, -3.6], "size": [7, 7, 5], "uv": [15, 23], "inflate": -2.5}
				]
			},
			{
				"name": "armLeft",
				"pivot": [2, 16, 1]
			},
			{
				"name": "subArmLeft",
				"parent": "armLeft",
				"pivot": [2, 16, 1],
				"rotation": [0, 0, 15],
				"cubes": [
					{"origin": [1.9, 10.7, -0.6], "size": [2, 3, 2], "uv": [28, 36], "inflate": -0.15},
					{"origin": [1.9, 14.3, -0.6], "size": [2, 2, 2], "uv": [28, 20], "inflate": -0.1},
					{"origin": [1.9, 9.3, -0.6], "size": [2, 7, 2], "uv": [20, 36], "inflate": -0.2}
				]
			},
			{
				"name": "armRight",
				"pivot": [-2, 16, 1]
			},
			{
				"name": "subArmRight",
				"parent": "armRight",
				"pivot": [-2, 16, 1],
				"rotation": [0, 0, -15],
				"cubes": [
					{"origin": [-3.9, 10.7, -0.6], "size": [2, 3, 2], "uv": [28, 36], "inflate": -0.15, "mirror": true},
					{"origin": [-3.9, 14.3, -0.6], "size": [2, 2, 2], "uv": [28, 20], "inflate": -0.1, "mirror": true},
					{"origin": [-3.9, 9.3, -0.6], "size": [2, 7, 2], "uv": [20, 36], "inflate": -0.2, "mirror": true}
				]
			},
			{
				"name": "legLeft",
				"pivot": [1.2, 9.5, 0.5],
				"cubes": [
					{"origin": [1, 0, 0.5], "size": [1, 1, 1], "uv": [0, 32]},
					{"origin": [0.5, 0, -1.5], "size": [2, 2, 1], "uv": [5, 32]},
					{"origin": [0.5, 0.6, -0.5], "size": [2, 2, 2], "uv": [0, 35]},
					{"origin": [0.5, 2.6, -0.5], "size": [2, 1, 2], "uv": [0, 40], "inflate": 0.1},
					{"origin": [0.5, 2.5, -0.5], "size": [2, 4, 2], "uv": [0, 43]},
					{"origin": [0.5, 6.5, -0.5], "size": [2, 3, 2], "uv": [8, 35]},
					{"origin": [-0.5, 6.9, -1.5], "size": [4, 3, 4], "uv": [0, 49], "inflate": -0.9},
					{"origin": [2, 3.3, -1], "size": [1, 4, 1], "uv": [8, 43], "inflate": -0.45},
					{"origin": [2, 3.3, 1], "size": [1, 4, 1], "uv": [8, 43], "inflate": -0.45},
					{"origin": [0, 3.3, -1], "size": [1, 4, 1], "uv": [8, 43], "inflate": -0.45},
					{"origin": [0, 3.3, 1], "size": [1, 4, 1], "uv": [8, 43], "inflate": -0.45},
					{"origin": [0.5, 6.6, -0.5], "size": [2, 1, 2], "uv": [8, 40], "inflate": 0.1}
				]
			},
			{
				"name": "legRight",
				"pivot": [-1.2, 9.5, 0.5],
				"cubes": [
					{"origin": [-2, 0, 0.5], "size": [1, 1, 1], "uv": [0, 32], "mirror": true},
					{"origin": [-2.5, 0, -1.5], "size": [2, 2, 1], "uv": [5, 32], "mirror": true},
					{"origin": [-2.5, 0.6, -0.5], "size": [2, 2, 2], "uv": [0, 35], "mirror": true},
					{"origin": [-2.5, 2.6, -0.5], "size": [2, 1, 2], "uv": [0, 40], "inflate": 0.1, "mirror": true},
					{"origin": [-2.5, 2.5, -0.5], "size": [2, 4, 2], "uv": [0, 43], "mirror": true},
					{"origin": [-2.5, 6.5, -0.5], "size": [2, 3, 2], "uv": [8, 35], "mirror": true},
					{"origin": [-3, 3.3, -1], "size": [1, 4, 1], "uv": [8, 43], "inflate": -0.45, "mirror": true},
					{"origin": [-3, 3.3, 1], "size": [1, 4, 1], "uv": [8, 43], "inflate": -0.45, "mirror": true},
					{"origin": [-1, 3.3, -1], "size": [1, 4, 1], "uv": [8, 43], "inflate": -0.45, "mirror": true},
					{"origin": [-1, 3.3, 1], "size": [1, 4, 1], "uv": [8, 43], "inflate": -0.45, "mirror": true},
					{"origin": [-2.5, 6.6, -0.5], "size": [2, 1, 2], "uv": [8, 40], "inflate": 0.1, "mirror": true},
					{"origin": [-3.5, 6.9, -1.5], "size": [4, 3, 4], "uv": [0, 49], "inflate": -0.9}
				]
			}
		]
	}
}