{
	"format_version": "1.10.0",
	"geometry.model": {
		"texturewidth": 64,
		"textureheight": 64,
		"visible_bounds_width": 2,
		"visible_bounds_height": 2,
		"visible_bounds_offset": [0, 1, 0],
		"bones": [
			{
				"name": "head",
				"pivot": [0, 14.4, 0.1],
				"cubes": [
					{"origin": [-3, 14, -2.9], "size": [6, 6, 6], "uv": [0, 0], "inflate": -0.3},
					{"origin": [-3, 14, -2.9], "size": [6, 6, 6], "uv": [25, 0], "inflate": -0.15},
					{"origin": [-0.8, 11.8, 1.9], "size": [3, 3, 1], "uv": [0, 13], "inflate": -0.2},
					{"origin": [-0.4, 9.7, 1.9], "size": [2, 3, 1], "uv": [1, 17], "inflate": -0.2}
				]
			},
			{
				"name": "blink",
				"parent": "head",
				"pivot": [0, 14.4, 0.1],
				"cubes": [
					{"origin": [-3, 14, -2.9], "size": [6, 6, 6], "uv": [40, 24], "inflate": -0.3}
				]
			},
			{
				"name": "body",
				"pivot": [0, 10, 0],
				"cubes": [
					{"origin": [-2, 7.9, -1], "size": [4, 1, 2], "uv": [0, 33], "inflate": 0.1},
					{"origin": [-1.5, 8.85, -1], "size": [3, 3, 2], "uv": [0, 25]},
					{"origin": [-1.5, 11.65, -1], "size": [3, 2, 2], "uv": [0, 21], "inflate": 0.2},
					{"origin": [-1, 12.75, -1], "size": [2, 2, 2], "uv": [39, 39], "inflate": -0.4},
					{"origin": [-2, 8, -1], "size": [4, 1, 2], "uv": [10, 21], "inflate": 0.2},
					{"origin": [-2.5, 7, -1], "size": [5, 1, 2], "uv": [10, 24], "inflate": 0.3},
					{"origin": [-3, 5.1, -1.4], "size": [6, 2, 3], "uv": [10, 27]},
					{"origin": [-2.5, 5.5, 0.2], "size": [5, 1, 2], "uv": [50, 53]},
					{"origin": [-1.5, 6.3, -0.3], "size": [3, 1, 2], "uv": [50, 53], "inflate": 0.2},
					{"origin": [-1, 7.1, -0.4], "size": [2, 1, 2], "uv": [50, 53]},
					{"origin": [-0.5, 7.8, -0.6], "size": [1, 1, 2], "uv": [50, 53]},
					{"origin": [-0.5, 7.8, 0.8], "size": [1, 1, 1], "uv": [0, 30], "inflate": -0.3},
					{"origin": [-0.5, 11.1, -1.6], "size": [1, 1, 1], "uv": [0, 30], "inflate": -0.3},
					{"origin": [-0.5, 11.5, -1.6], "size": [1, 1, 1], "uv": [0, 30], "inflate": -0.3},
					{"origin": [-0.5, 7.5, 1], "size": [1, 1, 1], "uv": [0, 30], "inflate": -0.3},
					{"origin": [-0.1, 7.35, 1], "size": [1, 1, 1], "uv": [0, 30], "inflate": -0.3},
					{"origin": [-0.9, 7.35, 1], "size": [1, 1, 1], "uv": [0, 30], "inflate": -0.3},
					{"origin": [-3.1, 5.35, 1.8], "size": [1, 1, 1], "uv": [0, 30], "inflate": -0.3},
					{"origin": [2.1, 5.35, 1.8], "size": [1, 1, 1], "uv": [0, 30], "inflate": -0.3, "mirror": true},
					{"origin": [-0.5, 7.1, 1], "size": [1, 1, 1], "uv": [0, 30], "inflate": -0.3},
					{"origin": [-0.5, 6.9, 1.3], "size": [1, 1, 1], "uv": [0, 30], "inflate": -0.3},
					{"origin": [-0.5, 6.5, 1.3], "size": [1, 1, 1], "uv": [0, 30], "inflate": -0.3},
					{"origin": [-3, 3.9, -1.4], "size": [6, 2, 4], "uv": [8, 32], "inflate": 0.1},
					{"origin": [-3, 3, -1.4], "size": [6, 3, 4], "uv": [28, 32]}
				]
			},
			{
				"name": "bone4",
				"parent": "body",
				"pivot": [0, 10.4, 0],
				"rotation": [0, 0, 20],
				"cubes": [
					{"origin": [-1, 9.95, 0.45], "size": [2, 1, 1], "uv": [3, 62], "inflate": -0.4}
				]
			},
			{
				"name": "bone5",
				"parent": "body",
				"pivot": [0, 10.4, 0],
				"rotation": [0, 0, -20],
				"cubes": [
					{"origin": [-1, 9.95, 0.45], "size": [2, 1, 1], "uv": [3, 62], "inflate": -0.4, "mirror": true}
				]
			},
			{
				"name": "bone",
				"parent": "body",
				"pivot": [0, 13.8, -1.2],
				"rotation": [-5, 0, 0],
				"cubes": [
					{"origin": [-3.5, 9.85, -3.2], "size": [7, 6, 4], "uv": [28, 17], "inflate": -2},
					{"origin": [-0.5, 12.85, -1.6], "size": [1, 1, 1], "uv": [7, 52], "inflate": -0.3},
					{"origin": [-0.5, 12.35, -1.6], "size": [1, 1, 1], "uv": [7, 52], "inflate": -0.3},
					{"origin": [-0.9, 12.65, -1.6], "size": [1, 1, 1], "uv": [7, 52], "inflate": -0.3},
					{"origin": [-0.1, 12.65, -1.6], "size": [1, 1, 1], "uv": [7, 52], "inflate": -0.3}
				]
			},
			{
				"name": "bone2",
				"parent": "body",
				"pivot": [-1.7, 7.7, 0],
				"rotation": [-5, 0, -5],
				"cubes": [
					{"origin": [-2.2, 4.5, -1.7], "size": [2, 4, 1], "uv": [53, 54], "inflate": -0.3, "mirror": true},
					{"origin": [-3.7, 3.5, -3.45], "size": [5, 6, 4], "uv": [22, 49], "inflate": -2}
				]
			},
			{
				"name": "bone3",
				"parent": "body",
				"pivot": [1.7, 7.7, 0],
				"rotation": [-5, 0, 5],
				"cubes": [
					{"origin": [0.2, 4.5, -1.7], "size": [2, 4, 1], "uv": [53, 54], "inflate": -0.3},
					{"origin": [-1.3, 3.5, -3.45], "size": [5, 6, 4], "uv": [22, 49], "inflate": -2, "mirror": true}
				]
			},
			{
				"name": "armLeft",
				"pivot": [2, 13.5, 0]
			},
			{
				"name": "subArmLeft",
				"parent": "armLeft",
				"pivot": [2, 13.5, 0],
				"rotation": [0, 0, 10],
				"cubes": [
					{"origin": [1, 12.1, -1], "size": [2, 2, 2], "uv": [20, 39], "inflate": -0.2},
					{"origin": [1, 8.9, -1], "size": [2, 4, 2], "uv": [20, 42], "inflate": -0.3},
					{"origin": [1, 7.9, -1], "size": [2, 2, 2], "uv": [20, 48], "inflate": -0.31},
					{"origin": [-1, 6.8, -3], "size": [6, 5, 6], "uv": [30, 38], "inflate": -2.2}
				]
			},
			{
				"name": "armRight",
				"pivot": [-2, 13.5, 0]
			},
			{
				"name": "subArmRight",
				"parent": "armRight",
				"pivot": [-2, 13.5, 0],
				"rotation": [0, 0, -10],
				"cubes": [
					{"origin": [-3, 12.1, -1], "size": [2, 2, 2], "uv": [20, 39], "inflate": -0.2, "mirror": true},
					{"origin": [-3, 8.9, -1], "size": [2, 4, 2], "uv": [20, 42], "inflate": -0.3, "mirror": true},
					{"origin": [-3, 7.9, -1], "size": [2, 2, 2], "uv": [20, 48], "inflate": -0.31, "mirror": true},
					{"origin": [-5, 6.8, -3], "size": [6, 5, 6], "uv": [30, 38], "inflate": -2.2, "mirror": true}
				]
			},
			{
				"name": "legLeft",
				"pivot": [1.1, 7, 0],
				"cubes": [
					{"origin": [-0.4, 2, -2], "size": [4, 2, 4], "uv": [0, 49], "inflate": -0.9},
					{"origin": [1.15, 0.6, -2.3], "size": [3, 4, 4], "uv": [9, 39], "inflate": -1.4},
					{"origin": [-0.4, -0.9, -2], "size": [4, 2, 4], "uv": [0, 49], "inflate": -0.9},
					{"origin": [-0.4, -1, -2.8], "size": [4, 2.2, 4], "uv": [0, 49], "inflate": -1},
					{"origin": [0.6, 0, -1], "size": [2, 8, 2], "uv": [0, 36]},
					{"origin": [0.6, -0.1, -1.8], "size": [2, 2, 1], "uv": [0, 46], "inflate": -0.1}
				]
			},
			{
				"name": "legRight",
				"pivot": [-1.1, 7, 0],
				"cubes": [
					{"origin": [-3.6, 2, -2], "size": [4, 2, 4], "uv": [0, 49], "inflate": -0.9, "mirror": true},
					{"origin": [-4.15, 0.6, -2.3], "size": [3, 4, 4], "uv": [9, 39], "inflate": -1.4, "mirror": true},
					{"origin": [-3.6, -0.9, -2], "size": [4, 2, 4], "uv": [0, 49], "inflate": -0.9, "mirror": true},
					{"origin": [-3.6, -1, -2.8], "size": [4, 2.2, 4], "uv": [0, 49], "inflate": -1, "mirror": true},
					{"origin": [-2.6, 0, -1], "size": [2, 8, 2], "uv": [0, 36], "mirror": true},
					{"origin": [-2.6, -0.1, -1.8], "size": [2, 2, 1], "uv": [0, 46], "inflate": -0.1, "mirror": true}
				]
			}
		]
	}
}