{
	"credit": "Made by bballboy2002 with Blockbench, a free, modern block model editor by JannisX11",
	"textures": {
		"particle": "#rail"
	},
	"elements": [
		{
			"name": "Tie 4",
			"from": [1, 3.5999999999999996, -6],
			"to": [15, 4.6, -3],
			"shade": false,
			"faces": {
				"north": {
					"uv": [1, 1, 15, 2],
					"texture": "#rail",
					"rotation": 180
				},
				"east": {
					"uv": [14, 1, 15, 3],
					"texture": "#rail",
					"rotation": 90
				},
				"south": {"uv": [1, 2, 15, 3], "texture": "#rail"},
				"west": {
					"uv": [1, 1, 2, 3],
					"texture": "#rail",
					"rotation": 270
				},
				"up": {"uv": [1, 1, 15, 3], "texture": "#rail"},
				"down": {
					"uv": [1, 1, 15, 3],
					"texture": "#rail",
					"rotation": 180
				}
			},
			"rotation": {
				"origin": [8, 11.6, 1],
				"axis": "x",
				"angle": -45
			}
		},
		{
			"name": "Tie 2",
			"from": [1, 11.6, 2],
			"to": [15, 12.6, 5],
			"shade": false,
			"faces": {
				"north": {
					"uv": [1, 9, 15, 10],
					"texture": "#rail",
					"rotation": 180
				},
				"east": {
					"uv": [14, 9, 15, 11],
					"texture": "#rail",
					"rotation": 90
				},
				"south": {"uv": [1, 10, 15, 11], "texture": "#rail"},
				"west": {
					"uv": [1, 9, 2, 11],
					"texture": "#rail",
					"rotation": 270
				},
				"up": {"uv": [1, 9, 15, 11], "texture": "#rail"},
				"down": {
					"uv": [1, 9, 15, 11],
					"texture": "#rail",
					"rotation": 180
				}
			},
			"rotation": {
				"origin": [0, 19.6, 9],
				"axis": "x",
				"angle": -45
			}
		},
		{
			"name": "Tie 1",
			"from": [1, 15.600000000000001, 6],
			"to": [15, 16.6, 9],
			"shade": false,
			"faces": {
				"north": {
					"uv": [1, 13, 15, 14],
					"texture": "#rail",
					"rotation": 180
				},
				"east": {
					"uv": [14, 13, 15, 15],
					"texture": "#rail",
					"rotation": 90
				},
				"south": {"uv": [1, 14, 15, 15], "texture": "#rail"},
				"west": {
					"uv": [1, 13, 2, 15],
					"texture": "#rail",
					"rotation": 270
				},
				"up": {"uv": [1, 13, 15, 15], "texture": "#rail"},
				"down": {
					"uv": [1, 13, 15, 15],
					"texture": "#rail",
					"rotation": 180
				}
			},
			"rotation": {
				"origin": [-4, 23.6, 13],
				"axis": "x",
				"angle": -45
			}
		},
		{
			"name": "Tie 3",
			"from": [1, 7.6, -2],
			"to": [15, 8.6, 1],
			"shade": false,
			"faces": {
				"north": {
					"uv": [1, 5, 15, 6],
					"texture": "#rail",
					"rotation": 180
				},
				"east": {
					"uv": [14, 5, 15, 7],
					"texture": "#rail",
					"rotation": 90
				},
				"south": {"uv": [1, 6, 15, 7], "texture": "#rail"},
				"west": {
					"uv": [1, 5, 2, 7],
					"texture": "#rail",
					"rotation": 270
				},
				"up": {"uv": [1, 5, 15, 7], "texture": "#rail"},
				"down": {
					"uv": [1, 5, 15, 7],
					"texture": "#rail",
					"rotation": 180
				}
			},
			"rotation": {
				"origin": [0, 15.6, 5],
				"axis": "x",
				"angle": -45
			}
		},
		{
			"name": "Outer Right",
			"from": [13, 3.9000000000000004, -8],
			"to": [14, 4.9, 16.1],
			"shade": true,
			"faces": {
				"north": {"uv": [2, 0, 3, 16], "texture": "#rail"},
				"east": {"uv": [2, 0, 3, 16], "texture": "#rail"},
				"south": {"uv": [2, 0, 3, 16], "texture": "#rail"},
				"west": {"uv": [2, 0, 3, 16], "texture": "#rail"},
				"up": {"uv": [2, 0, 3, 16], "texture": "#rail"},
				"down": {"uv": [2, 0, 3, 16], "texture": "#rail"}
			},
			"rotation": {
				"origin": [21, 11.9, 0],
				"axis": "x",
				"angle": -45
			}
		},
		{
			"name": "Inner Right",
			"from": [12, 3.9000000000000004, -8],
			"to": [13, 5.9, 16.1],
			"shade": true,
			"faces": {
				"north": {"uv": [3, 0, 4, 16], "texture": "#rail"},
				"east": {"uv": [3, 0, 4, 16], "texture": "#rail"},
				"south": {"uv": [3, 0, 4, 16], "texture": "#rail"},
				"west": {"uv": [3, 0, 4, 16], "texture": "#rail"},
				"up": {"uv": [3, 0, 4, 16], "texture": "#rail"},
				"down": {"uv": [3, 0, 4, 16], "texture": "#rail"}
			},
			"rotation": {
				"origin": [20, 11.9, 0],
				"axis": "x",
				"angle": -45
			}
		},
		{
			"name": "Inner Left",
			"from": [3, 4, -8],
			"to": [4, 6, 16.1],
			"shade": true,
			"faces": {
				"north": {"uv": [3, 0, 4, 16], "texture": "#rail"},
				"east": {"uv": [3, 0, 4, 16], "texture": "#rail"},
				"south": {"uv": [3, 0, 4, 16], "texture": "#rail"},
				"west": {"uv": [3, 0, 4, 16], "texture": "#rail"},
				"up": {"uv": [3, 0, 4, 16], "texture": "#rail"},
				"down": {"uv": [3, 0, 4, 16], "texture": "#rail"}
			},
			"rotation": {
				"origin": [11, 12, 0],
				"axis": "x",
				"angle": -45
			}
		},
		{
			"name": "Outer Left",
			"from": [2, 3.9000000000000004, -8],
			"to": [3, 4.9, 16.1],
			"shade": true,
			"faces": {
				"north": {"uv": [2, 0, 3, 16], "texture": "#rail"},
				"east": {"uv": [2, 0, 3, 16], "texture": "#rail"},
				"south": {"uv": [2, 0, 3, 16], "texture": "#rail"},
				"west": {"uv": [2, 0, 3, 16], "texture": "#rail"},
				"up": {"uv": [2, 0, 3, 16], "texture": "#rail"},
				"down": {"uv": [2, 0, 3, 16], "texture": "#rail"}
			},
			"rotation": {
				"origin": [10, 11.9, 0],
				"axis": "x",
				"angle": -45
			}
		},
		{
			"name": "Electric",
			"from": [7, 3.9000000000000004, -8],
			"to": [9, 4.9, 16.1],
			"shade": true,
			"faces": {
				"north": {"uv": [7, 0, 9, 16], "texture": "#rail"},
				"east": {"uv": [7, 0, 9, 16], "texture": "#rail"},
				"south": {"uv": [7, 0, 9, 16], "texture": "#rail"},
				"west": {"uv": [7, 0, 9, 16], "texture": "#rail"},
				"up": {"uv": [7, 0, 9, 16], "texture": "#rail"},
				"down": {"uv": [7, 0, 9, 16], "texture": "#rail"}
			},
			"rotation": {
				"origin": [15, 11.9, 0],
				"axis": "x",
				"angle": -45
			}
		}
	],
	"display": {
		"thirdperson_righthand": {
			"rotation": [0, 0, 0],
			"translation": [-0.5, 0, 0],
			"scale": [1, 0, 0]
		},
		"thirdperson_lefthand": {},
		"firstperson_righthand": {},
		"firstperson_lefthand": {},
		"head": {},
		"ground": {},
		"fixed": {},
		"gui": {}
	}
}
