{
	"credit": "Made by bballboy2002 with Blockbench, a free, modern block model editor by JannisX11",
	"textures": {
		"particle": "#rail"
	},
	"elements": [
		{
			"name": "Tie 4.5",
			"from": [12, 4, -6],
			"to": [14, 5, -3],
			"shade": false,
			"faces": {
				"north": {
					"uv": [12, 1, 14, 2],
					"texture": "#rail",
					"rotation": 180
				},
				"east": {
					"uv": [13, 1, 14, 3],
					"texture": "#rail",
					"rotation": 90
				},
				"south": {"uv": [12, 2, 14, 3], "texture": "#rail"},
				"west": {
					"uv": [12, 1, 13, 3],
					"texture": "#rail",
					"rotation": 270
				},
				"up": {"uv": [12, 1, 14, 3], "texture": "#rail"},
				"down": {"uv": [12, 1, 14, 3], "texture": "#rail"}
			},
			"rotation": {
				"origin": [19, 12, 1],
				"axis": "x",
				"angle": -45
			}
		},
		{
			"name": "Tie 2.2",
			"from": [2, 12, 2],
			"to": [4, 13, 5],
			"shade": false,
			"faces": {
				"north": {
					"uv": [2, 9, 4, 10],
					"texture": "#rail",
					"rotation": 180
				},
				"east": {
					"uv": [3, 9, 4, 11],
					"texture": "#rail",
					"rotation": 90
				},
				"south": {"uv": [2, 10, 4, 11], "texture": "#rail"},
				"west": {
					"uv": [2, 9, 3, 11],
					"texture": "#rail",
					"rotation": 270
				},
				"up": {"uv": [2, 9, 4, 11], "texture": "#rail"},
				"down": {"uv": [2, 9, 4, 11], "texture": "#rail"}
			},
			"rotation": {
				"origin": [1, 20, 9],
				"axis": "x",
				"angle": -45
			}
		},
		{
			"name": "Tie 1.1",
			"from": [1, 16, 6],
			"to": [5, 17, 9],
			"shade": false,
			"faces": {
				"north": {
					"uv": [1, 13, 5, 14],
					"texture": "#rail",
					"rotation": 180
				},
				"east": {
					"uv": [4, 13, 5, 15],
					"texture": "#rail",
					"rotation": 90
				},
				"south": {"uv": [1, 14, 5, 15], "texture": "#rail"},
				"west": {
					"uv": [1, 13, 2, 15],
					"texture": "#rail",
					"rotation": 270
				},
				"up": {"uv": [1, 13, 5, 15], "texture": "#rail"},
				"down": {"uv": [1, 13, 5, 15], "texture": "#rail"}
			},
			"rotation": {
				"origin": [-4, 24, 13],
				"axis": "x",
				"angle": -45
			}
		},
		{
			"name": "Tie 3.1",
			"from": [1, 8, -2],
			"to": [6, 9, 1],
			"shade": false,
			"faces": {
				"north": {
					"uv": [1, 5, 6, 6],
					"texture": "#rail",
					"rotation": 180
				},
				"east": {
					"uv": [5, 5, 6, 7],
					"texture": "#rail",
					"rotation": 90
				},
				"south": {"uv": [1, 6, 6, 7], "texture": "#rail"},
				"west": {
					"uv": [1, 5, 2, 7],
					"texture": "#rail",
					"rotation": 270
				},
				"up": {"uv": [1, 5, 6, 7], "texture": "#rail"},
				"down": {"uv": [1, 5, 6, 7], "texture": "#rail"}
			},
			"rotation": {
				"origin": [0, 16, 5],
				"axis": "x",
				"angle": -45
			}
		},
		{
			"name": "Outer Right",
			"from": [13, 3.9000000000000004, -8],
			"to": [14, 4.9, 16.1],
			"shade": true,
			"faces": {
				"north": {"uv": [2, 0, 3, 16], "texture": "#rail"},
				"east": {"uv": [2, 0, 3, 16], "texture": "#rail"},
				"south": {"uv": [2, 0, 3, 16], "texture": "#rail"},
				"west": {"uv": [2, 0, 3, 16], "texture": "#rail"},
				"up": {"uv": [2, 0, 3, 16], "texture": "#rail"},
				"down": {"uv": [2, 0, 3, 16], "texture": "#rail"}
			},
			"rotation": {
				"origin": [21, 11.9, 0],
				"axis": "x",
				"angle": -45
			}
		},
		{
			"name": "Inner Right",
			"from": [12, 3.9000000000000004, -8],
			"to": [13, 5.9, 16.1],
			"shade": true,
			"faces": {
				"north": {"uv": [3, 0, 4, 16], "texture": "#rail"},
				"east": {"uv": [3, 0, 4, 16], "texture": "#rail"},
				"south": {"uv": [3, 0, 4, 16], "texture": "#rail"},
				"west": {"uv": [3, 0, 4, 16], "texture": "#rail"},
				"up": {"uv": [3, 0, 4, 16], "texture": "#rail"},
				"down": {"uv": [3, 0, 4, 16], "texture": "#rail"}
			},
			"rotation": {
				"origin": [20, 11.9, 0],
				"axis": "x",
				"angle": -45
			}
		},
		{
			"name": "Inner Left",
			"from": [3, 3.9000000000000004, -8],
			"to": [4, 5.9, 16.1],
			"shade": true,
			"faces": {
				"north": {"uv": [3, 0, 4, 16], "texture": "#rail"},
				"east": {"uv": [3, 0, 4, 16], "texture": "#rail"},
				"south": {"uv": [3, 0, 4, 16], "texture": "#rail"},
				"west": {"uv": [3, 0, 4, 16], "texture": "#rail"},
				"up": {"uv": [3, 0, 4, 16], "texture": "#rail"},
				"down": {"uv": [3, 0, 4, 16], "texture": "#rail"}
			},
			"rotation": {
				"origin": [11, 11.9, 0],
				"axis": "x",
				"angle": -45
			}
		},
		{
			"name": "Outer Left",
			"from": [2, 3.9000000000000004, -8],
			"to": [3, 4.9, 16.1],
			"shade": true,
			"faces": {
				"north": {"uv": [2, 0, 3, 16], "texture": "#rail"},
				"east": {"uv": [2, 0, 3, 16], "texture": "#rail"},
				"south": {"uv": [2, 0, 3, 16], "texture": "#rail"},
				"west": {"uv": [2, 0, 3, 16], "texture": "#rail"},
				"up": {"uv": [2, 0, 3, 16], "texture": "#rail"},
				"down": {"uv": [2, 0, 3, 16], "texture": "#rail"}
			},
			"rotation": {
				"origin": [10, 11.9, 0],
				"axis": "x",
				"angle": -45
			}
		},
		{
			"name": "Tie 1.3",
			"from": [5, 17.06, 7.059999999999999],
			"to": [6, 18.06, 8.559999999999999],
			"shade": false,
			"faces": {
				"north": {
					"uv": [5, 14, 6, 15],
					"texture": "#rail",
					"rotation": 90
				},
				"east": {
					"uv": [5, 14, 6, 15],
					"texture": "#rail",
					"rotation": 90
				},
				"south": {
					"uv": [5, 14, 6, 15],
					"texture": "#rail",
					"rotation": 90
				},
				"west": {
					"uv": [5, 14, 6, 15],
					"texture": "#rail",
					"rotation": 90
				},
				"up": {
					"uv": [5, 14, 6, 15],
					"texture": "#rail",
					"rotation": 90
				},
				"down": {
					"uv": [5, 14, 6, 15],
					"texture": "#rail",
					"rotation": 90
				}
			},
			"rotation": {
				"origin": [0, 25.06, 14.059999999999999],
				"axis": "x",
				"angle": -45
			}
		},
		{
			"name": "Tie 1.4",
			"from": [6, 17.06, 7.059999999999999],
			"to": [9, 18.06, 8.559999999999999],
			"shade": false,
			"faces": {
				"north": {"uv": [6, 14, 9, 15], "texture": "#rail"},
				"east": {"uv": [7, 14, 8, 15], "texture": "#rail"},
				"south": {"uv": [6, 14, 9, 15], "texture": "#rail"},
				"west": {
					"uv": [6, 14, 7, 15],
					"texture": "#rail",
					"rotation": 90
				},
				"up": {"uv": [6, 14, 9, 15], "texture": "#rail"},
				"down": {"uv": [6, 14, 9, 15], "texture": "#rail"}
			},
			"rotation": {
				"origin": [1, 25.06, 14.059999999999999],
				"axis": "x",
				"angle": -45
			}
		},
		{
			"name": "Tie 1.6",
			"from": [9, 16, 6],
			"to": [15, 17, 9],
			"shade": false,
			"faces": {
				"north": {
					"uv": [9, 13, 15, 14],
					"texture": "#rail",
					"rotation": 180
				},
				"east": {
					"uv": [14, 13, 15, 15],
					"texture": "#rail",
					"rotation": 90
				},
				"south": {"uv": [9, 14, 15, 15], "texture": "#rail"},
				"west": {
					"uv": [9, 13, 10, 15],
					"texture": "#rail",
					"rotation": 270
				},
				"up": {"uv": [9, 13, 15, 15], "texture": "#rail"},
				"down": {"uv": [9, 13, 15, 15], "texture": "#rail"}
			},
			"rotation": {
				"origin": [4, 24, 13],
				"axis": "x",
				"angle": -45
			}
		},
		{
			"name": "Tie 1.5",
			"from": [8, 16, 6],
			"to": [9, 17, 7.5],
			"shade": false,
			"faces": {
				"north": {
					"uv": [8, 13, 9, 14],
					"texture": "#rail",
					"rotation": 90
				},
				"east": {
					"uv": [8, 13, 9, 14],
					"texture": "#rail",
					"rotation": 90
				},
				"south": {
					"uv": [8, 13, 9, 14],
					"texture": "#rail",
					"rotation": 90
				},
				"west": {
					"uv": [8, 13, 9, 14],
					"texture": "#rail",
					"rotation": 90
				},
				"up": {
					"uv": [8, 13, 9, 14],
					"texture": "#rail",
					"rotation": 90
				},
				"down": {
					"uv": [8, 13, 9, 14],
					"texture": "#rail",
					"rotation": 90
				}
			},
			"rotation": {
				"origin": [3, 24, 13],
				"axis": "x",
				"angle": -45
			}
		},
		{
			"name": "Tie 1.2",
			"from": [5, 16, 6],
			"to": [8, 17, 7.5],
			"shade": false,
			"faces": {
				"north": {"uv": [5, 13, 8, 14], "texture": "#rail"},
				"east": {
					"uv": [8, 13, 9, 14.5],
					"texture": "#rail",
					"rotation": 90
				},
				"south": {"uv": [5, 13, 8, 14], "texture": "#rail"},
				"west": {
					"uv": [8, 13, 9, 14.5],
					"texture": "#rail",
					"rotation": 90
				},
				"up": {"uv": [5, 13, 8, 14], "texture": "#rail"},
				"down": {"uv": [5, 13, 8, 14], "texture": "#rail"}
			},
			"rotation": {
				"origin": [0, 24, 13],
				"axis": "x",
				"angle": -45
			}
		},
		{
			"name": "Tie 2.6",
			"from": [9, 12, 2],
			"to": [15, 13, 5],
			"shade": false,
			"faces": {
				"north": {
					"uv": [9, 9, 15, 10],
					"texture": "#rail",
					"rotation": 180
				},
				"east": {
					"uv": [14, 9, 15, 11],
					"texture": "#rail",
					"rotation": 90
				},
				"south": {"uv": [9, 10, 15, 11], "texture": "#rail"},
				"west": {
					"uv": [9, 9, 10, 11],
					"texture": "#rail",
					"rotation": 270
				},
				"up": {"uv": [9, 9, 15, 11], "texture": "#rail"},
				"down": {"uv": [9, 9, 15, 11], "texture": "#rail"}
			},
			"rotation": {
				"origin": [8, 20, 9],
				"axis": "x",
				"angle": -45
			}
		},
		{
			"name": "Tie 2.3",
			"from": [4, 12, 2],
			"to": [8, 13, 5],
			"shade": false,
			"faces": {
				"north": {
					"uv": [4, 9, 8, 10],
					"texture": "#rail",
					"rotation": 180
				},
				"east": {
					"uv": [6, 9, 7, 11],
					"texture": "#rail",
					"rotation": 90
				},
				"south": {"uv": [4, 10, 8, 11], "texture": "#rail"},
				"west": {
					"uv": [4, 9, 5, 11],
					"texture": "#rail",
					"rotation": 270
				},
				"up": {"uv": [4, 9, 8, 11], "texture": "#rail"},
				"down": {"uv": [4, 9, 8, 11], "texture": "#rail"}
			},
			"rotation": {
				"origin": [3, 20, 9],
				"axis": "x",
				"angle": -45
			}
		},
		{
			"name": "Tie 2.4",
			"from": [8, 12, 2],
			"to": [9, 13, 3.5],
			"shade": false,
			"faces": {
				"north": {"uv": [8, 9, 9, 10], "texture": "#rail"},
				"east": {"uv": [8, 9, 9, 10], "texture": "#rail"},
				"south": {"uv": [8, 9, 9, 10], "texture": "#rail"},
				"west": {"uv": [8, 9, 9, 10], "texture": "#rail"},
				"up": {"uv": [8, 9, 9, 10], "texture": "#rail"},
				"down": {"uv": [8, 9, 9, 10], "texture": "#rail"}
			},
			"rotation": {
				"origin": [7, 20, 9],
				"axis": "x",
				"angle": -45
			}
		},
		{
			"name": "Tie 2.5",
			"from": [8, 13.06, 3.0600000000000005],
			"to": [9, 14.06, 4.5600000000000005],
			"shade": false,
			"faces": {
				"north": {"uv": [8, 10, 9, 11], "texture": "#rail"},
				"east": {"uv": [8, 10, 9, 11], "texture": "#rail"},
				"south": {"uv": [8, 10, 9, 11], "texture": "#rail"},
				"west": {"uv": [8, 10, 9, 11], "texture": "#rail"},
				"up": {"uv": [8, 10, 9, 11], "texture": "#rail"},
				"down": {"uv": [8, 10, 9, 11], "texture": "#rail"}
			},
			"rotation": {
				"origin": [7, 21.060000000000002, 10.060000000000002],
				"axis": "x",
				"angle": -45
			}
		},
		{
			"name": "Tie 3.6",
			"from": [10, 8, -2],
			"to": [15, 9, 1],
			"shade": false,
			"faces": {
				"north": {
					"uv": [10, 5, 15, 6],
					"texture": "#rail",
					"rotation": 180
				},
				"east": {
					"uv": [14, 5, 15, 7],
					"texture": "#rail",
					"rotation": 90
				},
				"south": {"uv": [10, 6, 15, 7], "texture": "#rail"},
				"west": {
					"uv": [10, 5, 11, 7],
					"texture": "#rail",
					"rotation": 270
				},
				"up": {"uv": [10, 5, 15, 7], "texture": "#rail"},
				"down": {"uv": [10, 5, 15, 7], "texture": "#rail"}
			},
			"rotation": {
				"origin": [9, 16, 5],
				"axis": "x",
				"angle": -45
			}
		},
		{
			"name": "Tie 3.2",
			"from": [6, 8, -2],
			"to": [10, 9, -0.5],
			"shade": false,
			"faces": {
				"north": {
					"uv": [6, 5, 10, 6],
					"texture": "#rail",
					"rotation": 180
				},
				"east": {
					"uv": [5, 5, 6, 6.5],
					"texture": "#rail",
					"rotation": 90
				},
				"south": {"uv": [6, 5, 10, 6], "texture": "#rail"},
				"west": {
					"uv": [1, 5, 2, 6.5],
					"texture": "#rail",
					"rotation": 270
				},
				"up": {"uv": [6, 5, 10, 6], "texture": "#rail"},
				"down": {"uv": [6, 5, 10, 6], "texture": "#rail"}
			},
			"rotation": {
				"origin": [5, 16, 5],
				"axis": "x",
				"angle": -45
			}
		},
		{
			"name": "Tie 3.3",
			"from": [6, 9.06, -0.94],
			"to": [8, 10.06, 0.56],
			"shade": false,
			"faces": {
				"north": {
					"uv": [6, 6, 8, 7],
					"texture": "#rail",
					"rotation": 180
				},
				"east": {
					"uv": [7, 6, 8, 7],
					"texture": "#rail",
					"rotation": 90
				},
				"south": {"uv": [6, 6, 8, 7], "texture": "#rail"},
				"west": {
					"uv": [1, 5, 2, 6.5],
					"texture": "#rail",
					"rotation": 270
				},
				"up": {"uv": [6, 6, 8, 7], "texture": "#rail"},
				"down": {"uv": [6, 6, 8, 7], "texture": "#rail"}
			},
			"rotation": {
				"origin": [5, 17.060000000000002, 6.06],
				"axis": "x",
				"angle": -45
			}
		},
		{
			"name": "Tie 3.4",
			"from": [8, 9.06, -0.94],
			"to": [9, 10.06, 0.56],
			"shade": false,
			"faces": {
				"north": {"uv": [8, 6, 9, 7], "texture": "#rail"},
				"east": {"uv": [8, 6, 9, 7], "texture": "#rail"},
				"south": {"uv": [8, 6, 9, 7], "texture": "#rail"},
				"west": {"uv": [8, 6, 9, 7], "texture": "#rail"},
				"up": {"uv": [8, 6, 9, 7], "texture": "#rail"},
				"down": {"uv": [8, 6, 9, 7], "texture": "#rail"}
			},
			"rotation": {
				"origin": [7, 17.060000000000002, 6.06],
				"axis": "x",
				"angle": -45
			}
		},
		{
			"name": "Tie 3.5",
			"from": [9, 9.06, -0.94],
			"to": [10, 10.06, 0.56],
			"shade": false,
			"faces": {
				"north": {"uv": [9, 6, 10, 7], "texture": "#rail"},
				"east": {"uv": [9, 6, 10, 7], "texture": "#rail"},
				"south": {"uv": [9, 6, 10, 7], "texture": "#rail"},
				"west": {"uv": [9, 6, 10, 7], "texture": "#rail"},
				"up": {"uv": [9, 6, 10, 7], "texture": "#rail"},
				"down": {"uv": [9, 6, 10, 7], "texture": "#rail"}
			},
			"rotation": {
				"origin": [8, 17.060000000000002, 6.06],
				"axis": "x",
				"angle": -45
			}
		},
		{
			"name": "Tie 4.1",
			"from": [1, 4, -6],
			"to": [8, 5, -3],
			"shade": false,
			"faces": {
				"north": {
					"uv": [1, 1, 8, 2],
					"texture": "#rail",
					"rotation": 180
				},
				"east": {
					"uv": [7, 1, 8, 3],
					"texture": "#rail",
					"rotation": 90
				},
				"south": {"uv": [1, 2, 8, 3], "texture": "#rail"},
				"west": {
					"uv": [1, 1, 2, 3],
					"texture": "#rail",
					"rotation": 270
				},
				"up": {"uv": [1, 1, 8, 3], "texture": "#rail"},
				"down": {"uv": [1, 1, 8, 3], "texture": "#rail"}
			},
			"rotation": {
				"origin": [8, 12, 1],
				"axis": "x",
				"angle": -45
			}
		},
		{
			"name": "Tie 4.2",
			"from": [8, 4, -6],
			"to": [9, 5, -4.5],
			"shade": false,
			"faces": {
				"north": {
					"uv": [8, 1, 9, 2],
					"texture": "#rail",
					"rotation": 90
				},
				"east": {
					"uv": [8, 1, 9, 2],
					"texture": "#rail",
					"rotation": 90
				},
				"south": {
					"uv": [8, 1, 9, 2],
					"texture": "#rail",
					"rotation": 90
				},
				"west": {
					"uv": [8, 1, 9, 2],
					"texture": "#rail",
					"rotation": 90
				},
				"up": {
					"uv": [8, 1, 9, 2],
					"texture": "#rail",
					"rotation": 90
				},
				"down": {
					"uv": [8, 1, 9, 2],
					"texture": "#rail",
					"rotation": 90
				}
			},
			"rotation": {
				"origin": [15, 12, 1],
				"axis": "x",
				"angle": -45
			}
		},
		{
			"name": "Tie 4.3",
			"from": [8, 5.06, -4.94],
			"to": [9, 6.06, -3.4400000000000004],
			"shade": false,
			"faces": {
				"north": {
					"uv": [8, 2, 9, 3],
					"texture": "#rail",
					"rotation": 90
				},
				"east": {
					"uv": [8, 2, 9, 3],
					"texture": "#rail",
					"rotation": 90
				},
				"south": {
					"uv": [8, 2, 9, 3],
					"texture": "#rail",
					"rotation": 90
				},
				"west": {
					"uv": [8, 2, 9, 3],
					"texture": "#rail",
					"rotation": 90
				},
				"up": {
					"uv": [8, 2, 9, 3],
					"texture": "#rail",
					"rotation": 90
				},
				"down": {
					"uv": [8, 2, 9, 3],
					"texture": "#rail",
					"rotation": 90
				}
			},
			"rotation": {
				"origin": [15, 13.06, 2.0599999999999996],
				"axis": "x",
				"angle": -45
			}
		},
		{
			"name": "Tie 4.4",
			"from": [9, 4, -6],
			"to": [12, 5, -3],
			"shade": false,
			"faces": {
				"north": {
					"uv": [9, 1, 12, 2],
					"texture": "#rail",
					"rotation": 180
				},
				"east": {
					"uv": [11, 1, 12, 3],
					"texture": "#rail",
					"rotation": 90
				},
				"south": {"uv": [9, 2, 12, 3], "texture": "#rail"},
				"west": {
					"uv": [9, 1, 10, 3],
					"texture": "#rail",
					"rotation": 270
				},
				"up": {"uv": [9, 1, 12, 3], "texture": "#rail"},
				"down": {"uv": [9, 1, 12, 3], "texture": "#rail"}
			},
			"rotation": {
				"origin": [16, 12, 1],
				"axis": "x",
				"angle": -45
			}
		},
		{
			"name": "Tie 4.6",
			"from": [14, 4, -6],
			"to": [15, 5, -3],
			"shade": false,
			"faces": {
				"north": {
					"uv": [9, 1, 10, 2],
					"texture": "#rail",
					"rotation": 180
				},
				"east": {
					"uv": [14, 1, 15, 3],
					"texture": "#rail",
					"rotation": 90
				},
				"south": {"uv": [9, 2, 10, 3], "texture": "#rail"},
				"west": {
					"uv": [9, 1, 10, 4],
					"texture": "#rail",
					"rotation": 270
				},
				"up": {"uv": [14, 1, 15, 3], "texture": "#rail"},
				"down": {"uv": [14, 1, 15, 3], "texture": "#rail"}
			},
			"rotation": {
				"origin": [21, 12, 1],
				"axis": "x",
				"angle": -45
			}
		},
		{
			"name": "Tie 2.1",
			"from": [1, 12, 2],
			"to": [2, 13, 5],
			"shade": false,
			"faces": {
				"north": {
					"uv": [1, 9, 2, 10],
					"texture": "#rail",
					"rotation": 180
				},
				"east": {
					"uv": [3, 9, 4, 12],
					"texture": "#rail",
					"rotation": 90
				},
				"south": {"uv": [1, 10, 2, 11], "texture": "#rail"},
				"west": {
					"uv": [1, 9, 2, 11],
					"texture": "#rail",
					"rotation": 270
				},
				"up": {"uv": [1, 9, 2, 11], "texture": "#rail"},
				"down": {"uv": [1, 9, 2, 11], "texture": "#rail"}
			},
			"rotation": {
				"origin": [0, 20, 9],
				"axis": "x",
				"angle": -45
			}
		}
	],
	"display": {
		"thirdperson_righthand": {
			"rotation": [0, 0, 0],
			"translation": [-0.5, 0, 0],
			"scale": [1, 0, 0]
		},
		"thirdperson_lefthand": {},
		"firstperson_righthand": {},
		"firstperson_lefthand": {},
		"head": {},
		"ground": {},
		"fixed": {},
		"gui": {}
	}
}
