{
	"credit": "Made by bballboy2002 with Blockbench, a free, modern block model editor by JannisX11",
	"textures": {
		"particle": "#rail"
	},
	"elements": [
		{
			"name": "Outer Left",
			"from": [2, 1, 0],
			"to": [3, 2, 16],
			"shade": true,
			"faces": {
				"north": {
					"uv": [2, 0, 3, 16],
					"texture": "#rail",
					"rotation": 90
				},
				"east": {
					"uv": [2, 0, 3, 16],
					"texture": "#rail",
					"rotation": 90
				},
				"south": {
					"uv": [2, 0, 3, 16],
					"texture": "#rail",
					"rotation": 90
				},
				"west": {
					"uv": [2, 0, 3, 16],
					"texture": "#rail",
					"rotation": 90
				},
				"up": {
					"uv": [2, 0, 3, 16],
					"texture": "#rail",
					"rotation": 90
				},
				"down": {
					"uv": [2, 0, 3, 16],
					"texture": "#rail",
					"rotation": 90
				}
			},
			"rotation": {
				"origin": [10, 8, 6],
				"axis": "y",
				"angle": 0
			}
		},
		{
			"name": "Inner Left",
			"from": [3, 1, 0],
			"to": [4, 3, 16],
			"shade": true,
			"faces": {
				"north": {
					"uv": [3, 0, 4, 16],
					"texture": "#rail",
					"rotation": 90
				},
				"east": {
					"uv": [3, 0, 4, 16],
					"texture": "#rail",
					"rotation": 90
				},
				"south": {
					"uv": [3, 0, 4, 16],
					"texture": "#rail",
					"rotation": 90
				},
				"west": {
					"uv": [3, 0, 4, 16],
					"texture": "#rail",
					"rotation": 90
				},
				"up": {
					"uv": [3, 0, 4, 16],
					"texture": "#rail",
					"rotation": 90
				},
				"down": {
					"uv": [3, 0, 4, 16],
					"texture": "#rail",
					"rotation": 90
				}
			},
			"rotation": {
				"origin": [11, 8, 5],
				"axis": "y",
				"angle": 0
			}
		},
		{
			"name": "Outer Right",
			"from": [13, 1, 0],
			"to": [14, 2, 16],
			"shade": true,
			"faces": {
				"north": {
					"uv": [13, 0, 14, 16],
					"texture": "#rail",
					"rotation": 90
				},
				"east": {
					"uv": [13, 0, 14, 16],
					"texture": "#rail",
					"rotation": 90
				},
				"south": {
					"uv": [13, 0, 14, 16],
					"texture": "#rail",
					"rotation": 90
				},
				"west": {
					"uv": [13, 0, 14, 16],
					"texture": "#rail",
					"rotation": 90
				},
				"up": {
					"uv": [13, 0, 14, 16],
					"texture": "#rail",
					"rotation": 90
				},
				"down": {
					"uv": [13, 0, 14, 16],
					"texture": "#rail",
					"rotation": 90
				}
			},
			"rotation": {
				"origin": [21, 8, -5],
				"axis": "y",
				"angle": 0
			}
		},
		{
			"name": "Inner Right",
			"from": [12, 1, 0],
			"to": [13, 3, 16],
			"shade": true,
			"faces": {
				"north": {"uv": [12, 0, 13, 16], "texture": "#rail"},
				"east": {"uv": [12, 0, 13, 16], "texture": "#rail"},
				"south": {"uv": [12, 0, 13, 16], "texture": "#rail"},
				"west": {"uv": [12, 0, 13, 16], "texture": "#rail"},
				"up": {"uv": [12, 0, 13, 16], "texture": "#rail"},
				"down": {"uv": [12, 0, 13, 16], "texture": "#rail"}
			},
			"rotation": {
				"origin": [20, 8, -4],
				"axis": "y",
				"angle": 0
			}
		},
		{
			"name": "Tie 4.1",
			"from": [1, 0, 1],
			"to": [8, 1, 3],
			"shade": true,
			"faces": {
				"north": {
					"uv": [1, 1, 8, 2],
					"texture": "#rail",
					"rotation": 180
				},
				"east": {
					"uv": [7, 1, 8, 3],
					"texture": "#rail",
					"rotation": 90
				},
				"south": {"uv": [1, 2, 8, 3], "texture": "#rail"},
				"west": {
					"uv": [1, 1, 2, 3],
					"texture": "#rail",
					"rotation": 270
				},
				"up": {"uv": [1, 1, 8, 3], "texture": "#rail"},
				"down": {"uv": [1, 1, 8, 3], "texture": "#rail"}
			},
			"rotation": {
				"origin": [8, 8, 8],
				"axis": "y",
				"angle": 0
			}
		},
		{
			"name": "Tie 3.1",
			"from": [1, 0, 5],
			"to": [6, 1, 7],
			"shade": true,
			"faces": {
				"north": {
					"uv": [1, 5, 6, 6],
					"texture": "#rail",
					"rotation": 180
				},
				"east": {
					"uv": [5, 5, 6, 7],
					"texture": "#rail",
					"rotation": 90
				},
				"south": {"uv": [1, 6, 6, 7], "texture": "#rail"},
				"west": {
					"uv": [1, 5, 2, 7],
					"texture": "#rail",
					"rotation": 270
				},
				"up": {"uv": [1, 5, 6, 7], "texture": "#rail"},
				"down": {"uv": [1, 5, 6, 7], "texture": "#rail"}
			},
			"rotation": {
				"origin": [4, 8, 12],
				"axis": "y",
				"angle": 0
			}
		},
		{
			"name": "Tie 2.1",
			"from": [1, 0, 9],
			"to": [4, 1, 11],
			"shade": true,
			"faces": {
				"north": {
					"uv": [1, 9, 4, 10],
					"texture": "#rail",
					"rotation": 180
				},
				"east": {
					"uv": [3, 9, 4, 11],
					"texture": "#rail",
					"rotation": 90
				},
				"south": {"uv": [1, 10, 4, 11], "texture": "#rail"},
				"west": {
					"uv": [1, 9, 2, 11],
					"texture": "#rail",
					"rotation": 270
				},
				"up": {"uv": [1, 9, 4, 11], "texture": "#rail"},
				"down": {"uv": [1, 9, 4, 11], "texture": "#rail"}
			},
			"rotation": {
				"origin": [0, 8, 16],
				"axis": "y",
				"angle": 0
			}
		},
		{
			"name": "Tie 1.1",
			"from": [1, 0, 13],
			"to": [5, 1, 15],
			"shade": true,
			"faces": {
				"north": {
					"uv": [1, 13, 5, 14],
					"texture": "#rail",
					"rotation": 180
				},
				"east": {
					"uv": [14, 13, 15, 15],
					"texture": "#rail",
					"rotation": 90
				},
				"south": {"uv": [1, 14, 5, 15], "texture": "#rail"},
				"west": {
					"uv": [1, 13, 2, 15],
					"texture": "#rail",
					"rotation": 270
				},
				"up": {"uv": [1, 13, 5, 15], "texture": "#rail"},
				"down": {"uv": [1, 13, 5, 15], "texture": "#rail"}
			},
			"rotation": {
				"origin": [-4, 8, 20],
				"axis": "y",
				"angle": 0
			}
		},
		{
			"name": "Tie 3.6",
			"from": [10, 0, 5],
			"to": [15, 1, 7],
			"shade": true,
			"faces": {
				"north": {
					"uv": [10, 5, 15, 6],
					"texture": "#rail",
					"rotation": 180
				},
				"east": {
					"uv": [14, 5, 15, 7],
					"texture": "#rail",
					"rotation": 90
				},
				"south": {"uv": [10, 6, 15, 7], "texture": "#rail"},
				"west": {
					"uv": [10, 5, 11, 7],
					"texture": "#rail",
					"rotation": 270
				},
				"up": {"uv": [10, 5, 15, 7], "texture": "#rail"},
				"down": {"uv": [10, 5, 15, 7], "texture": "#rail"}
			},
			"rotation": {
				"origin": [13, 8, 12],
				"axis": "y",
				"angle": 0
			}
		},
		{
			"name": "Tie 3.2",
			"from": [6, 0, 5],
			"to": [10, 1, 6],
			"shade": true,
			"faces": {
				"north": {
					"uv": [6, 5, 10, 6],
					"texture": "#rail",
					"rotation": 180
				},
				"east": {
					"uv": [7, 5, 8, 6],
					"texture": "#rail",
					"rotation": 90
				},
				"south": {"uv": [6, 5, 10, 6], "texture": "#rail"},
				"west": {
					"uv": [1, 5, 2, 6],
					"texture": "#rail",
					"rotation": 270
				},
				"up": {"uv": [6, 5, 10, 6], "texture": "#rail"},
				"down": {"uv": [6, 5, 10, 6], "texture": "#rail"}
			},
			"rotation": {
				"origin": [9, 8, 12],
				"axis": "y",
				"angle": 0
			}
		},
		{
			"name": "Tie 3.4",
			"from": [8, 0, 6],
			"to": [9, 1, 7],
			"shade": true,
			"faces": {
				"north": {"uv": [8, 6, 9, 7], "texture": "#rail"},
				"east": {"uv": [8, 6, 9, 7], "texture": "#rail"},
				"south": {"uv": [8, 6, 9, 7], "texture": "#rail"},
				"west": {"uv": [8, 6, 9, 7], "texture": "#rail"},
				"up": {"uv": [8, 6, 9, 7], "texture": "#rail"},
				"down": {"uv": [8, 6, 9, 7], "texture": "#rail"}
			},
			"rotation": {
				"origin": [11, 8, 13],
				"axis": "y",
				"angle": 0
			}
		},
		{
			"name": "Tie 3.3",
			"from": [6, 0, 6],
			"to": [8, 1, 7],
			"shade": true,
			"faces": {
				"north": {"uv": [6, 6, 8, 7], "texture": "#rail"},
				"east": {"uv": [6, 6, 7, 7], "texture": "#rail"},
				"south": {"uv": [6, 6, 8, 7], "texture": "#rail"},
				"west": {"uv": [6, 6, 7, 7], "texture": "#rail"},
				"up": {"uv": [6, 6, 8, 7], "texture": "#rail"},
				"down": {"uv": [6, 6, 8, 7], "texture": "#rail"}
			},
			"rotation": {
				"origin": [9, 8, 13],
				"axis": "y",
				"angle": 0
			}
		},
		{
			"name": "Tie 3.5",
			"from": [9, 0, 6],
			"to": [10, 1, 7],
			"shade": true,
			"faces": {
				"north": {"uv": [9, 6, 10, 7], "texture": "#rail"},
				"east": {"uv": [9, 6, 10, 7], "texture": "#rail"},
				"south": {"uv": [9, 6, 10, 7], "texture": "#rail"},
				"west": {"uv": [9, 6, 10, 7], "texture": "#rail"},
				"up": {"uv": [9, 6, 10, 7], "texture": "#rail"},
				"down": {"uv": [9, 6, 10, 7], "texture": "#rail"}
			},
			"rotation": {
				"origin": [12, 8, 13],
				"axis": "y",
				"angle": 0
			}
		},
		{
			"name": "Tie 1.3",
			"from": [5, 0, 14],
			"to": [6, 1, 15],
			"shade": true,
			"faces": {
				"north": {"uv": [5, 14, 6, 15], "texture": "#rail"},
				"east": {"uv": [5, 14, 6, 15], "texture": "#rail"},
				"south": {"uv": [5, 14, 6, 15], "texture": "#rail"},
				"west": {"uv": [5, 14, 6, 15], "texture": "#rail"},
				"up": {"uv": [5, 14, 6, 15], "texture": "#rail"},
				"down": {"uv": [5, 14, 6, 15], "texture": "#rail"}
			},
			"rotation": {
				"origin": [0, 8, 21],
				"axis": "y",
				"angle": 0
			}
		},
		{
			"name": "Tie 1.2",
			"from": [5, 0, 13],
			"to": [8, 1, 14],
			"shade": true,
			"faces": {
				"north": {"uv": [5, 13, 8, 14], "texture": "#rail"},
				"east": {"uv": [7, 13, 8, 14], "texture": "#rail"},
				"south": {"uv": [5, 13, 8, 14], "texture": "#rail"},
				"west": {"uv": [5, 13, 6, 14], "texture": "#rail"},
				"up": {"uv": [5, 13, 8, 14], "texture": "#rail"},
				"down": {"uv": [5, 13, 8, 14], "texture": "#rail"}
			},
			"rotation": {
				"origin": [0, 8, 20],
				"axis": "y",
				"angle": 0
			}
		},
		{
			"name": "Tie 1.4",
			"from": [6, 0, 14],
			"to": [9, 1, 15],
			"shade": true,
			"faces": {
				"north": {"uv": [6, 14, 9, 15], "texture": "#rail"},
				"east": {"uv": [8, 14, 9, 15], "texture": "#rail"},
				"south": {"uv": [6, 14, 9, 15], "texture": "#rail"},
				"west": {"uv": [6, 14, 7, 15], "texture": "#rail"},
				"up": {"uv": [6, 14, 9, 15], "texture": "#rail"},
				"down": {"uv": [6, 14, 9, 15], "texture": "#rail"}
			},
			"rotation": {
				"origin": [1, 8, 21],
				"axis": "y",
				"angle": 0
			}
		},
		{
			"name": "Tie 1.5",
			"from": [8, 0, 13],
			"to": [9, 1, 14],
			"shade": true,
			"faces": {
				"north": {"uv": [8, 13, 9, 14], "texture": "#rail"},
				"east": {"uv": [8, 13, 9, 14], "texture": "#rail"},
				"south": {"uv": [8, 13, 9, 14], "texture": "#rail"},
				"west": {"uv": [8, 13, 9, 14], "texture": "#rail"},
				"up": {"uv": [8, 13, 9, 14], "texture": "#rail"},
				"down": {"uv": [8, 13, 9, 14], "texture": "#rail"}
			},
			"rotation": {
				"origin": [3, 8, 20],
				"axis": "y",
				"angle": 0
			}
		},
		{
			"name": "Tie 1.6",
			"from": [9, 0, 13],
			"to": [15, 1, 15],
			"shade": true,
			"faces": {
				"north": {
					"uv": [9, 13, 15, 14],
					"texture": "#rail",
					"rotation": 180
				},
				"east": {
					"uv": [14, 13, 15, 15],
					"texture": "#rail",
					"rotation": 90
				},
				"south": {"uv": [9, 14, 15, 15], "texture": "#rail"},
				"west": {
					"uv": [9, 13, 10, 15],
					"texture": "#rail",
					"rotation": 270
				},
				"up": {"uv": [9, 13, 15, 15], "texture": "#rail"},
				"down": {"uv": [9, 13, 15, 15], "texture": "#rail"}
			},
			"rotation": {
				"origin": [4, 8, 20],
				"axis": "y",
				"angle": 0
			}
		},
		{
			"name": "Tie 2.2",
			"from": [4, 0, 9],
			"to": [8, 1, 11],
			"shade": true,
			"faces": {
				"north": {
					"uv": [4, 9, 8, 10],
					"texture": "#rail",
					"rotation": 180
				},
				"east": {
					"uv": [7, 9, 8, 11],
					"texture": "#rail",
					"rotation": 90
				},
				"south": {"uv": [4, 10, 8, 11], "texture": "#rail"},
				"west": {
					"uv": [4, 9, 5, 11],
					"texture": "#rail",
					"rotation": 270
				},
				"up": {"uv": [4, 9, 8, 11], "texture": "#rail"},
				"down": {"uv": [4, 9, 8, 11], "texture": "#rail"}
			},
			"rotation": {
				"origin": [3, 8, 16],
				"axis": "y",
				"angle": 0
			}
		},
		{
			"name": "Tie 2.3",
			"from": [8, 0, 10],
			"to": [9, 1, 11],
			"shade": true,
			"faces": {
				"north": {
					"uv": [8, 10, 9, 11],
					"texture": "#rail",
					"rotation": 90
				},
				"east": {
					"uv": [8, 10, 9, 11],
					"texture": "#rail",
					"rotation": 90
				},
				"south": {
					"uv": [8, 10, 9, 11],
					"texture": "#rail",
					"rotation": 90
				},
				"west": {
					"uv": [8, 10, 9, 11],
					"texture": "#rail",
					"rotation": 90
				},
				"up": {
					"uv": [8, 10, 9, 11],
					"texture": "#rail",
					"rotation": 90
				},
				"down": {"uv": [7, 10, 8, 11], "texture": "#rail"}
			},
			"rotation": {
				"origin": [7, 8, 17],
				"axis": "y",
				"angle": 0
			}
		},
		{
			"name": "Tie 2.4",
			"from": [8, 0, 9],
			"to": [9, 1, 10],
			"shade": true,
			"faces": {
				"north": {
					"uv": [8, 9, 9, 10],
					"texture": "#rail",
					"rotation": 90
				},
				"east": {
					"uv": [8, 9, 9, 10],
					"texture": "#rail",
					"rotation": 90
				},
				"south": {
					"uv": [8, 9, 9, 10],
					"texture": "#rail",
					"rotation": 90
				},
				"west": {
					"uv": [8, 9, 9, 10],
					"texture": "#rail",
					"rotation": 90
				},
				"up": {
					"uv": [8, 9, 9, 10],
					"texture": "#rail",
					"rotation": 90
				},
				"down": {"uv": [8, 9, 9, 10], "texture": "#rail"}
			},
			"rotation": {
				"origin": [7, 8, 16],
				"axis": "y",
				"angle": 0
			}
		},
		{
			"name": "Tie 2.5",
			"from": [9, 0, 9],
			"to": [15, 1, 11],
			"shade": true,
			"faces": {
				"north": {
					"uv": [9, 9, 15, 10],
					"texture": "#rail",
					"rotation": 180
				},
				"east": {
					"uv": [14, 9, 15, 11],
					"texture": "#rail",
					"rotation": 90
				},
				"south": {"uv": [9, 10, 15, 11], "texture": "#rail"},
				"west": {
					"uv": [9, 9, 10, 11],
					"texture": "#rail",
					"rotation": 270
				},
				"up": {"uv": [9, 9, 15, 11], "texture": "#rail"},
				"down": {"uv": [9, 9, 15, 11], "texture": "#rail"}
			},
			"rotation": {
				"origin": [8, 8, 16],
				"axis": "y",
				"angle": 0
			}
		},
		{
			"name": "Tie 4.2",
			"from": [8, 0, 1],
			"to": [9, 1, 2],
			"shade": true,
			"faces": {
				"north": {"uv": [8, 1, 9, 2], "texture": "#rail"},
				"east": {"uv": [8, 1, 9, 2], "texture": "#rail"},
				"south": {"uv": [8, 1, 9, 2], "texture": "#rail"},
				"west": {"uv": [8, 1, 9, 2], "texture": "#rail"},
				"up": {"uv": [8, 1, 9, 2], "texture": "#rail"},
				"down": {"uv": [7, 1, 8, 2], "texture": "#rail"}
			},
			"rotation": {
				"origin": [15, 8, 8],
				"axis": "y",
				"angle": 0
			}
		},
		{
			"name": "Tie 4.3",
			"from": [8, 0, 2],
			"to": [9, 1, 3],
			"shade": true,
			"faces": {
				"north": {"uv": [8, 2, 9, 3], "texture": "#rail"},
				"east": {"uv": [8, 2, 9, 3], "texture": "#rail"},
				"south": {"uv": [8, 2, 9, 3], "texture": "#rail"},
				"west": {"uv": [8, 2, 9, 3], "texture": "#rail"},
				"up": {"uv": [8, 2, 9, 3], "texture": "#rail"},
				"down": {"uv": [8, 2, 9, 3], "texture": "#rail"}
			},
			"rotation": {
				"origin": [15, 8, 9],
				"axis": "y",
				"angle": 0
			}
		},
		{
			"name": "Tie 4.4",
			"from": [9, 0, 1],
			"to": [12, 1, 3],
			"shade": true,
			"faces": {
				"north": {
					"uv": [9, 1, 12, 2],
					"texture": "#rail",
					"rotation": 180
				},
				"east": {
					"uv": [11, 1, 12, 3],
					"texture": "#rail",
					"rotation": 90
				},
				"south": {"uv": [9, 2, 12, 3], "texture": "#rail"},
				"west": {
					"uv": [9, 1, 10, 3],
					"texture": "#rail",
					"rotation": 270
				},
				"up": {"uv": [9, 1, 12, 3], "texture": "#rail"},
				"down": {"uv": [9, 1, 12, 3], "texture": "#rail"}
			},
			"rotation": {
				"origin": [16, 8, 8],
				"axis": "y",
				"angle": 0
			}
		},
		{
			"name": "Tie 4.5",
			"from": [12, 0, 1],
			"to": [14, 1, 3],
			"shade": true,
			"faces": {
				"north": {
					"uv": [12, 1, 14, 2],
					"texture": "#rail",
					"rotation": 180
				},
				"east": {
					"uv": [13, 1, 14, 3],
					"texture": "#rail",
					"rotation": 90
				},
				"south": {"uv": [12, 2, 14, 3], "texture": "#rail"},
				"west": {
					"uv": [12, 1, 13, 3],
					"texture": "#rail",
					"rotation": 270
				},
				"up": {"uv": [12, 1, 14, 3], "texture": "#rail"},
				"down": {"uv": [12, 1, 14, 3], "texture": "#rail"}
			},
			"rotation": {
				"origin": [19, 8, 8],
				"axis": "y",
				"angle": 0
			}
		},
		{
			"name": "Tie 4.6",
			"from": [14, 0, 1],
			"to": [15, 1, 3],
			"shade": true,
			"faces": {
				"north": {
					"uv": [14, 1, 15, 2],
					"texture": "#rail",
					"rotation": 180
				},
				"east": {
					"uv": [14, 1, 15, 3],
					"texture": "#rail",
					"rotation": 90
				},
				"south": {"uv": [14, 2, 15, 3], "texture": "#rail"},
				"west": {
					"uv": [14, 1, 15, 3],
					"texture": "#rail",
					"rotation": 270
				},
				"up": {"uv": [14, 1, 15, 3], "texture": "#rail"},
				"down": {
					"uv": [1, 1, 2, 3],
					"texture": "#rail",
					"rotation": 180
				}
			},
			"rotation": {
				"origin": [21, 8, 8],
				"axis": "y",
				"angle": 0
			}
		}
	]
}
