{
	"format_version": "1.10.0",
	"geometry.model": {
		"texturewidth": 128,
		"textureheight": 64,
		"visible_bounds_width": 2,
		"visible_bounds_height": 2,
		"visible_bounds_offset": [0, 1, 0],
		"bones": [
			{
				"name": "legRight",
				"pivot": [-2, 9, 0],
				"cubes": [
					{"origin": [-3.5, 0, -1.5], "size": [3, 8, 3], "uv": [99, 50]}
				]
			},
			{
				"name": "body",
				"pivot": [0, 10.5, 0],
				"cubes": [
					{"origin": [-3, 10, -3], "size": [6, 8, 6], "uv": [58, 0]},
					{"origin": [-3.5, 8, -3.5], "size": [7, 2, 7], "uv": [106, 35]}
				]
			},
			{
				"name": "legLeft",
				"pivot": [2, 9, 0],
				"cubes": [
					{"origin": [0.5, 0, -1.5], "size": [3, 8, 3], "uv": [114, 48]}
				]
			},
			{
				"name": "armLeft",
				"pivot": [3, 17.5, 0],
				"rotation": [0, 0, -24.99815],
				"cubes": [
					{"origin": [3, 8.5, -1], "size": [2, 8, 2], "uv": [120, 0]},
					{"origin": [2, 14.5, -2], "size": [4, 3, 4], "uv": [79, 53]}
				]
			},
			{
				"name": "armRight",
				"pivot": [-3, 17.5, 0],
				"rotation": [0, 0, 24.99815],
				"cubes": [
					{"origin": [-5, 8.5, -1], "size": [2, 8, 2], "uv": [103, 6]},
					{"origin": [-6, 14.5, -2], "size": [4, 3, 4], "uv": [78, 28]}
				]
			},
			{
				"name": "head",
				"pivot": [0, 18, 0],
				"cubes": [
					{"origin": [-4, 18, -4], "size": [8, 8, 8], "uv": [0, 0]}
				]
			},
			{
				"name": "hair",
				"parent": "head",
				"pivot": [0, 18, 4],
				"rotation": [9.99811, 0, 0]
			},
			{
				"name": "h8",
				"parent": "hair",
				"pivot": [0, 18, 4],
				"cubes": [
					{"origin": [-4, 6, 4], "size": [1, 12, 0], "uv": [54, 29]}
				]
			},
			{
				"name": "h7",
				"parent": "hair",
				"pivot": [0, 18, 4],
				"rotation": [0.49847, 0, 0],
				"cubes": [
					{"origin": [-3, 6, 4], "size": [1, 12, 0], "uv": [59, 32]}
				]
			},
			{
				"name": "h6",
				"parent": "hair",
				"pivot": [0, 18, 4],
				"rotation": [1.00268, 0, 0],
				"cubes": [
					{"origin": [-2, 6, 4], "size": [1, 12, 0], "uv": [50, 26]}
				]
			},
			{
				"name": "h5",
				"parent": "hair",
				"pivot": [0, 18, 4],
				"rotation": [3.0023, 0, 0],
				"cubes": [
					{"origin": [-1, 6, 4], "size": [1, 12, 0], "uv": [58, 30]}
				]
			},
			{
				"name": "h4",
				"parent": "hair",
				"pivot": [0, 18, 4],
				"rotation": [1.50115, 0, 0],
				"cubes": [
					{"origin": [0, 6, 4], "size": [1, 12, 0], "uv": [61, 33]}
				]
			},
			{
				"name": "h3",
				"parent": "hair",
				"pivot": [0, 18, 4],
				"rotation": [1.99962, 0, 0],
				"cubes": [
					{"origin": [1, 6, 4], "size": [1, 12, 0], "uv": [7, 35]}
				]
			},
			{
				"name": "h2",
				"parent": "hair",
				"pivot": [0, 18, 4],
				"rotation": [1.00268, 0, 0],
				"cubes": [
					{"origin": [2, 6, 4], "size": [1, 12, 0], "uv": [57, 31]}
				]
			},
			{
				"name": "h1",
				"parent": "hair",
				"pivot": [0, 18, 4],
				"cubes": [
					{"origin": [3, 6, 4], "size": [1, 12, 0], "uv": [57, 27]}
				]
			}
		]
	}
}