{
	"credit": "Made by bballboy2002 with Blockbench, a free, modern block model editor by JannisX11",
	"textures": {
	"particle": "#rail"
	},
	"elements": [
		{
			"name": "Tie 4",
			"from": [1, 3.7, -6],
			"to": [15, 4.7, -3],
			"shade": false,
			"faces": {
				"north": {
					"uv": [1, 1, 15, 2],
					"texture": "#rail",
					"rotation": 180
				},
				"east": {
					"uv": [14, 1, 15, 3],
					"texture": "#rail",
					"rotation": 90
				},
				"south": {"uv": [1, 2, 15, 3], "texture": "#rail"},
				"west": {
					"uv": [1, 1, 2, 3],
					"texture": "#rail",
					"rotation": 270
				},
				"up": {"uv": [1, 1, 15, 3], "texture": "#rail"},
				"down": {"uv": [1, 1, 15, 3], "texture": "#rail"}
			},
			"rotation": {
				"origin": [8, 11.7, 1],
				"axis": "x",
				"angle": -45
			}
		},
		{
			"name": "Tie 1",
			"from": [1, 15.7, 6],
			"to": [15, 16.7, 9],
			"shade": false,
			"faces": {
				"north": {
					"uv": [1, 13, 15, 14],
					"texture": "#rail",
					"rotation": 180
				},
				"east": {
					"uv": [14, 13, 15, 15],
					"texture": "#rail",
					"rotation": 90
				},
				"south": {"uv": [1, 14, 15, 15], "texture": "#rail"},
				"west": {
					"uv": [1, 13, 2, 15],
					"texture": "#rail",
					"rotation": 270
				},
				"up": {"uv": [1, 13, 15, 15], "texture": "#rail"},
				"down": {"uv": [1, 13, 15, 15], "texture": "#rail"}
			},
			"rotation": {
				"origin": [-4, 23.7, 13],
				"axis": "x",
				"angle": -45
			}
		},
		{
			"name": "Outer Right",
			"from": [13, 3.9000000000000004, -8],
			"to": [14, 4.9, 16.1],
			"shade": true,
			"faces": {
				"north": {"uv": [2, 0, 3, 16], "texture": "#rail"},
				"east": {"uv": [2, 0, 3, 16], "texture": "#rail"},
				"south": {"uv": [2, 0, 3, 16], "texture": "#rail"},
				"west": {"uv": [2, 0, 3, 16], "texture": "#rail"},
				"up": {"uv": [2, 0, 3, 16], "texture": "#rail"},
				"down": {"uv": [2, 0, 3, 16], "texture": "#rail"}
			},
			"rotation": {
				"origin": [21, 11.9, 0],
				"axis": "x",
				"angle": -45
			}
		},
		{
			"name": "Inner Right",
			"from": [12, 3.9000000000000004, -8],
			"to": [13, 5.9, 16.1],
			"shade": true,
			"faces": {
				"north": {"uv": [3, 0, 4, 16], "texture": "#rail"},
				"east": {"uv": [3, 0, 4, 16], "texture": "#rail"},
				"south": {"uv": [3, 0, 4, 16], "texture": "#rail"},
				"west": {"uv": [3, 0, 4, 16], "texture": "#rail"},
				"up": {"uv": [3, 0, 4, 16], "texture": "#rail"},
				"down": {"uv": [3, 0, 4, 16], "texture": "#rail"}
			},
			"rotation": {
				"origin": [20, 11.9, 0],
				"axis": "x",
				"angle": -45
			}
		},
		{
			"name": "Inner Left",
			"from": [3, 3.9000000000000004, -8],
			"to": [4, 5.9, 16.1],
			"shade": true,
			"faces": {
				"north": {"uv": [3, 0, 4, 16], "texture": "#rail"},
				"east": {"uv": [3, 0, 4, 16], "texture": "#rail"},
				"south": {"uv": [3, 0, 4, 16], "texture": "#rail"},
				"west": {"uv": [3, 0, 4, 16], "texture": "#rail"},
				"up": {"uv": [3, 0, 4, 16], "texture": "#rail"},
				"down": {"uv": [3, 0, 4, 16], "texture": "#rail"}
			},
			"rotation": {
				"origin": [11, 11.9, 0],
				"axis": "x",
				"angle": -45
			}
		},
		{
			"name": "Outer Left",
			"from": [2, 3.9000000000000004, -8],
			"to": [3, 4.9, 16.1],
			"shade": true,
			"faces": {
				"north": {"uv": [2, 0, 3, 16], "texture": "#rail"},
				"east": {"uv": [2, 0, 3, 16], "texture": "#rail"},
				"south": {"uv": [2, 0, 3, 16], "texture": "#rail"},
				"west": {"uv": [2, 0, 3, 16], "texture": "#rail"},
				"up": {"uv": [2, 0, 3, 16], "texture": "#rail"},
				"down": {"uv": [2, 0, 3, 16], "texture": "#rail"}
			},
			"rotation": {
				"origin": [10, 11.9, 0],
				"axis": "x",
				"angle": -45
			}
		},
		{
			"name": "Ties 2-5",
			"from": [1, 6.9, -2.8000000000000007],
			"to": [15, 7.9, 8.2],
			"shade": false,
			"faces": {
				"north": {
					"uv": [1, 4, 15, 5],
					"texture": "#rail",
					"rotation": 180
				},
				"east": {
					"uv": [14, 4, 15, 12],
					"texture": "#rail",
					"rotation": 90
				},
				"south": {"uv": [1, 11, 15, 12], "texture": "#rail"},
				"west": {
					"uv": [1, 4, 2, 12],
					"texture": "#rail",
					"rotation": 270
				},
				"up": {"uv": [1, 4, 15, 12], "texture": "#rail"},
				"down": {"uv": [1, 4, 15, 12], "texture": "#rail"}
			},
			"rotation": {
				"origin": [0, 14.9, 4.199999999999999],
				"axis": "x",
				"angle": -45
			}
		},
		{
			"name": "Electric 2",
			"from": [7, 3.3, -7.4],
			"to": [9, 5.3, -5.7],
			"shade": true,
			"faces": {
				"north": {
					"uv": [7, 0, 9, 16],
					"texture": "#rail",
					"rotation": 180
				},
				"east": {"uv": [8, 0, 9, 16], "texture": "#rail"},
				"south": {"uv": [7, 0, 9, 16], "texture": "#rail"},
				"west": {"uv": [7, 0, 8, 16], "texture": "#rail"},
				"up": {"uv": [7, 0, 9, 16], "texture": "#rail"},
				"down": {"uv": [7, 0, 9, 16], "texture": "#rail"}
			},
			"rotation": {
				"origin": [15, 11.299999999999999, 0.5999999999999996],
				"axis": "x",
				"angle": -45
			}
		},
		{
			"name": "Electric 1",
			"from": [7, 18.5, 7.800000000000001],
			"to": [9, 20.5, 10.450000000000001],
			"shade": true,
			"faces": {
				"north": {
					"uv": [7, 0, 9, 16],
					"texture": "#rail",
					"rotation": 180
				},
				"east": {"uv": [8, 0, 9, 16], "texture": "#rail"},
				"south": {"uv": [7, 0, 9, 16], "texture": "#rail"},
				"west": {"uv": [7, 0, 8, 16], "texture": "#rail"},
				"up": {"uv": [7, 0, 9, 16], "texture": "#rail"},
				"down": {"uv": [7, 0, 9, 16], "texture": "#rail"}
			},
			"rotation": {
				"origin": [15, 26.5, 15.8],
				"axis": "x",
				"angle": -45
			}
		},
		{
			"name": "Electric L1",
			"from": [7, 15.399999999999999, 4.6899999999999995],
			"to": [9, 16.4, 6.14],
			"shade": true,
			"faces": {
				"north": {
					"uv": [7, 0, 9, 16],
					"texture": "#rail",
					"rotation": 180
				},
				"east": {"uv": [8, 0, 9, 16], "texture": "#rail"},
				"south": {"uv": [7, 0, 9, 16], "texture": "#rail"},
				"west": {"uv": [7, 0, 8, 16], "texture": "#rail"},
				"up": {"uv": [7, 0, 9, 16], "texture": "#rail"},
				"down": {"uv": [7, 0, 9, 16], "texture": "#rail"}
			},
			"rotation": {
				"origin": [15, 23.4, 12.69],
				"axis": "x",
				"angle": -45
			}
		},
		{
			"name": "Electric L2",
			"from": [7, 6.5, -4.2],
			"to": [9, 7.5, -2.6],
			"shade": true,
			"faces": {
				"north": {
					"uv": [7, 0, 9, 16],
					"texture": "#rail",
					"rotation": 180
				},
				"east": {"uv": [8, 0, 9, 16], "texture": "#rail"},
				"south": {"uv": [7, 0, 9, 16], "texture": "#rail"},
				"west": {"uv": [7, 0, 8, 16], "texture": "#rail"},
				"up": {"uv": [7, 0, 9, 16], "texture": "#rail"},
				"down": {"uv": [7, 0, 9, 16], "texture": "#rail"}
			},
			"rotation": {
				"origin": [15, 14.5, 3.8],
				"axis": "x",
				"angle": -45
			}
		}
	],
	"display": {
		"thirdperson_righthand": {
			"rotation": [0, 0, 0],
			"translation": [-0.5, 0, 0],
			"scale": [1, 0, 0]
		},
		"thirdperson_lefthand": {},
		"firstperson_righthand": {},
		"firstperson_lefthand": {},
		"head": {},
		"ground": {},
		"fixed": {},
		"gui": {}
	}
}
