{
	"credit": "Made by bballboy2002 with Blockbench, a free, modern block model editor by JannisX11",
	"textures": {
		"particle": "#rail"
	},
	"elements": [
		{
			"name": "Outer Left",
			"from": [2, 1, 0],
			"to": [3, 2, 16],
			"shade": true,
			"faces": {
				"north": {
					"uv": [2, 0, 3, 16],
					"texture": "#rail",
					"rotation": 90
				},
				"east": {
					"uv": [2, 0, 3, 16],
					"texture": "#rail",
					"rotation": 90
				},
				"south": {
					"uv": [2, 0, 3, 16],
					"texture": "#rail",
					"rotation": 90
				},
				"west": {
					"uv": [2, 0, 3, 16],
					"texture": "#rail",
					"rotation": 90
				},
				"up": {
					"uv": [2, 0, 3, 16],
					"texture": "#rail",
					"rotation": 90
				},
				"down": {
					"uv": [2, 0, 3, 16],
					"texture": "#rail",
					"rotation": 90
				}
			},
			"rotation": {
				"origin": [10, 8, 6],
				"axis": "y",
				"angle": 0
			}
		},
		{
			"name": "Inner Left",
			"from": [3, 1, 0],
			"to": [4, 3, 16],
			"shade": true,
			"faces": {
				"north": {
					"uv": [3, 0, 4, 16],
					"texture": "#rail",
					"rotation": 90
				},
				"east": {
					"uv": [3, 0, 4, 16],
					"texture": "#rail",
					"rotation": 90
				},
				"south": {
					"uv": [3, 0, 4, 16],
					"texture": "#rail",
					"rotation": 90
				},
				"west": {
					"uv": [3, 0, 4, 16],
					"texture": "#rail",
					"rotation": 90
				},
				"up": {
					"uv": [3, 0, 4, 16],
					"texture": "#rail",
					"rotation": 90
				},
				"down": {
					"uv": [3, 0, 4, 16],
					"texture": "#rail",
					"rotation": 90
				}
			},
			"rotation": {
				"origin": [11, 8, 5],
				"axis": "y",
				"angle": 0
			}
		},
		{
			"name": "Outer Right",
			"from": [13, 1, 0],
			"to": [14, 2, 16],
			"shade": true,
			"faces": {
				"north": {
					"uv": [13, 0, 14, 16],
					"texture": "#rail",
					"rotation": 90
				},
				"east": {
					"uv": [13, 0, 14, 16],
					"texture": "#rail",
					"rotation": 90
				},
				"south": {
					"uv": [13, 0, 14, 16],
					"texture": "#rail",
					"rotation": 90
				},
				"west": {
					"uv": [13, 0, 14, 16],
					"texture": "#rail",
					"rotation": 90
				},
				"up": {
					"uv": [13, 0, 14, 16],
					"texture": "#rail",
					"rotation": 90
				},
				"down": {
					"uv": [13, 0, 14, 16],
					"texture": "#rail",
					"rotation": 90
				}
			},
			"rotation": {
				"origin": [21, 8, -5],
				"axis": "y",
				"angle": 0
			}
		},
		{
			"name": "Inner Right",
			"from": [12, 1, 0],
			"to": [13, 3, 16],
			"shade": true,
			"faces": {
				"north": {"uv": [12, 0, 13, 16], "texture": "#rail"},
				"east": {"uv": [12, 0, 13, 16], "texture": "#rail"},
				"south": {"uv": [12, 0, 13, 16], "texture": "#rail"},
				"west": {"uv": [12, 0, 13, 16], "texture": "#rail"},
				"up": {"uv": [12, 0, 13, 16], "texture": "#rail"},
				"down": {"uv": [12, 0, 13, 16], "texture": "#rail"}
			},
			"rotation": {
				"origin": [20, 8, -4],
				"axis": "y",
				"angle": 0
			}
		},
		{
			"name": "Tie 6",
			"from": [1, 0, 1.0499999999999998],
			"to": [15, 1, 2.9499999999999997],
			"shade": true,
			"faces": {
				"north": {
					"uv": [1, 1, 15, 2],
					"texture": "#rail",
					"rotation": 180
				},
				"east": {
					"uv": [14, 1, 15, 3],
					"texture": "#rail",
					"rotation": 90
				},
				"south": {"uv": [1, 2, 15, 3], "texture": "#rail"},
				"west": {
					"uv": [1, 1, 2, 3],
					"texture": "#rail",
					"rotation": 270
				},
				"up": {"uv": [1, 1, 15, 3], "texture": "#rail"},
				"down": {"uv": [1, 1, 15, 3], "texture": "#rail"}
			},
			"rotation": {
				"origin": [8, 8, 8.05],
				"axis": "y",
				"angle": 0
			}
		},
		{
			"name": "Ties 2-4",
			"from": [1, 0, 4.050000000000001],
			"to": [15, 1, 11.950000000000001],
			"shade": true,
			"faces": {
				"north": {
					"uv": [1, 4, 15, 5],
					"texture": "#rail",
					"rotation": 180
				},
				"east": {
					"uv": [14, 4, 15, 12],
					"texture": "#rail",
					"rotation": 90
				},
				"south": {"uv": [1, 11, 15, 12], "texture": "#rail"},
				"west": {
					"uv": [1, 4, 2, 12],
					"texture": "#rail",
					"rotation": 270
				},
				"up": {"uv": [1, 4, 15, 12], "texture": "#rail"},
				"down": {"uv": [1, 4, 15, 12], "texture": "#rail"}
			},
			"rotation": {
				"origin": [4, 8, 11.05],
				"axis": "y",
				"angle": 0
			}
		},
		{
			"name": "Tie 1",
			"from": [1, 0, 13.05],
			"to": [15, 1, 14.950000000000001],
			"shade": true,
			"faces": {
				"north": {
					"uv": [1, 13, 15, 14],
					"texture": "#rail",
					"rotation": 180
				},
				"east": {
					"uv": [14, 13, 15, 15],
					"texture": "#rail",
					"rotation": 90
				},
				"south": {"uv": [1, 14, 15, 15], "texture": "#rail"},
				"west": {
					"uv": [1, 13, 2, 15],
					"texture": "#rail",
					"rotation": 270
				},
				"up": {"uv": [1, 13, 15, 15], "texture": "#rail"},
				"down": {"uv": [1, 13, 15, 15], "texture": "#rail"}
			},
			"rotation": {
				"origin": [-4, 8, 20.05],
				"axis": "y",
				"angle": 0
			}
		}
	],
	"display": {
		"thirdperson_righthand": {
			"rotation": [0, 0, 0],
			"translation": [-0.5, 0, 0],
			"scale": [1, 0, 0]
		},
		"thirdperson_lefthand": {},
		"firstperson_righthand": {},
		"firstperson_lefthand": {},
		"head": {},
		"ground": {},
		"fixed": {},
		"gui": {}
	}
}
