{
  "forge_marker": 1,
  "defaults": {
    "model": "railcraft:outfitted/unified/railcraft:track_wye",
    "textures": {"rail": "railcraft:blocks/tracks/outfitted/unified/iron/wye_0"}
  },
  "variants": {
    "shape=north_south,state=0": [
      {
        "textures": {"rail": "railcraft:blocks/tracks/outfitted/unified/iron/wye_0"},
        "model": "railcraft:outfitted/unified/track_wye_0"
      }
    ],
    "shape=north_south,state=1": [
      {
        "textures": {"rail": "railcraft:blocks/tracks/outfitted/unified/iron/wye_1"},
        "model": "railcraft:outfitted/unified/track_wye_1"
      }
    ],
    "shape=north_south,state=2": [
      {
        "textures": {"rail": "railcraft:blocks/tracks/outfitted/unified/iron/wye_1"},
        "model": "railcraft:outfitted/unified/track_wye_1",
        "y":180
      }
    ],
    "shape=north_south,state=3": [
      {
        "textures": {"rail": "railcraft:blocks/tracks/outfitted/unified/iron/wye_0"},
        "model": "railcraft:outfitted/unified/track_wye_0",
        "y":180
      }
    ],
    "shape=east_west,state=0": [
      {
        "textures": {"rail": "railcraft:blocks/tracks/outfitted/unified/iron/wye_1"},
        "model": "railcraft:outfitted/unified/track_wye_0_mirrored",
        "y": 270
      }
    ],
    "shape=east_west,state=1": [
      {
        "textures": {"rail": "railcraft:blocks/tracks/outfitted/unified/iron/wye_0"},
        "model": "railcraft:outfitted/unified/track_wye_1_mirrored",
        "y": 270
      }
    ],
    "shape=east_west,state=2": [
      {
        "textures": {"rail": "railcraft:blocks/tracks/outfitted/unified/iron/wye_0"},
        "model": "railcraft:outfitted/unified/track_wye_1_mirrored",
        "y": 90
      }
    ],
    "shape=east_west,state=3": [
      {
        "textures": {"rail": "railcraft:blocks/tracks/outfitted/unified/iron/wye_1"},
        "model": "railcraft:outfitted/unified/track_wye_0_mirrored",
        "y": 90
      }
    ]
  }
}
