{
  "pack_name": "{pack.my_modle_pack.chair.name}",
  "author": ["Memories1999"],
  "version": "1.0",
  "date": "2020-01-10",
  "model_list": [
    {
      "model_id": "my_modle_pack:monitor_model",
      "mounted_height": 3,
      "render_item_scale": 1,
      "tameable_can_ride": false
    },{
      "model_id": "my_modle_pack:ibm_model",
      "mounted_height": 3,
      "render_item_scale": 0.9,
      "tameable_can_ride": false
    },{
      "model_id": "my_modle_pack:monitor1_model",
      "mounted_height": 3,
      "render_item_scale": 1,
      "tameable_can_ride": false
    }
  ]
}