{
    "pack_name": "{pack.my_modle_pack.name}",
	"author": ["Memories1999"],
	"version": "1.0",
	"date": "2020-1-10",
    "model_list": [
	{
    	"model_id": "my_modle_pack:ainme_model",
		"description": ["{model.my_modle_pack.ainme_model.desc}"]
    },{
    	"model_id": "my_modle_pack:rx_model",
		"description": ["{model.my_modle_pack.rx_model.desc}"]
    },{
    	"model_id": "my_modle_pack:hqsw_model",
		"description": ["{model.my_modle_pack.hqsw_model.desc}"]
    },{
    	"model_id": "my_modle_pack:na_model",
		"description": ["{model.my_modle_pack.na_model.desc}"]
    }
  ]
}