{
  "forge_marker": 1,
  "defaults": {
    "model": "railcraft:outfitted/kit/gold_rail",
    "textures": {"rail": "railcraft:blocks/tracks/outfitted/kit/locking_0"}
  },
  "variants": {
    "state": {
      "0": {
        "textures": {"rail": "railcraft:blocks/tracks/outfitted/kit/locking_0"}
      },
      "1": {
        "textures": {"rail": "railcraft:blocks/tracks/outfitted/kit/locking_1"}
      },
      "2": {
        "textures": {"rail": "railcraft:blocks/tracks/outfitted/kit/locking_2"}
      },
      "3": {
        "textures": {"rail": "railcraft:blocks/tracks/outfitted/kit/locking_3"}
      },
      "4": {
        "textures": {"rail": "railcraft:blocks/tracks/outfitted/kit/locking_4"}
      },
      "5": {
        "textures": {"rail": "railcraft:blocks/tracks/outfitted/kit/locking_5"}
      },
      "6": {
        "textures": {"rail": "railcraft:blocks/tracks/outfitted/kit/locking_6"}
      },
      "7": {
        "textures": {"rail": "railcraft:blocks/tracks/outfitted/kit/locking_7"}
      },
      "8": {
        "textures": {"rail": "railcraft:blocks/tracks/outfitted/kit/locking_8"}
      },
      "9": {
        "textures": {"rail": "railcraft:blocks/tracks/outfitted/kit/locking_9"}
      },
      "10": {
        "textures": {"rail": "railcraft:blocks/tracks/outfitted/kit/locking_10"}
      },
      "11": {
        "textures": {"rail": "railcraft:blocks/tracks/outfitted/kit/locking_11"}
      },
      "12": {
        "textures": {"rail": "railcraft:blocks/tracks/outfitted/kit/locking_12"}
      },
      "13": {
        "textures": {"rail": "railcraft:blocks/tracks/outfitted/kit/locking_13"}
      },
      "14": {
        "textures": {"rail": "railcraft:blocks/tracks/outfitted/kit/locking_14"}
      },
      "15": {
        "textures": {"rail": "railcraft:blocks/tracks/outfitted/kit/locking_15"}
      }
    },
    "shape": {
      "north_south": {
        "model": "railcraft:outfitted/kit/gold_rail"
      },
      "east_west": {
        "model": "railcraft:outfitted/kit/gold_rail", "y": 90
      },
      "ascending_east": {
        "model": "railcraft:outfitted/kit/gold_rail_raised_ne", "y": 90
      },
      "ascending_west": {
        "model": "railcraft:outfitted/kit/gold_rail_raised_sw", "y": 90
      },
      "ascending_north": {
        "model": "railcraft:outfitted/kit/gold_rail_raised_ne"
      },
      "ascending_south": {
        "model": "railcraft:outfitted/kit/gold_rail_raised_sw"
      }
    }
  }
}
