{
	"credit": "Made by bballboy2002 with Blockbench, a free, modern block model editor by JannisX11",
	"textures": {
		"particle": "#rail"
	},
	"elements": [
		{
			"name": "RS",
			"from": [5, 3.3000000000000003, 7.900000000000002],
			"to": [11, 4.6, 16.5],
			"shade": true,
			"faces": {
				"north": {
					"uv": [5, 5, 11, 6],
					"texture": "#rail",
					"rotation": 180
				},
				"east": {
					"uv": [10, 5, 11, 11],
					"texture": "#rail",
					"rotation": 90
				},
				"south": {"uv": [5, 10, 11, 11], "texture": "#rail"},
				"west": {
					"uv": [5, 5, 6, 11],
					"texture": "#rail",
					"rotation": 270
				},
				"up": {"uv": [5, 5, 11, 11], "texture": "#rail"},
				"down": {
					"uv": [5, 5, 11, 11],
					"texture": "#rail",
					"rotation": 180
				}
			},
			"rotation": {
				"origin": [4, 11.3, 14.899999999999999],
				"axis": "x",
				"angle": 45
			}
		},
		{
			"name": "Plate",
			"from": [6, 2.4000000000000004, 9.100000000000001],
			"to": [10, 3.7, 14.8],
			"shade": true,
			"faces": {
				"north": {
					"uv": [6, 6, 10, 7],
					"texture": "#rail",
					"rotation": 180
				},
				"east": {
					"uv": [9, 6, 10, 10],
					"texture": "#rail",
					"rotation": 90
				},
				"south": {"uv": [6, 9, 10, 10], "texture": "#rail"},
				"west": {
					"uv": [6, 6, 7, 10],
					"texture": "#rail",
					"rotation": 270
				},
				"up": {"uv": [6, 6, 10, 10], "texture": "#rail"},
				"down": {
					"uv": [6, 6, 10, 11.7],
					"texture": "#rail",
					"rotation": 180
				}
			},
			"rotation": {
				"origin": [5, 10.4, 16.099999999999998],
				"axis": "x",
				"angle": 45
			}
		}
	],
	"display": {
		"thirdperson_righthand": {
			"rotation": [0, 0, 0],
			"translation": [-0.5, 0, 0],
			"scale": [1, 0, 0]
		},
		"thirdperson_lefthand": {},
		"firstperson_righthand": {},
		"firstperson_lefthand": {},
		"head": {},
		"ground": {},
		"fixed": {},
		"gui": {}
	}
}
