{
	"credit": "Made by bballboy2002 with Blockbench, a free, modern block model editor by JannisX11",
	"textures": {
		"0": "blocks/rail_golden",
		"particle": "blocks/rail_golden"
	},
	"elements": [
		{
			"name": "Outer Left",
			"from": [2, 11.3, 2.1999999999999993],
			"to": [3, 12.3, 26.3],
			"shade": true,
			"faces": {
				"north": {
					"uv": [2, 0, 3, 16],
					"texture": "#0",
					"rotation": 90
				},
				"east": {
					"uv": [2, 0, 3, 16],
					"texture": "#0",
					"rotation": 90
				},
				"south": {
					"uv": [2, 0, 3, 16],
					"texture": "#0",
					"rotation": 90
				},
				"west": {
					"uv": [2, 0, 3, 16],
					"texture": "#0",
					"rotation": 90
				},
				"up": {
					"uv": [2, 0, 3, 16],
					"texture": "#0",
					"rotation": 90
				},
				"down": {
					"uv": [2, 0, 3, 16],
					"texture": "#0",
					"rotation": 90
				}
			},
			"rotation": {
				"origin": [10, 18.3, 8.2],
				"axis": "x",
				"angle": 45
			}
		},
		{
			"name": "Tie 4",
			"from": [1, 7.5, 4],
			"to": [15, 8.5, 7],
			"shade": true,
			"faces": {
				"north": {
					"uv": [1, 1, 15, 2],
					"texture": "#0",
					"rotation": 180
				},
				"east": {
					"uv": [14, 1, 15, 3],
					"texture": "#0",
					"rotation": 90
				},
				"south": {"uv": [1, 2, 15, 3], "texture": "#0"},
				"west": {
					"uv": [1, 1, 2, 3],
					"texture": "#0",
					"rotation": 270
				},
				"up": {"uv": [1, 1, 15, 3], "texture": "#0"},
				"down": {
					"uv": [1, 1, 15, 3],
					"texture": "#0",
					"rotation": 180
				}
			},
			"rotation": {
				"origin": [8, 15.5, 11],
				"axis": "x",
				"angle": 45
			}
		},
		{
			"name": "Tie 2",
			"from": [1, -0.5, 12],
			"to": [15, 0.5, 15],
			"shade": true,
			"faces": {
				"north": {
					"uv": [1, 9, 15, 10],
					"texture": "#0",
					"rotation": 180
				},
				"east": {
					"uv": [14, 9, 15, 11],
					"texture": "#0",
					"rotation": 90
				},
				"south": {"uv": [1, 10, 15, 11], "texture": "#0"},
				"west": {
					"uv": [1, 9, 2, 11],
					"texture": "#0",
					"rotation": 270
				},
				"up": {"uv": [1, 9, 15, 11], "texture": "#0"},
				"down": {
					"uv": [1, 9, 15, 11],
					"texture": "#0",
					"rotation": 180
				}
			},
			"rotation": {
				"origin": [0, 7.5, 19],
				"axis": "x",
				"angle": 45
			}
		},
		{
			"name": "Tie 1",
			"from": [1, -4.5, 16],
			"to": [15, -3.5, 19],
			"shade": true,
			"faces": {
				"north": {
					"uv": [1, 13, 15, 14],
					"texture": "#0",
					"rotation": 180
				},
				"east": {
					"uv": [14, 13, 15, 15],
					"texture": "#0",
					"rotation": 90
				},
				"south": {"uv": [1, 14, 15, 15], "texture": "#0"},
				"west": {
					"uv": [1, 13, 2, 15],
					"texture": "#0",
					"rotation": 270
				},
				"up": {"uv": [1, 13, 15, 15], "texture": "#0"},
				"down": {
					"uv": [1, 13, 15, 15],
					"texture": "#0",
					"rotation": 180
				}
			},
			"rotation": {
				"origin": [-4, 3.5, 23],
				"axis": "x",
				"angle": 45
			}
		},
		{
			"name": "Inner Left",
			"from": [3, 11.3, 2.1999999999999993],
			"to": [4, 13.3, 26.3],
			"shade": true,
			"faces": {
				"north": {
					"uv": [3, 0, 4, 16],
					"texture": "#0",
					"rotation": 90
				},
				"east": {
					"uv": [3, 0, 4, 16],
					"texture": "#0",
					"rotation": 90
				},
				"south": {
					"uv": [3, 0, 4, 16],
					"texture": "#0",
					"rotation": 90
				},
				"west": {
					"uv": [3, 0, 4, 16],
					"texture": "#0",
					"rotation": 90
				},
				"up": {
					"uv": [3, 0, 4, 16],
					"texture": "#0",
					"rotation": 90
				},
				"down": {
					"uv": [3, 0, 4, 16],
					"texture": "#0",
					"rotation": 90
				}
			},
			"rotation": {
				"origin": [11, 18.3, 8.2],
				"axis": "x",
				"angle": 45
			}
		},
		{
			"name": "Outer Right",
			"from": [13, 11.3, 2.1999999999999993],
			"to": [14, 12.3, 26.3],
			"shade": true,
			"faces": {
				"north": {
					"uv": [2, 0, 3, 16],
					"texture": "#0",
					"rotation": 90
				},
				"east": {
					"uv": [2, 0, 3, 16],
					"texture": "#0",
					"rotation": 90
				},
				"south": {
					"uv": [2, 0, 3, 16],
					"texture": "#0",
					"rotation": 90
				},
				"west": {
					"uv": [2, 0, 3, 16],
					"texture": "#0",
					"rotation": 90
				},
				"up": {
					"uv": [2, 0, 3, 16],
					"texture": "#0",
					"rotation": 90
				},
				"down": {
					"uv": [2, 0, 3, 16],
					"texture": "#0",
					"rotation": 90
				}
			},
			"rotation": {
				"origin": [21, 18.3, 8.2],
				"axis": "x",
				"angle": 45
			}
		},
		{
			"name": "Inner Right",
			"from": [12, 11.3, 2.1999999999999993],
			"to": [13, 13.3, 26.3],
			"shade": true,
			"faces": {
				"north": {
					"uv": [3, 0, 4, 16],
					"texture": "#0",
					"rotation": 90
				},
				"east": {
					"uv": [3, 0, 4, 16],
					"texture": "#0",
					"rotation": 90
				},
				"south": {
					"uv": [3, 0, 4, 16],
					"texture": "#0",
					"rotation": 90
				},
				"west": {
					"uv": [3, 0, 4, 16],
					"texture": "#0",
					"rotation": 90
				},
				"up": {
					"uv": [3, 0, 4, 16],
					"texture": "#0",
					"rotation": 90
				},
				"down": {
					"uv": [3, 0, 4, 16],
					"texture": "#0",
					"rotation": 90
				}
			},
			"rotation": {
				"origin": [20, 18.3, 8.2],
				"axis": "x",
				"angle": 45
			}
		},
		{
			"name": "Tie 3",
			"from": [1, 3.5, 8],
			"to": [15, 4.5, 11],
			"shade": true,
			"faces": {
				"north": {
					"uv": [1, 5, 15, 6],
					"texture": "#0",
					"rotation": 180
				},
				"east": {
					"uv": [14, 5, 15, 7],
					"texture": "#0",
					"rotation": 90
				},
				"south": {"uv": [1, 6, 15, 7], "texture": "#0"},
				"west": {
					"uv": [1, 5, 2, 7],
					"texture": "#0",
					"rotation": 270
				},
				"up": {"uv": [1, 5, 15, 7], "texture": "#0"},
				"down": {
					"uv": [1, 5, 15, 7],
					"texture": "#0",
					"rotation": 180
				}
			},
			"rotation": {
				"origin": [0, 11.5, 15],
				"axis": "x",
				"angle": 45
			}
		},
		{
			"name": "RS 1",
			"from": [7, -2.6, 14.100000000000001],
			"to": [9, -1.6, 16.8],
			"shade": true,
			"faces": {
				"north": {
					"uv": [1, 9, 3, 10],
					"texture": "#0",
					"rotation": 180
				},
				"east": {
					"uv": [8, 11, 9, 13],
					"texture": "#0",
					"rotation": 90
				},
				"south": {"uv": [1, 10, 3, 11], "texture": "#0"},
				"west": {
					"uv": [7, 11, 8, 13],
					"texture": "#0",
					"rotation": 270
				},
				"up": {"uv": [7, 11, 9, 13], "texture": "#0"},
				"down": {
					"uv": [7, 11, 9, 13],
					"texture": "#0",
					"rotation": 270
				}
			},
			"rotation": {
				"origin": [6, 5.4, 21.099999999999998],
				"axis": "x",
				"angle": 45
			}
		},
		{
			"name": "RS 2",
			"from": [7, 1.4, 10.100000000000001],
			"to": [9, 2.4, 12.8],
			"shade": true,
			"faces": {
				"north": {
					"uv": [1, 9, 3, 10],
					"texture": "#0",
					"rotation": 180
				},
				"east": {
					"uv": [8, 7, 9, 9],
					"texture": "#0",
					"rotation": 90
				},
				"south": {"uv": [1, 10, 3, 11], "texture": "#0"},
				"west": {
					"uv": [7, 7, 8, 9],
					"texture": "#0",
					"rotation": 270
				},
				"up": {"uv": [7, 7, 9, 9], "texture": "#0"},
				"down": {
					"uv": [7, 7, 9, 9],
					"texture": "#0",
					"rotation": 270
				}
			},
			"rotation": {
				"origin": [6, 9.4, 17.099999999999998],
				"axis": "x",
				"angle": 45
			}
		},
		{
			"name": "RS 3",
			"from": [7, 5.4, 6.1000000000000005],
			"to": [9, 6.4, 8.8],
			"shade": true,
			"faces": {
				"north": {
					"uv": [1, 9, 3, 10],
					"texture": "#0",
					"rotation": 180
				},
				"east": {
					"uv": [8, 3, 9, 5],
					"texture": "#0",
					"rotation": 90
				},
				"south": {"uv": [1, 10, 3, 11], "texture": "#0"},
				"west": {
					"uv": [7, 3, 8, 5],
					"texture": "#0",
					"rotation": 270
				},
				"up": {"uv": [7, 3, 9, 5], "texture": "#0"},
				"down": {"uv": [7, 3, 9, 5], "texture": "#0"}
			},
			"rotation": {
				"origin": [6, 13.4, 13.099999999999998],
				"axis": "x",
				"angle": 45
			}
		},
		{
			"name": "Golden Right",
			"from": [11, 11.3, 2.1999999999999993],
			"to": [12, 12.3, 26.3],
			"shade": true,
			"faces": {
				"north": {
					"uv": [11, 0, 12, 1],
					"texture": "#0",
					"rotation": 90
				},
				"east": {
					"uv": [2, 0, 3, 16],
					"texture": "#0",
					"rotation": 90
				},
				"south": {"uv": [11, 15, 12, 16], "texture": "#0"},
				"west": {
					"uv": [11, 0, 12, 16],
					"texture": "#0",
					"rotation": 270
				},
				"up": {"uv": [11, 0, 12, 16], "texture": "#0"},
				"down": {
					"uv": [11, 0, 12, 16],
					"texture": "#0",
					"rotation": 180
				}
			},
			"rotation": {
				"origin": [19, 18.3, 8.2],
				"axis": "x",
				"angle": 45
			}
		},
		{
			"name": "Golden Left",
			"from": [4, 11.3, 2.1999999999999993],
			"to": [5, 12.3, 26.3],
			"shade": true,
			"faces": {
				"north": {"uv": [4, 0, 5, 1], "texture": "#0"},
				"east": {
					"uv": [4, 0, 5, 16],
					"texture": "#0",
					"rotation": 90
				},
				"south": {"uv": [4, 15, 5, 16], "texture": "#0"},
				"west": {"uv": [4, 0, 5, 16], "texture": "#0"},
				"up": {"uv": [4, 0, 5, 16], "texture": "#0"},
				"down": {
					"uv": [4, 0, 5, 16],
					"texture": "#0",
					"rotation": 180
				}
			},
			"rotation": {
				"origin": [12, 18.3, 8.2],
				"axis": "x",
				"angle": 45
			}
		}
	],
	"display": {
		"thirdperson_righthand": {
			"rotation": [0, 0, 0],
			"translation": [-0.5, 0, 0],
			"scale": [1, 0, 0]
		},
		"thirdperson_lefthand": {},
		"firstperson_righthand": {},
		"firstperson_lefthand": {},
		"head": {},
		"ground": {},
		"fixed": {},
		"gui": {}
	}
}
