{
  "format_version": "1.10.0",
  "geometry.model": {
    "texturewidth": 128,
    "textureheight": 128,
    "visible_bounds_width": 7,
    "visible_bounds_height": 3,
    "visible_bounds_offset": [0, 1.5, 0],
    "bones": [
      {
        "name": "main",
        "pivot": [0, 0, 0]
      },
      {
        "name": "right",
        "parent": "main",
        "pivot": [0, 0, 7],
        "cubes": [
          {"origin": [-0.5, 27.93361, 7], "size": [1, 1, 1], "uv": [48, 109]},
          {"origin": [-0.5, 12.06639, 7], "size": [1, 1, 1], "uv": [66, 109]},
          {"origin": [-49.77286, 0, 7], "size": [1, 41, 1], "uv": [36, 36]},
          {"origin": [-47.39931, 30.01031, 7], "size": [3, 8, 1], "uv": [92, 74]},
          {"origin": [-39.4978, 21.75883, 7], "size": [1, 12, 1], "uv": [22, 91]},
          {"origin": [-38.73299, 21.7089, 6.999], "size": [6, 13, 1], "uv": [54, 59]},
          {"origin": [-30.54811, 20.89798, 6.998], "size": [3, 12, 1], "uv": [44, 77]},
          {"origin": [-27.54811, 20.89798, 6.998], "size": [1, 11, 1], "uv": [56, 91]},
          {"origin": [-21.79943, 13.16455, 6.999], "size": [4, 17, 1], "uv": [44, 59]},
          {"origin": [-15.79943, 25.35378, 6.998], "size": [2, 3, 1], "uv": [104, 23]},
          {"origin": [-15.79943, 20.9, 6.998], "size": [4, 2, 1], "uv": [100, 9]},
          {"origin": [-15.72291, 14.86071, 7], "size": [1, 3, 1], "uv": [107, 86]},
          {"origin": [-9.0877, 16.36568, 6.998], "size": [1, 10, 1], "uv": [97, 97]},
          {"origin": [-8.74833, 16.06771, 7.001], "size": [2, 10, 1], "uv": [90, 63]},
          {"origin": [-7.74833, 25.72, 7.001], "size": [1, 1, 1], "uv": [108, 76]},
          {"origin": [-11.84868, 24.72805, 6.998], "size": [1, 2, 1], "uv": [108, 38]},
          {"origin": [-11.85278, 25.93147, 6.998], "size": [1, 2, 1], "uv": [108, 32]},
          {"origin": [-25.60966, 20.11581, 6.998], "size": [4, 4, 1], "uv": [96, 68]},
          {"origin": [-28.50239, 10.74538, 6.999], "size": [1, 5, 1], "uv": [30, 105]},
          {"origin": [-45.18837, 7.83411, 7], "size": [6, 11, 1], "uv": [68, 68]},
          {"origin": [48.77286, 0, 7], "size": [1, 41, 1], "uv": [32, 34]},
          {"origin": [-12.75, 20.9, 6.998], "size": [2, 2, 1], "uv": [106, 5]}
        ]
      },
      {
        "name": "angle16_5",
        "parent": "right",
        "pivot": [0, 0, 7],
        "rotation": [0, 0, -73.5],
        "cubes": [
          {"origin": [22.9829, 41.2429, 7], "size": [1, 15, 1], "uv": [28, 78]},
          {"origin": [21.9829, 44.2429, 7], "size": [1, 9, 1], "uv": [98, 42]},
          {"origin": [22.8671, 25.63366, 6.998], "size": [1, 13, 1], "uv": [60, 88]},
          {"origin": [21.8671, 34.63366, 6.998], "size": [1, 1, 1], "uv": [4, 109]},
          {"origin": [22.69889, 19.20172, 6.998], "size": [1, 4, 1], "uv": [76, 107]},
          {"origin": [22.69889, 18.33882, 6.998], "size": [1, 1, 1], "uv": [108, 64]},
          {"origin": [22.69889, 15.20172, 6.997], "size": [1, 1, 1], "uv": [44, 109]},
          {"origin": [22.70303, 14.05932, 7.001], "size": [1, 2, 1], "uv": [108, 35]}
        ]
      },
      {
        "name": "angle9",
        "parent": "right",
        "pivot": [0, 0, 7],
        "rotation": [0, 0, -81],
        "cubes": [
          {"origin": [22.22594, 43.51039, 7], "size": [7, 8, 1], "uv": [44, 34]},
          {"origin": [22.41378, 25.42903, 6.998], "size": [5, 6, 1], "uv": [15, 84]},
          {"origin": [22.57006, 15.57112, 6.998], "size": [3, 4, 1], "uv": [100, 12]},
          {"origin": [20.14649, 14.18727, 6.998], "size": [1, 5, 1], "uv": [26, 105]}
        ]
      },
      {
        "name": "angle14",
        "parent": "right",
        "pivot": [0, 0, 7],
        "rotation": [0, 0, -76],
        "cubes": [
          {"origin": [26.9829, 7.2429, 7], "size": [1, 50, 1], "uv": [12, 34]},
          {"origin": [11.79922, -47.3241, 7], "size": [1, 50, 1], "uv": [0, 34]}
        ]
      },
      {
        "name": "angle_14",
        "parent": "right",
        "pivot": [0, 0, 7],
        "rotation": [0, 0, -104],
        "cubes": [
          {"origin": [11.79922, -2.6759, 7], "size": [1, 50, 1], "uv": [8, 34]},
          {"origin": [17.0819, 36.12906, 7], "size": [2, 8, 1], "uv": [86, 98]},
          {"origin": [17.07963, 14.08591, 6.999], "size": [3, 10, 1], "uv": [82, 64]},
          {"origin": [17.223, 2.66074, 7.001], "size": [1, 9, 1], "uv": [48, 99]},
          {"origin": [26.9829, -57.2429, 7], "size": [1, 50, 1], "uv": [4, 34]},
          {"origin": [19.17303, 15.8466, 6.999], "size": [3, 8, 1], "uv": [14, 91]},
          {"origin": [18.13389, 3.93498, 7], "size": [3, 7, 1], "uv": [96, 34]}
        ]
      },
      {
        "name": "angle90",
        "parent": "right",
        "pivot": [0, 0, 7],
        "rotation": [0, 0, -90],
        "cubes": [
          {"origin": [18.75883, 39.4978, 7], "size": [5, 5, 1], "uv": [84, 57]}
        ]
      },
      {
        "name": "angle_79",
        "parent": "right",
        "pivot": [0, 0, 7],
        "rotation": [0, 0, 11],
        "cubes": [
          {"origin": [-48.21365, -3.16827, 7], "size": [1, 18, 1], "uv": [32, 76]},
          {"origin": [-47.21365, -1.16827, 7], "size": [2, 8, 1], "uv": [0, 97]}
        ]
      },
      {
        "name": "angle_24",
        "parent": "right",
        "pivot": [-39, 19, 7],
        "rotation": [0, 0, 66],
        "cubes": [
          {"origin": [-41.91263, 17.76469, 7], "size": [3, 8, 1], "uv": [66, 91]}
        ]
      },
      {
        "name": "angle_9",
        "parent": "right",
        "pivot": [0, 0, 7],
        "rotation": [0, 0, -99],
        "cubes": [
          {"origin": [22.11426, 7.33544, 6.998], "size": [1, 5, 1], "uv": [104, 73]}
        ]
      },
      {
        "name": "left2",
        "parent": "main",
        "pivot": [0, 21, 7],
        "cubes": [
          {"origin": [46.47578, 32.38022, 6.9], "size": [1, 5, 0], "uv": [108, 27]},
          {"origin": [46.48071, 25.62525, 6.9], "size": [1, 5, 0], "uv": [108, 17]},
          {"origin": [46.34379, 7.37229, 6.9], "size": [1, 3, 0], "uv": [109, 99]},
          {"origin": [46.34137, 9.64484, 6.9], "size": [1, 2, 0], "uv": [110, 2]},
          {"origin": [35.45832, 9.30506, 6.9], "size": [1, 3, 0], "uv": [109, 96]},
          {"origin": [45.48071, 18.62525, 6.9], "size": [1, 5, 0], "uv": [108, 12]},
          {"origin": [44.48071, 13, 6.9], "size": [1, 5, 0], "uv": [98, 108]},
          {"origin": [36.52453, 13.83623, 6.9], "size": [1, 4, 0], "uv": [2, 109]},
          {"origin": [32.733, 29.7089, 6.9], "size": [1, 4, 0], "uv": [108, 72]},
          {"origin": [28.733, 26.7089, 6.9], "size": [1, 5, 0], "uv": [96, 108]},
          {"origin": [27.733, 18.7089, 6.9], "size": [1, 5, 0], "uv": [52, 108]},
          {"origin": [19.733, 18.7089, 6.9], "size": [1, 4, 0], "uv": [108, 60]},
          {"origin": [8.2296, 15.17322, 6.9], "size": [1, 9, 0], "uv": [102, 73]},
          {"origin": [15.31183, 26.66377, 6.9], "size": [1, 2, 0], "uv": [110, 0]},
          {"origin": [14.4439, 13.44932, 6.9], "size": [1, 10, 0], "uv": [82, 102]},
          {"origin": [11.2875, 16.43701, 6.9], "size": [1, 11, 0], "uv": [18, 100]},
          {"origin": [18.78778, 13.75418, 6.9], "size": [1, 3, 0], "uv": [109, 93]},
          {"origin": [18.78778, 13.1, 6.9], "size": [1, 3, 0], "uv": [109, 90]},
          {"origin": [28.733, 10.7089, 6.9], "size": [1, 5, 0], "uv": [42, 108]},
          {"origin": [32.65307, 24.43517, 6.9], "size": [1, 4, 0], "uv": [108, 56]},
          {"origin": [34.44302, 21.48842, 6.9], "size": [1, 4, 0], "uv": [108, 52]},
          {"origin": [35.5, 28.48842, 6.9], "size": [1, 2, 0], "uv": [94, 110]},
          {"origin": [42.44302, 29.48842, 6.9], "size": [3, 3, 0], "uv": [103, 100]},
          {"origin": [40, 8.5, 6.9], "size": [3, 18, 0], "uv": [70, 34]},
          {"origin": [23.733, 15.37252, 6.9], "size": [1, 17, 0], "uv": [36, 78]}
        ]
      },
      {
        "name": "bone8",
        "parent": "left2",
        "pivot": [0, 0, 6],
        "rotation": [0, 0, 7],
        "cubes": [
          {"origin": [33.36561, 22.02236, 6.9], "size": [2, 6, 0], "uv": [104, 17]},
          {"origin": [31.56005, 14.64767, 6.9], "size": [1, 11, 0], "uv": [16, 100]},
          {"origin": [29.46054, 14.02073, 6.9], "size": [1, 15, 0], "uv": [64, 88]}
        ]
      },
      {
        "name": "bone9",
        "parent": "left2",
        "pivot": [0, 0, 6],
        "rotation": [0, 0, 7],
        "cubes": [
          {"origin": [15.6406, 25.89803, 6.9], "size": [1, 7, 0], "uv": [0, 106]}
        ]
      },
      {
        "name": "angle16_3",
        "parent": "left2",
        "pivot": [0, 0, 6],
        "rotation": [0, 0, 75],
        "cubes": [
          {"origin": [-24.08837, 40.34215, 6.9], "size": [1, 13, 0], "uv": [96, 55]},
          {"origin": [-24.08837, 52.56, 6.9], "size": [1, 2, 0], "uv": [92, 110]},
          {"origin": [-23.19179, 25.96081, 6.9], "size": [1, 10, 0], "uv": [62, 102]},
          {"origin": [-25.0884, 46.34215, 6.9], "size": [1, 3, 0], "uv": [72, 109]},
          {"origin": [-24.46526, 14.17475, 6.9], "size": [1, 9, 0], "uv": [102, 42]}
        ]
      },
      {
        "name": "bone10",
        "parent": "left2",
        "pivot": [0, 0, 6],
        "rotation": [0, 0, 81],
        "cubes": [
          {"origin": [-22.97702, 36.6993, 6.9], "size": [1, 14, 0], "uv": [54, 91]}
        ]
      },
      {
        "name": "bone11",
        "parent": "left2",
        "pivot": [0, 0, 6],
        "rotation": [0, 0, 81],
        "cubes": [
          {"origin": [-22.7288, 23.54513, 6.9], "size": [1, 10, 0], "uv": [60, 102]},
          {"origin": [-22.66644, 11.41593, 6.9], "size": [1, 8, 0], "uv": [104, 0]},
          {"origin": [-24.78376, 11.28214, 6.9], "size": [1, 9, 0], "uv": [102, 17]}
        ]
      },
      {
        "name": "bone12",
        "parent": "left2",
        "pivot": [0, 0, 6],
        "rotation": [0, 0, 79],
        "cubes": [
          {"origin": [-23.7265, 38.78195, 6.9], "size": [1, 14, 0], "uv": [26, 91]}
        ]
      },
      {
        "name": "angle3",
        "parent": "left2",
        "pivot": [0, 0, 6],
        "rotation": [0, 0, 85],
        "cubes": [
          {"origin": [-22.38953, 36.53342, 6.9], "size": [1, 13, 0], "uv": [96, 42]}
        ]
      },
      {
        "name": "angle_3",
        "parent": "left2",
        "pivot": [0, 0, 6],
        "rotation": [0, 0, 104],
        "cubes": [
          {"origin": [-18.6068, 32.15395, 6.9], "size": [1, 12, 0], "uv": [94, 98]},
          {"origin": [-18.50656, 27.53225, 6.9], "size": [1, 3, 0], "uv": [70, 109]},
          {"origin": [-18.34194, 15.28879, 6.9], "size": [1, 10, 0], "uv": [101, 101]}
        ]
      },
      {
        "name": "bone13",
        "parent": "left2",
        "pivot": [0, 0, 6],
        "rotation": [0, 0, 98],
        "cubes": [
          {"origin": [-18.12016, 33.4007, 6.9], "size": [1, 10, 0], "uv": [100, 73]},
          {"origin": [-18.12016, 43.26, 6.9], "size": [1, 2, 0], "uv": [20, 110]}
        ]
      },
      {
        "name": "angle_4",
        "parent": "left2",
        "pivot": [0, 0, 6],
        "rotation": [0, 0, 96],
        "cubes": [
          {"origin": [-18.57828, 34.87817, 6.9], "size": [1, 8, 0], "uv": [74, 104]},
          {"origin": [-18.73078, 17.92809, 6.9], "size": [1, 10, 0], "uv": [100, 17]},
          {"origin": [-18.5444, 4.91166, 6.9], "size": [1, 11, 0], "uv": [14, 100]}
        ]
      },
      {
        "name": "bone14",
        "parent": "left2",
        "pivot": [0, 0, 6],
        "rotation": [0, 0, 87],
        "cubes": [
          {"origin": [-21.2126, 38.65483, 6.9], "size": [1, 8, 0], "uv": [24, 104]},
          {"origin": [-22.22497, 20.93582, 6.9], "size": [1, 8, 0], "uv": [22, 104]},
          {"origin": [-22.74104, 9.08863, 6.9], "size": [1, 8, 0], "uv": [103, 87]}
        ]
      },
      {
        "name": "angle_6",
        "parent": "left2",
        "pivot": [0, 0, 6],
        "rotation": [0, 0, 90],
        "cubes": [
          {"origin": [-19.62525, 37.48071, 6.9], "size": [1, 8, 0], "uv": [103, 103]},
          {"origin": [-18, 37.48071, 6.9], "size": [1, 7, 0], "uv": [105, 87]},
          {"origin": [-19.7089, 20.733, 6.9], "size": [1, 7, 0], "uv": [105, 105]},
          {"origin": [-20.6855, 8.2467, 6.9], "size": [1, 7, 0], "uv": [54, 105]}
        ]
      },
      {
        "name": "angle_7",
        "parent": "left2",
        "pivot": [0, 0, 6],
        "rotation": [0, 0, 99]
      },
      {
        "name": "left",
        "parent": "main",
        "pivot": [0, 21, 8],
        "cubes": [
          {"origin": [45.47578, 32.38022, 7.001], "size": [2, 4, 1], "uv": [101, 95]},
          {"origin": [46.47578, 36.38022, 7.001], "size": [1, 1, 1], "uv": [107, 42]},
          {"origin": [46.48071, 25.62525, 6.999], "size": [1, 5, 1], "uv": [104, 61]},
          {"origin": [46.34379, 7.37229, 7], "size": [1, 3, 1], "uv": [107, 107]},
          {"origin": [42.34137, 8.64484, 6.999], "size": [5, 3, 1], "uv": [86, 94]},
          {"origin": [35.45832, 9.30506, 6.999], "size": [5, 3, 1], "uv": [95, 83]},
          {"origin": [45.48071, 18.62525, 6.999], "size": [1, 5, 1], "uv": [104, 55]},
          {"origin": [44.48071, 13, 6.997], "size": [1, 5, 1], "uv": [104, 49]},
          {"origin": [36.52453, 13.83623, 6.997], "size": [1, 4, 1], "uv": [8, 106]},
          {"origin": [32.733, 29.7089, 6.999], "size": [1, 4, 1], "uv": [106, 67]},
          {"origin": [28.733, 26.7089, 6.999], "size": [1, 5, 1], "uv": [104, 43]},
          {"origin": [27.733, 18.7089, 6.999], "size": [1, 5, 1], "uv": [104, 37]},
          {"origin": [19.733, 18.7089, 6.999], "size": [1, 4, 1], "uv": [82, 75]},
          {"origin": [7.72957, 15.17322, 6.999], "size": [2, 9, 1], "uv": [34, 95]},
          {"origin": [15.31183, 26.66377, 6.998], "size": [1, 2, 1], "uv": [107, 103]},
          {"origin": [13.94394, 13.44932, 6.999], "size": [2, 10, 1], "uv": [76, 89]},
          {"origin": [10.78751, 17.43701, 6.999], "size": [2, 10, 1], "uv": [86, 75]},
          {"origin": [18.78778, 13.75418, 6.999], "size": [1, 3, 1], "uv": [24, 80]},
          {"origin": [18.78778, 13.1, 6.999], "size": [1, 3, 1], "uv": [78, 64]},
          {"origin": [28.733, 10.7089, 6.999], "size": [1, 5, 1], "uv": [104, 31]},
          {"origin": [32.65307, 24.43517, 6.998], "size": [1, 4, 1], "uv": [106, 0]},
          {"origin": [33.44302, 21.48842, 7], "size": [2, 4, 1], "uv": [62, 53]},
          {"origin": [35, 28.48842, 7], "size": [2, 2, 1], "uv": [2, 106]},
          {"origin": [42.44302, 29.48842, 7], "size": [3, 3, 1], "uv": [100, 27]},
          {"origin": [40, 8.5, 7], "size": [3, 18, 1], "uv": [62, 34]},
          {"origin": [23.233, 15.37252, 6.999], "size": [2, 17, 1], "uv": [54, 73]}
        ]
      },
      {
        "name": "bone6",
        "parent": "left",
        "pivot": [0, 0, 7],
        "rotation": [0, 0, 7],
        "cubes": [
          {"origin": [33.36561, 22.02236, 7], "size": [2, 6, 1], "uv": [76, 100]},
          {"origin": [30.56005, 14.64767, 7], "size": [2, 11, 1], "uv": [6, 85]},
          {"origin": [29.46054, 14.02073, 7.001], "size": [2, 15, 1], "uv": [76, 34]}
        ]
      },
      {
        "name": "bone7",
        "parent": "left",
        "pivot": [0, 0, 7],
        "rotation": [0, 0, 7],
        "cubes": [
          {"origin": [15.14055, 25.89803, 6.999], "size": [2, 7, 1], "uv": [98, 52]}
        ]
      },
      {
        "name": "angle16_2",
        "parent": "left",
        "pivot": [0, 0, 7],
        "rotation": [0, 0, 75],
        "cubes": [
          {"origin": [-24.08837, 40.34215, 6.999], "size": [2, 13, 1], "uv": [78, 50]},
          {"origin": [-24.08837, 52.56, 6.998], "size": [2, 2, 1], "uv": [104, 79]},
          {"origin": [-23.19179, 25.96081, 6.999], "size": [2, 10, 1], "uv": [90, 45]},
          {"origin": [-25.0884, 46.34215, 6.999], "size": [1, 3, 1], "uv": [107, 82]},
          {"origin": [-24.46526, 14.17475, 6.998], "size": [1, 9, 1], "uv": [44, 99]}
        ]
      },
      {
        "name": "bone",
        "parent": "left",
        "pivot": [0, 0, 7],
        "rotation": [0, 0, 81],
        "cubes": [
          {"origin": [-22.97702, 36.6993, 6.998], "size": [4, 14, 1], "uv": [68, 53]}
        ]
      },
      {
        "name": "bone3",
        "parent": "left",
        "pivot": [0, 0, 7],
        "rotation": [0, 0, 81],
        "cubes": [
          {"origin": [-24.7288, 23.54513, 6.999], "size": [3, 10, 1], "uv": [68, 80]},
          {"origin": [-22.66644, 11.41593, 6.999], "size": [2, 8, 1], "uv": [6, 97]},
          {"origin": [-25.78376, 11.28214, 6.998], "size": [2, 9, 1], "uv": [28, 95]}
        ]
      },
      {
        "name": "bone2",
        "parent": "left",
        "pivot": [0, 0, 7],
        "rotation": [0, 0, 79],
        "cubes": [
          {"origin": [-25.7265, 38.78195, 7], "size": [3, 14, 1], "uv": [60, 73]}
        ]
      },
      {
        "name": "angle2",
        "parent": "left",
        "pivot": [0, 0, 7],
        "rotation": [0, 0, 85],
        "cubes": [
          {"origin": [-22.38953, 36.53342, 7], "size": [1, 13, 1], "uv": [40, 83]}
        ]
      },
      {
        "name": "angle_2",
        "parent": "left",
        "pivot": [0, 0, 7],
        "rotation": [0, 0, 104],
        "cubes": [
          {"origin": [-18.6068, 32.15395, 7], "size": [1, 12, 1], "uv": [82, 89]},
          {"origin": [-20.6068, 32.15395, 7], "size": [2, 11, 1], "uv": [84, 45]},
          {"origin": [-18.50656, 27.53225, 7.001], "size": [1, 3, 1], "uv": [86, 107]},
          {"origin": [-20.34194, 15.28879, 6.999], "size": [3, 10, 1], "uv": [82, 34]}
        ]
      },
      {
        "name": "bone5",
        "parent": "left",
        "pivot": [0, 0, 7],
        "rotation": [0, 0, 98],
        "cubes": [
          {"origin": [-18.12016, 33.4007, 6.999], "size": [1, 10, 1], "uv": [40, 97]},
          {"origin": [-18.12016, 43.26, 6.999], "size": [1, 2, 1], "uv": [100, 31]}
        ]
      },
      {
        "name": "angle_81",
        "parent": "left",
        "pivot": [0, 0, 7],
        "rotation": [0, 0, 96],
        "cubes": [
          {"origin": [-18.57828, 34.87817, 6.997], "size": [1, 8, 1], "uv": [70, 100]},
          {"origin": [-18.73078, 17.92809, 6.999], "size": [2, 10, 1], "uv": [90, 34]},
          {"origin": [-19.04437, 4.91166, 6.999], "size": [2, 11, 1], "uv": [0, 85]}
        ]
      },
      {
        "name": "bone4",
        "parent": "left",
        "pivot": [0, 0, 7],
        "rotation": [0, 0, 87],
        "cubes": [
          {"origin": [-21.2126, 38.65483, 6.999], "size": [4, 8, 1], "uv": [76, 80]},
          {"origin": [-22.22497, 20.93582, 6.999], "size": [3, 8, 1], "uv": [44, 90]},
          {"origin": [-22.74104, 9.08863, 6.999], "size": [1, 8, 1], "uv": [66, 100]}
        ]
      },
      {
        "name": "angle_90",
        "parent": "left",
        "pivot": [0, 0, 7],
        "rotation": [0, 0, 90],
        "cubes": [
          {"origin": [-19.62525, 37.48071, 7], "size": [1, 8, 1], "uv": [100, 0]},
          {"origin": [-18, 37.48071, 6.998], "size": [4, 7, 1], "uv": [86, 86]},
          {"origin": [-20.7089, 20.733, 6.999], "size": [2, 7, 1], "uv": [98, 60]},
          {"origin": [-21.18554, 8.7467, 7], "size": [2, 7, 1], "uv": [97, 87]}
        ]
      },
      {
        "name": "angle_5",
        "parent": "left",
        "pivot": [0, 0, 7],
        "rotation": [0, 0, 99]
      },
      {
        "name": "right2",
        "parent": "main",
        "pivot": [0, 0, 7],
        "cubes": [
          {"origin": [-49.77286, 0, 6.9], "size": [1, 41, 0], "uv": [42, 42]},
          {"origin": [-47.39931, 30.01031, 6.9], "size": [1, 8, 0], "uv": [64, 103]},
          {"origin": [-39.4978, 23.75883, 6.9], "size": [1, 5, 0], "uv": [40, 108]},
          {"origin": [-33.73299, 21.7089, 6.9], "size": [1, 13, 0], "uv": [52, 95]},
          {"origin": [-30.54811, 20.89798, 6.9], "size": [1, 12, 0], "uv": [92, 98]},
          {"origin": [-29.54811, 20.89798, 6.9], "size": [2, 1, 0], "uv": [62, 58]},
          {"origin": [-27.54811, 20.89798, 6.9], "size": [1, 6, 0], "uv": [40, 34]},
          {"origin": [-21.79943, 24.16455, 6.9], "size": [1, 2, 0], "uv": [109, 78]},
          {"origin": [-21.79943, 17.16455, 6.9], "size": [1, 3, 0], "uv": [76, 50]},
          {"origin": [-18.79943, 13.16455, 6.9], "size": [1, 17, 0], "uv": [38, 78]},
          {"origin": [-15.79943, 25.7, 6.9], "size": [1, 3, 0], "uv": [92, 83]},
          {"origin": [-15.79943, 20.9, 6.9], "size": [1, 2, 0], "uv": [109, 66]},
          {"origin": [-15.72291, 14.86071, 6.9], "size": [1, 3, 0], "uv": [66, 88]},
          {"origin": [-9.0877, 19.36568, 6.9], "size": [1, 7, 0], "uv": [38, 105]},
          {"origin": [-7.74833, 16.06771, 6.9], "size": [1, 10, 0], "uv": [20, 100]},
          {"origin": [-7.74833, 25.72, 6.9], "size": [1, 1, 0], "uv": [11, 34]},
          {"origin": [-11.84868, 24.72805, 6.9], "size": [1, 2, 0], "uv": [109, 22]},
          {"origin": [-11.85278, 25.93147, 6.9], "size": [1, 2, 0], "uv": [109, 8]},
          {"origin": [-25.60966, 20.11581, 6.9], "size": [4, 1, 0], "uv": [52, 43]},
          {"origin": [-25.60966, 23.11581, 6.9], "size": [4, 1, 0], "uv": [44, 43]},
          {"origin": [-25.60966, 21.11581, 6.9], "size": [1, 2, 0], "uv": [40, 81]},
          {"origin": [-28.50239, 10.74538, 6.9], "size": [1, 5, 0], "uv": [107, 95]},
          {"origin": [-40.18837, 7.83411, 6.9], "size": [1, 11, 0], "uv": [12, 100]},
          {"origin": [48.77286, 0, 6.9], "size": [1, 41, 0], "uv": [40, 40]},
          {"origin": [-11.75, 20.9, 6.9], "size": [1, 2, 0], "uv": [98, 95]}
        ]
      },
      {
        "name": "angle16_4",
        "parent": "right2",
        "pivot": [0, 0, 7],
        "rotation": [0, 0, -73.5],
        "cubes": [
          {"origin": [22.9829, 41.2429, 6.9], "size": [1, 15, 0], "uv": [12, 85]},
          {"origin": [22.8671, 25.63366, 6.9], "size": [1, 13, 0], "uv": [74, 91]},
          {"origin": [22.69889, 19.20172, 6.9], "size": [1, 4, 0], "uv": [108, 48]},
          {"origin": [22.69889, 18.33882, 6.9], "size": [1, 1, 0], "uv": [7, 34]},
          {"origin": [22.69889, 15.20172, 6.9], "size": [1, 1, 0], "uv": [3, 34]},
          {"origin": [22.70303, 14.05932, 6.9], "size": [1, 2, 0], "uv": [105, 103]}
        ]
      },
      {
        "name": "angle4",
        "parent": "right2",
        "pivot": [0, 0, 7],
        "rotation": [0, 0, -81],
        "cubes": [
          {"origin": [22.22594, 43.51039, 6.9], "size": [1, 8, 0], "uv": [58, 103]},
          {"origin": [22.41378, 25.42903, 6.9], "size": [1, 5, 0], "uv": [82, 45]},
          {"origin": [22.57006, 15.57112, 6.9], "size": [1, 4, 0], "uv": [108, 44]},
          {"origin": [20.14649, 14.18727, 6.9], "size": [1, 5, 0], "uv": [107, 90]}
        ]
      },
      {
        "name": "angle5",
        "parent": "right2",
        "pivot": [0, 0, 7],
        "rotation": [0, 0, -76],
        "cubes": [
          {"origin": [26.9829, 7.2429, 6.9], "size": [1, 50, 0], "uv": [22, 34]},
          {"origin": [11.79922, -47.3241, 6.9], "size": [1, 50, 0], "uv": [20, 34]},
          {"origin": [13.79922, -46.3241, 6.9], "size": [1, 46, 0], "uv": [24, 34]},
          {"origin": [15.79922, -45.3241, 6.9], "size": [1, 44, 0], "uv": [28, 34]}
        ]
      },
      {
        "name": "angle_8",
        "parent": "right2",
        "pivot": [0, 0, 7],
        "rotation": [0, 0, -104],
        "cubes": [
          {"origin": [13.79922, 0.3241, 6.9], "size": [1, 46, 0], "uv": [26, 34]},
          {"origin": [15.79922, 1.3241, 6.9], "size": [1, 44, 0], "uv": [30, 34]},
          {"origin": [11.79922, -2.6759, 6.9], "size": [1, 50, 0], "uv": [16, 34]},
          {"origin": [17.0819, 36.12906, 6.9], "size": [1, 8, 0], "uv": [56, 103]},
          {"origin": [17.07963, 14.08591, 6.9], "size": [1, 10, 0], "uv": [60, 34]},
          {"origin": [17.223, 2.66074, 6.9], "size": [1, 9, 0], "uv": [84, 102]},
          {"origin": [26.9829, -57.2429, 6.9], "size": [1, 50, 0], "uv": [18, 34]},
          {"origin": [21.17303, 16.8466, 6.9], "size": [1, 7, 0], "uv": [36, 105]},
          {"origin": [20.13389, 3.93498, 6.9], "size": [1, 7, 0], "uv": [34, 105]}
        ]
      },
      {
        "name": "angle6",
        "parent": "right2",
        "pivot": [0, 0, 7],
        "rotation": [0, 0, -90],
        "cubes": [
          {"origin": [22.75883, 39.4978, 6.9], "size": [1, 5, 0], "uv": [90, 107]}
        ]
      },
      {
        "name": "angle_10",
        "parent": "right2",
        "pivot": [0, 0, 7],
        "rotation": [0, 0, 11],
        "cubes": [
          {"origin": [-48.21365, -3.16827, 6.9], "size": [1, 18, 0], "uv": [52, 77]}
        ]
      },
      {
        "name": "angle_11",
        "parent": "right2",
        "pivot": [-39, 19, 7],
        "rotation": [0, 0, 66],
        "cubes": [
          {"origin": [-39.91263, 17.76469, 6.9], "size": [1, 8, 0], "uv": [42, 34]}
        ]
      },
      {
        "name": "angle_12",
        "parent": "right2",
        "pivot": [0, 0, 7],
        "rotation": [0, 0, -99],
        "cubes": [
          {"origin": [22.11426, 7.33544, 6.9], "size": [1, 5, 0], "uv": [80, 107]}
        ]
      },
      {
        "name": "background",
        "parent": "main",
        "pivot": [0, 0, 0],
        "cubes": [
          {"origin": [40.5, 13.06639, 7.999], "size": [9, 15, 0], "uv": [44, 44]},
          {"origin": [-4.5, 13.06639, 7.999], "size": [9, 15, 0], "uv": [44, 44]},
          {"origin": [-49.5, 13.06639, 7.999], "size": [9, 15, 0], "uv": [44, 44]}
        ]
      },
      {
        "name": "bone15",
        "parent": "background",
        "pivot": [0, 0, 0],
        "rotation": [0, 0, 14],
        "cubes": [
          {"origin": [-57.2429, 9.9829, 7.999], "size": [50, 17, 0], "uv": [0, 17], "mirror": true}
        ]
      },
      {
        "name": "bone16",
        "parent": "background",
        "pivot": [0, 0, 0],
        "rotation": [0, 0, -14],
        "cubes": [
          {"origin": [7.2429, 9.9829, 7.999], "size": [50, 17, 0], "uv": [0, 17]}
        ]
      },
      {
        "name": "bone17",
        "parent": "background",
        "pivot": [0, 0, 0],
        "rotation": [0, 0, 14],
        "cubes": [
          {"origin": [-2.6759, 12.79922, 7.999], "size": [50, 17, 0], "uv": [0, 0], "mirror": true}
        ]
      },
      {
        "name": "bone18",
        "parent": "background",
        "pivot": [0, 0, 0],
        "rotation": [0, 0, -14],
        "cubes": [
          {"origin": [-47.3241, 12.79922, 7.999], "size": [50, 17, 0], "uv": [0, 0]}
        ]
      },
      {
        "name": "center",
        "parent": "main",
        "pivot": [0, 0, 0]
      },
      {
        "name": "circle",
        "parent": "center",
        "pivot": [0, 20.5, 8]
      },
      {
        "name": "bone26",
        "parent": "circle",
        "pivot": [0, 20.5, 8]
      },
      {
        "name": "bone25",
        "parent": "bone26",
        "pivot": [0, 20.5, 8],
        "cubes": [
          {"origin": [-0.5, 26, 7], "size": [1, 1, 1], "uv": [36, 34]}
        ]
      },
      {
        "name": "bone19",
        "parent": "bone26",
        "pivot": [0, 20.5, 8],
        "rotation": [0, 0, -15],
        "cubes": [
          {"origin": [-0.5, 26, 7], "size": [1, 1, 1], "uv": [36, 34]}
        ]
      },
      {
        "name": "bone22",
        "parent": "bone26",
        "pivot": [0, 20.5, 8],
        "rotation": [0, 0, -30],
        "cubes": [
          {"origin": [-0.5, 26, 7], "size": [1, 1, 1], "uv": [36, 34]}
        ]
      },
      {
        "name": "bone23",
        "parent": "bone26",
        "pivot": [0, 20.5, 8],
        "rotation": [0, 0, -45],
        "cubes": [
          {"origin": [-0.5, 26, 7], "size": [1, 1, 1], "uv": [36, 34]}
        ]
      },
      {
        "name": "bone24",
        "parent": "bone26",
        "pivot": [0, 20.5, 8],
        "rotation": [0, 0, -60],
        "cubes": [
          {"origin": [-0.5, 26, 7], "size": [1, 1, 1], "uv": [36, 34]}
        ]
      },
      {
        "name": "bone27",
        "parent": "bone26",
        "pivot": [0, 20.5, 8],
        "rotation": [0, 0, -75],
        "cubes": [
          {"origin": [-0.5, 26, 7], "size": [1, 1, 1], "uv": [36, 34]}
        ]
      },
      {
        "name": "bone28",
        "parent": "circle",
        "pivot": [0, 20.5, 8],
        "rotation": [0, 0, -90]
      },
      {
        "name": "bone29",
        "parent": "bone28",
        "pivot": [0, 20.5, 8],
        "cubes": [
          {"origin": [-0.5, 26, 7], "size": [1, 1, 1], "uv": [36, 34]}
        ]
      },
      {
        "name": "bone30",
        "parent": "bone28",
        "pivot": [0, 20.5, 8],
        "rotation": [0, 0, -15],
        "cubes": [
          {"origin": [-0.5, 26, 7], "size": [1, 1, 1], "uv": [36, 34]}
        ]
      },
      {
        "name": "bone31",
        "parent": "bone28",
        "pivot": [0, 20.5, 8],
        "rotation": [0, 0, -30],
        "cubes": [
          {"origin": [-0.5, 26, 7], "size": [1, 1, 1], "uv": [36, 34]}
        ]
      },
      {
        "name": "bone32",
        "parent": "bone28",
        "pivot": [0, 20.5, 8],
        "rotation": [0, 0, -45],
        "cubes": [
          {"origin": [-0.5, 26, 7], "size": [1, 1, 1], "uv": [36, 34]}
        ]
      },
      {
        "name": "bone33",
        "parent": "bone28",
        "pivot": [0, 20.5, 8],
        "rotation": [0, 0, -60],
        "cubes": [
          {"origin": [-0.5, 26, 7], "size": [1, 1, 1], "uv": [36, 34]}
        ]
      },
      {
        "name": "bone34",
        "parent": "bone28",
        "pivot": [0, 20.5, 8],
        "rotation": [0, 0, -75],
        "cubes": [
          {"origin": [-0.5, 26, 7], "size": [1, 1, 1], "uv": [36, 34]}
        ]
      },
      {
        "name": "bone35",
        "parent": "circle",
        "pivot": [0, 20.5, 8],
        "rotation": [0, 0, 180]
      },
      {
        "name": "bone36",
        "parent": "bone35",
        "pivot": [0, 20.5, 8],
        "cubes": [
          {"origin": [-0.5, 26, 7], "size": [1, 1, 1], "uv": [36, 34]}
        ]
      },
      {
        "name": "bone37",
        "parent": "bone35",
        "pivot": [0, 20.5, 8],
        "rotation": [0, 0, -15],
        "cubes": [
          {"origin": [-0.5, 26, 7], "size": [1, 1, 1], "uv": [36, 34]}
        ]
      },
      {
        "name": "bone38",
        "parent": "bone35",
        "pivot": [0, 20.5, 8],
        "rotation": [0, 0, -30],
        "cubes": [
          {"origin": [-0.5, 26, 7], "size": [1, 1, 1], "uv": [36, 34]}
        ]
      },
      {
        "name": "bone39",
        "parent": "bone35",
        "pivot": [0, 20.5, 8],
        "rotation": [0, 0, -45],
        "cubes": [
          {"origin": [-0.5, 26, 7], "size": [1, 1, 1], "uv": [36, 34]}
        ]
      },
      {
        "name": "bone40",
        "parent": "bone35",
        "pivot": [0, 20.5, 8],
        "rotation": [0, 0, -60],
        "cubes": [
          {"origin": [-0.5, 26, 7], "size": [1, 1, 1], "uv": [36, 34]}
        ]
      },
      {
        "name": "bone41",
        "parent": "bone35",
        "pivot": [0, 20.5, 8],
        "rotation": [0, 0, -75],
        "cubes": [
          {"origin": [-0.5, 26, 7], "size": [1, 1, 1], "uv": [36, 34]}
        ]
      },
      {
        "name": "bone42",
        "parent": "circle",
        "pivot": [0, 20.5, 8],
        "rotation": [0, 0, 90]
      },
      {
        "name": "bone43",
        "parent": "bone42",
        "pivot": [0, 20.5, 8],
        "cubes": [
          {"origin": [-0.5, 26, 7], "size": [1, 1, 1], "uv": [36, 34]}
        ]
      },
      {
        "name": "bone44",
        "parent": "bone42",
        "pivot": [0, 20.5, 8],
        "rotation": [0, 0, -15],
        "cubes": [
          {"origin": [-0.5, 26, 7], "size": [1, 1, 1], "uv": [36, 34]}
        ]
      },
      {
        "name": "bone45",
        "parent": "bone42",
        "pivot": [0, 20.5, 8],
        "rotation": [0, 0, -30],
        "cubes": [
          {"origin": [-0.5, 26, 7], "size": [1, 1, 1], "uv": [36, 34]}
        ]
      },
      {
        "name": "bone46",
        "parent": "bone42",
        "pivot": [0, 20.5, 8],
        "rotation": [0, 0, -45],
        "cubes": [
          {"origin": [-0.5, 26, 7], "size": [1, 1, 1], "uv": [36, 34]}
        ]
      },
      {
        "name": "bone47",
        "parent": "bone42",
        "pivot": [0, 20.5, 8],
        "rotation": [0, 0, -60],
        "cubes": [
          {"origin": [-0.5, 26, 7], "size": [1, 1, 1], "uv": [36, 34]}
        ]
      },
      {
        "name": "bone48",
        "parent": "bone42",
        "pivot": [0, 20.5, 8],
        "rotation": [0, 0, -75],
        "cubes": [
          {"origin": [-0.5, 26, 7], "size": [1, 1, 1], "uv": [36, 34]}
        ]
      },
      {
        "name": "circle2",
        "parent": "center",
        "pivot": [0, 20.5, 8]
      },
      {
        "name": "bone54",
        "parent": "circle2",
        "pivot": [0, 20.5, 8]
      },
      {
        "name": "bone53",
        "parent": "bone54",
        "pivot": [0, 20.5, 8],
        "rotation": [0, 0, -100],
        "cubes": [
          {"origin": [-0.5, 24.75, 7], "size": [1, 1, 1], "uv": [36, 34]}
        ]
      },
      {
        "name": "bone52",
        "parent": "bone54",
        "pivot": [0, 20.5, 8],
        "rotation": [0, 0, -80],
        "cubes": [
          {"origin": [-0.5, 24.75, 7], "size": [1, 1, 1], "uv": [36, 34]}
        ]
      },
      {
        "name": "bone51",
        "parent": "bone54",
        "pivot": [0, 20.5, 8],
        "rotation": [0, 0, -60],
        "cubes": [
          {"origin": [-0.5, 24.75, 7], "size": [1, 1, 1], "uv": [36, 34]}
        ]
      },
      {
        "name": "bone50",
        "parent": "bone54",
        "pivot": [0, 20.5, 8],
        "rotation": [0, 0, -40],
        "cubes": [
          {"origin": [-0.5, 24.75, 7], "size": [1, 1, 1], "uv": [36, 34]}
        ]
      },
      {
        "name": "bone49",
        "parent": "bone54",
        "pivot": [0, 20.5, 8],
        "rotation": [0, 0, -20],
        "cubes": [
          {"origin": [-0.5, 24.75, 7], "size": [1, 1, 1], "uv": [36, 34]}
        ]
      },
      {
        "name": "bone20",
        "parent": "bone54",
        "pivot": [0, 20.5, 8],
        "cubes": [
          {"origin": [-0.5, 24.75, 7], "size": [1, 1, 1], "uv": [36, 34]}
        ]
      },
      {
        "name": "bone55",
        "parent": "circle2",
        "pivot": [0, 20.5, 8],
        "rotation": [0, 0, -120]
      },
      {
        "name": "bone56",
        "parent": "bone55",
        "pivot": [0, 20.5, 8],
        "rotation": [0, 0, -100],
        "cubes": [
          {"origin": [-0.5, 24.75, 7], "size": [1, 1, 1], "uv": [36, 34]}
        ]
      },
      {
        "name": "bone57",
        "parent": "bone55",
        "pivot": [0, 20.5, 8],
        "rotation": [0, 0, -80],
        "cubes": [
          {"origin": [-0.5, 24.75, 7], "size": [1, 1, 1], "uv": [36, 34]}
        ]
      },
      {
        "name": "bone58",
        "parent": "bone55",
        "pivot": [0, 20.5, 8],
        "rotation": [0, 0, -60],
        "cubes": [
          {"origin": [-0.5, 24.75, 7], "size": [1, 1, 1], "uv": [36, 34]}
        ]
      },
      {
        "name": "bone59",
        "parent": "bone55",
        "pivot": [0, 20.5, 8],
        "rotation": [0, 0, -40],
        "cubes": [
          {"origin": [-0.5, 24.75, 7], "size": [1, 1, 1], "uv": [36, 34]}
        ]
      },
      {
        "name": "bone60",
        "parent": "bone55",
        "pivot": [0, 20.5, 8],
        "rotation": [0, 0, -20],
        "cubes": [
          {"origin": [-0.5, 24.75, 7], "size": [1, 1, 1], "uv": [36, 34]}
        ]
      },
      {
        "name": "bone61",
        "parent": "bone55",
        "pivot": [0, 20.5, 8],
        "cubes": [
          {"origin": [-0.5, 24.75, 7], "size": [1, 1, 1], "uv": [36, 34]}
        ]
      },
      {
        "name": "bone62",
        "parent": "circle2",
        "pivot": [0, 20.5, 8],
        "rotation": [0, 0, 120]
      },
      {
        "name": "bone63",
        "parent": "bone62",
        "pivot": [0, 20.5, 8],
        "rotation": [0, 0, -100],
        "cubes": [
          {"origin": [-0.5, 24.75, 7], "size": [1, 1, 1], "uv": [36, 34]}
        ]
      },
      {
        "name": "bone64",
        "parent": "bone62",
        "pivot": [0, 20.5, 8],
        "rotation": [0, 0, -80],
        "cubes": [
          {"origin": [-0.5, 24.75, 7], "size": [1, 1, 1], "uv": [36, 34]}
        ]
      },
      {
        "name": "bone65",
        "parent": "bone62",
        "pivot": [0, 20.5, 8],
        "rotation": [0, 0, -60],
        "cubes": [
          {"origin": [-0.5, 24.75, 7], "size": [1, 1, 1], "uv": [36, 34]}
        ]
      },
      {
        "name": "bone66",
        "parent": "bone62",
        "pivot": [0, 20.5, 8],
        "rotation": [0, 0, -40],
        "cubes": [
          {"origin": [-0.5, 24.75, 7], "size": [1, 1, 1], "uv": [36, 34]}
        ]
      },
      {
        "name": "bone67",
        "parent": "bone62",
        "pivot": [0, 20.5, 8],
        "rotation": [0, 0, -20],
        "cubes": [
          {"origin": [-0.5, 24.75, 7], "size": [1, 1, 1], "uv": [36, 34]}
        ]
      },
      {
        "name": "bone68",
        "parent": "bone62",
        "pivot": [0, 20.5, 8],
        "cubes": [
          {"origin": [-0.5, 24.75, 7], "size": [1, 1, 1], "uv": [36, 34]}
        ]
      },
      {
        "name": "circle3",
        "parent": "center",
        "pivot": [0, 20.5, 8]
      },
      {
        "name": "bone74",
        "parent": "circle3",
        "pivot": [0, 20.5, 8]
      },
      {
        "name": "bone73",
        "parent": "bone74",
        "pivot": [0, 20.5, 8],
        "rotation": [0, 0, -150],
        "cubes": [
          {"origin": [-0.5, 23, 7], "size": [1, 1, 1], "uv": [36, 34]}
        ]
      },
      {
        "name": "bone72",
        "parent": "bone74",
        "pivot": [0, 20.5, 8],
        "rotation": [0, 0, -120],
        "cubes": [
          {"origin": [-0.5, 23, 7], "size": [1, 1, 1], "uv": [36, 34]}
        ]
      },
      {
        "name": "bone71",
        "parent": "bone74",
        "pivot": [0, 20.5, 8],
        "rotation": [0, 0, -90],
        "cubes": [
          {"origin": [-0.5, 23, 7], "size": [1, 1, 1], "uv": [36, 34]}
        ]
      },
      {
        "name": "bone70",
        "parent": "bone74",
        "pivot": [0, 20.5, 8],
        "rotation": [0, 0, -60],
        "cubes": [
          {"origin": [-0.5, 23, 7], "size": [1, 1, 1], "uv": [36, 34]}
        ]
      },
      {
        "name": "bone69",
        "parent": "bone74",
        "pivot": [0, 20.5, 8],
        "rotation": [0, 0, -30],
        "cubes": [
          {"origin": [-0.5, 23, 7], "size": [1, 1, 1], "uv": [36, 34]}
        ]
      },
      {
        "name": "bone21",
        "parent": "bone74",
        "pivot": [0, 20.5, 8],
        "cubes": [
          {"origin": [-0.5, 23, 7], "size": [1, 1, 1], "uv": [36, 34]}
        ]
      },
      {
        "name": "bone75",
        "parent": "circle3",
        "pivot": [0, 20.5, 8],
        "rotation": [0, 0, 180]
      },
      {
        "name": "bone76",
        "parent": "bone75",
        "pivot": [0, 20.5, 8],
        "rotation": [0, 0, -150],
        "cubes": [
          {"origin": [-0.5, 23, 7], "size": [1, 1, 1], "uv": [36, 34]}
        ]
      },
      {
        "name": "bone77",
        "parent": "bone75",
        "pivot": [0, 20.5, 8],
        "rotation": [0, 0, -120],
        "cubes": [
          {"origin": [-0.5, 23, 7], "size": [1, 1, 1], "uv": [36, 34]}
        ]
      },
      {
        "name": "bone78",
        "parent": "bone75",
        "pivot": [0, 20.5, 8],
        "rotation": [0, 0, -90],
        "cubes": [
          {"origin": [-0.5, 23, 7], "size": [1, 1, 1], "uv": [36, 34]}
        ]
      },
      {
        "name": "bone79",
        "parent": "bone75",
        "pivot": [0, 20.5, 8],
        "rotation": [0, 0, -60],
        "cubes": [
          {"origin": [-0.5, 23, 7], "size": [1, 1, 1], "uv": [36, 34]}
        ]
      },
      {
        "name": "bone80",
        "parent": "bone75",
        "pivot": [0, 20.5, 8],
        "rotation": [0, 0, -30],
        "cubes": [
          {"origin": [-0.5, 23, 7], "size": [1, 1, 1], "uv": [36, 34]}
        ]
      },
      {
        "name": "bone81",
        "parent": "bone75",
        "pivot": [0, 20.5, 8],
        "cubes": [
          {"origin": [-0.5, 23, 7], "size": [1, 1, 1], "uv": [36, 34]}
        ]
      }
    ]
  }
}