{
  "format_version": "1.10.0",
  "geometry.model": {
    "texturewidth": 128,
    "textureheight": 128,
    "visible_bounds_width": 7,
    "visible_bounds_height": 2,
    "visible_bounds_offset": [0, 1, 0],
    "bones": [
      {
        "name": "right",
        "pivot": [0, 0, 7],
        "cubes": [
          {"origin": [-47.39931, 30.01031, 7], "size": [3, 8, 1], "uv": [54, 42]},
          {"origin": [-39.4978, 21.75883, 7], "size": [1, 12, 1], "uv": [0, 53]},
          {"origin": [-38.73299, 21.7089, 6.999], "size": [6, 13, 1], "uv": [10, 10]},
          {"origin": [-30.54811, 20.89798, 6.998], "size": [3, 12, 1], "uv": [28, 35]},
          {"origin": [-27.54811, 20.89798, 6.998], "size": [1, 11, 1], "uv": [56, 29]},
          {"origin": [-21.79943, 13.16455, 6.999], "size": [4, 17, 1], "uv": [0, 0]},
          {"origin": [-15.79943, 25.35378, 6.998], "size": [2, 3, 1], "uv": [66, 47]},
          {"origin": [-15.79943, 20.9, 6.998], "size": [4, 2, 1], "uv": [66, 0]},
          {"origin": [-15.72291, 14.86071, 7], "size": [1, 3, 1], "uv": [70, 26]},
          {"origin": [-9.0877, 16.36568, 6.998], "size": [1, 10, 1], "uv": [45, 60]},
          {"origin": [-8.74833, 16.06771, 7.001], "size": [2, 10, 1], "uv": [51, 51]},
          {"origin": [-7.74833, 25.72, 7.001], "size": [1, 1, 1], "uv": [57, 55]},
          {"origin": [-11.84868, 24.72805, 6.998], "size": [1, 2, 1], "uv": [71, 71]},
          {"origin": [-11.85278, 25.93147, 6.998], "size": [1, 2, 1], "uv": [70, 44]},
          {"origin": [-25.60966, 20.11581, 6.998], "size": [4, 4, 1], "uv": [60, 26]},
          {"origin": [-28.50239, 10.74538, 6.999], "size": [1, 5, 1], "uv": [68, 61]},
          {"origin": [-45.18837, 7.83411, 7], "size": [6, 11, 1], "uv": [23, 23]},
          {"origin": [-12.75, 20.9, 6.998], "size": [2, 2, 1], "uv": [69, 23]}
        ]
      },
      {
        "name": "angle16_5",
        "parent": "right",
        "pivot": [0, 0, 7],
        "rotation": [0, 0, -73.5],
        "cubes": [
          {"origin": [22.9829, 41.2429, 7], "size": [1, 15, 1], "uv": [0, 37]},
          {"origin": [21.9829, 44.2429, 7], "size": [1, 9, 1], "uv": [32, 61]},
          {"origin": [22.8671, 25.63366, 6.998], "size": [1, 13, 1], "uv": [41, 49]},
          {"origin": [21.8671, 34.63366, 6.998], "size": [1, 1, 1], "uv": [71, 7]},
          {"origin": [22.69889, 19.20172, 6.998], "size": [1, 4, 1], "uv": [69, 51]},
          {"origin": [22.69889, 18.33882, 6.998], "size": [1, 1, 1], "uv": [54, 9]},
          {"origin": [22.69889, 15.20172, 6.997], "size": [1, 1, 1], "uv": [71, 9]},
          {"origin": [22.70303, 14.05932, 7.001], "size": [1, 2, 1], "uv": [30, 71]}
        ]
      },
      {
        "name": "angle9",
        "parent": "right",
        "pivot": [0, 0, 7],
        "rotation": [0, 0, -81],
        "cubes": [
          {"origin": [22.22594, 43.51039, 7], "size": [7, 8, 1], "uv": [10, 0]},
          {"origin": [22.41378, 25.42903, 6.998], "size": [5, 6, 1], "uv": [42, 42]},
          {"origin": [22.57006, 15.57112, 6.998], "size": [3, 4, 1], "uv": [47, 29]},
          {"origin": [20.14649, 14.18727, 6.998], "size": [1, 5, 1], "uv": [16, 68]}
        ]
      },
      {
        "name": "angle14",
        "parent": "right",
        "pivot": [0, 0, 7],
        "rotation": [0, 0, -76]
      },
      {
        "name": "angle_14",
        "parent": "right",
        "pivot": [0, 0, 7],
        "rotation": [0, 0, -104],
        "cubes": [
          {"origin": [17.0819, 36.12906, 7], "size": [2, 8, 1], "uv": [60, 31]},
          {"origin": [17.07963, 14.08591, 6.999], "size": [3, 10, 1], "uv": [40, 0]},
          {"origin": [17.223, 2.66074, 7.001], "size": [1, 9, 1], "uv": [63, 63]},
          {"origin": [19.17303, 15.8466, 6.999], "size": [3, 8, 1], "uv": [51, 11]},
          {"origin": [18.13389, 3.93498, 7], "size": [3, 7, 1], "uv": [59, 9]}
        ]
      },
      {
        "name": "angle90",
        "parent": "right",
        "pivot": [0, 0, 7],
        "rotation": [0, 0, -90],
        "cubes": [
          {"origin": [18.75883, 39.4978, 7], "size": [5, 5, 1], "uv": [47, 23]}
        ]
      },
      {
        "name": "angle_79",
        "parent": "right",
        "pivot": [0, 0, 7],
        "rotation": [0, 0, 11],
        "cubes": [
          {"origin": [-48.21365, -3.16827, 7], "size": [1, 18, 1], "uv": [18, 24]},
          {"origin": [-47.21365, -1.16827, 7], "size": [2, 8, 1], "uv": [59, 17]}
        ]
      },
      {
        "name": "angle_24",
        "parent": "right",
        "pivot": [-39, 19, 7],
        "rotation": [0, 0, 66],
        "cubes": [
          {"origin": [-41.91263, 17.76469, 7], "size": [3, 8, 1], "uv": [54, 0]}
        ]
      },
      {
        "name": "angle_9",
        "parent": "right",
        "pivot": [0, 0, 7],
        "rotation": [0, 0, -99],
        "cubes": [
          {"origin": [22.11426, 7.33544, 6.998], "size": [1, 5, 1], "uv": [67, 7]}
        ]
      },
      {
        "name": "left",
        "pivot": [0, 21, 8],
        "cubes": [
          {"origin": [45.47578, 32.38022, 7.001], "size": [2, 4, 1], "uv": [66, 36]},
          {"origin": [46.47578, 36.38022, 7.001], "size": [1, 1, 1], "uv": [4, 37]},
          {"origin": [46.48071, 25.62525, 6.999], "size": [1, 5, 1], "uv": [67, 67]},
          {"origin": [46.34379, 7.37229, 7], "size": [1, 3, 1], "uv": [35, 70]},
          {"origin": [42.34137, 8.64484, 6.999], "size": [5, 3, 1], "uv": [24, 18]},
          {"origin": [35.45832, 9.30506, 6.999], "size": [5, 3, 1], "uv": [57, 51]},
          {"origin": [45.48071, 18.62525, 6.999], "size": [1, 5, 1], "uv": [59, 67]},
          {"origin": [44.48071, 13, 6.997], "size": [1, 5, 1], "uv": [55, 67]},
          {"origin": [36.52453, 13.83623, 6.997], "size": [1, 4, 1], "uv": [26, 69]},
          {"origin": [32.733, 29.7089, 6.999], "size": [1, 4, 1], "uv": [69, 18]},
          {"origin": [28.733, 26.7089, 6.999], "size": [1, 5, 1], "uv": [66, 41]},
          {"origin": [27.733, 18.7089, 6.999], "size": [1, 5, 1], "uv": [0, 66]},
          {"origin": [19.733, 18.7089, 6.999], "size": [1, 4, 1], "uv": [68, 13]},
          {"origin": [7.72957, 15.17322, 6.999], "size": [2, 9, 1], "uv": [4, 59]},
          {"origin": [15.31183, 26.66377, 6.998], "size": [1, 2, 1], "uv": [70, 41]},
          {"origin": [13.94394, 13.44932, 6.999], "size": [2, 10, 1], "uv": [45, 49]},
          {"origin": [10.78751, 17.43701, 6.999], "size": [2, 10, 1], "uv": [48, 0]},
          {"origin": [18.78778, 13.75418, 6.999], "size": [1, 3, 1], "uv": [69, 56]},
          {"origin": [18.78778, 13.1, 6.999], "size": [1, 3, 1], "uv": [40, 11]},
          {"origin": [28.733, 10.7089, 6.999], "size": [1, 5, 1], "uv": [42, 35]},
          {"origin": [32.65307, 24.43517, 6.998], "size": [1, 4, 1], "uv": [41, 69]},
          {"origin": [33.44302, 21.48842, 7], "size": [2, 4, 1], "uv": [66, 31]},
          {"origin": [35, 28.48842, 7], "size": [2, 2, 1], "uv": [4, 69]},
          {"origin": [42.44302, 29.48842, 7], "size": [3, 3, 1], "uv": [66, 3]},
          {"origin": [40, 8.5, 7], "size": [3, 18, 1], "uv": [0, 18]},
          {"origin": [23.233, 15.37252, 6.999], "size": [2, 17, 1], "uv": [26, 0]}
        ]
      },
      {
        "name": "bone6",
        "parent": "left",
        "pivot": [0, 0, 7],
        "rotation": [0, 0, 7],
        "cubes": [
          {"origin": [33.36561, 22.02236, 7], "size": [2, 6, 1], "uv": [63, 55]},
          {"origin": [30.56005, 14.64767, 7], "size": [2, 11, 1], "uv": [28, 48]},
          {"origin": [29.46054, 14.02073, 7.001], "size": [2, 15, 1], "uv": [22, 35]}
        ]
      },
      {
        "name": "bone7",
        "parent": "left",
        "pivot": [0, 0, 7],
        "rotation": [0, 0, 7],
        "cubes": [
          {"origin": [15.14055, 25.89803, 6.999], "size": [2, 7, 1], "uv": [36, 62]}
        ]
      },
      {
        "name": "angle16_2",
        "parent": "left",
        "pivot": [0, 0, 7],
        "rotation": [0, 0, 75],
        "cubes": [
          {"origin": [-24.08837, 40.34215, 6.999], "size": [2, 13, 1], "uv": [36, 36]},
          {"origin": [-24.08837, 52.56, 6.998], "size": [2, 2, 1], "uv": [51, 20]},
          {"origin": [-23.19179, 25.96081, 6.999], "size": [2, 10, 1], "uv": [12, 51]},
          {"origin": [-25.0884, 46.34215, 6.999], "size": [1, 3, 1], "uv": [48, 70]},
          {"origin": [-24.46526, 14.17475, 6.998], "size": [1, 9, 1], "uv": [62, 40]}
        ]
      },
      {
        "name": "bone",
        "parent": "left",
        "pivot": [0, 0, 7],
        "rotation": [0, 0, 81],
        "cubes": [
          {"origin": [-22.97702, 36.6993, 6.998], "size": [4, 14, 1], "uv": [8, 24]}
        ]
      },
      {
        "name": "bone3",
        "parent": "left",
        "pivot": [0, 0, 7],
        "rotation": [0, 0, 81],
        "cubes": [
          {"origin": [-24.7288, 23.54513, 6.999], "size": [3, 10, 1], "uv": [37, 15]},
          {"origin": [-22.66644, 11.41593, 6.999], "size": [2, 8, 1], "uv": [26, 60]},
          {"origin": [-25.78376, 11.28214, 6.998], "size": [2, 9, 1], "uv": [57, 57]}
        ]
      },
      {
        "name": "bone2",
        "parent": "left",
        "pivot": [0, 0, 7],
        "rotation": [0, 0, 79],
        "cubes": [
          {"origin": [-25.7265, 38.78195, 7], "size": [3, 14, 1], "uv": [32, 0]}
        ]
      },
      {
        "name": "angle2",
        "parent": "left",
        "pivot": [0, 0, 7],
        "rotation": [0, 0, 85],
        "cubes": [
          {"origin": [-22.38953, 36.53342, 7], "size": [1, 13, 1], "uv": [18, 43]}
        ]
      },
      {
        "name": "angle_2",
        "parent": "left",
        "pivot": [0, 0, 7],
        "rotation": [0, 0, 104],
        "cubes": [
          {"origin": [-18.6068, 32.15395, 7], "size": [1, 12, 1], "uv": [22, 51]},
          {"origin": [-20.6068, 32.15395, 7], "size": [2, 11, 1], "uv": [12, 39]},
          {"origin": [-18.50656, 27.53225, 7.001], "size": [1, 3, 1], "uv": [10, 70]},
          {"origin": [-20.34194, 15.28879, 6.999], "size": [3, 10, 1], "uv": [4, 39]}
        ]
      },
      {
        "name": "bone5",
        "parent": "left",
        "pivot": [0, 0, 7],
        "rotation": [0, 0, 98],
        "cubes": [
          {"origin": [-18.12016, 33.4007, 6.999], "size": [1, 10, 1], "uv": [18, 57]},
          {"origin": [-18.12016, 43.26, 6.999], "size": [1, 2, 1], "uv": [32, 15]}
        ]
      },
      {
        "name": "angle_81",
        "parent": "left",
        "pivot": [0, 0, 7],
        "rotation": [0, 0, 96],
        "cubes": [
          {"origin": [-18.57828, 34.87817, 6.997], "size": [1, 8, 1], "uv": [22, 64]},
          {"origin": [-18.73078, 17.92809, 6.999], "size": [2, 10, 1], "uv": [34, 50]},
          {"origin": [-19.04437, 4.91166, 6.999], "size": [2, 11, 1], "uv": [45, 11]}
        ]
      },
      {
        "name": "bone4",
        "parent": "left",
        "pivot": [0, 0, 7],
        "rotation": [0, 0, 87],
        "cubes": [
          {"origin": [-21.2126, 38.65483, 6.999], "size": [4, 8, 1], "uv": [37, 26]},
          {"origin": [-22.22497, 20.93582, 6.999], "size": [3, 8, 1], "uv": [4, 50]},
          {"origin": [-22.74104, 9.08863, 6.999], "size": [1, 8, 1], "uv": [62, 0]}
        ]
      },
      {
        "name": "angle_90",
        "parent": "left",
        "pivot": [0, 0, 7],
        "rotation": [0, 0, 90],
        "cubes": [
          {"origin": [-19.62525, 37.48071, 7], "size": [1, 8, 1], "uv": [65, 17]},
          {"origin": [-18, 37.48071, 6.998], "size": [4, 7, 1], "uv": [46, 34]},
          {"origin": [-20.7089, 20.733, 6.999], "size": [2, 7, 1], "uv": [49, 62]},
          {"origin": [-21.18554, 8.7467, 7], "size": [2, 7, 1], "uv": [10, 62]}
        ]
      },
      {
        "name": "angle_5",
        "parent": "left",
        "pivot": [0, 0, 7],
        "rotation": [0, 0, 99]
      }
    ]
  }
}