{
  "format_version": "1.10.0",
  "geometry.model": {
    "texturewidth": 128,
    "textureheight": 128,
    "visible_bounds_width": 2,
    "visible_bounds_height": 2,
    "visible_bounds_offset": [0, 1, 0],
    "bones": [
      {
        "name": "head",
        "pivot": [0, 18, 0],
        "cubes": [
          {"origin": [-4, 18, -4], "size": [8, 8, 8], "uv": [0, 0]},
          {"origin": [-5, 21, 2], "size": [3, 6, 3], "uv": [60, 45]},
          {"origin": [2, 21, 2], "size": [3, 6, 3], "uv": [60, 60]}
        ]
      },
      {
        "name": "overlay",
        "parent": "head",
        "pivot": [0, 18, 0],
        "cubes": [
          {"origin": [-4.5, 17.5, -4.5], "size": [9, 9, 0], "uv": [0, 53]},
          {"origin": [-4.5, 8.5, 4.5], "size": [9, 18, 0], "uv": [36, 36]},
          {"origin": [-4.5, 8.5, -4.5], "size": [0, 18, 9], "uv": [18, 18]},
          {"origin": [4.5, 8.5, -4.5], "size": [0, 18, 9], "uv": [0, 16]},
          {"origin": [-4.5, 26.5, -4.5], "size": [9, 0, 9], "uv": [18, 18]},
          {"origin": [-4.5, 17.5, -4.5], "size": [9, 0, 9], "uv": [0, 16]},
          {"origin": [-1.5, 13.5, 3.5], "size": [3, 7, 1], "uv": [0, 0]}
        ]
      },
      {
        "name": "blink",
        "parent": "head",
        "pivot": [0, 18, 0],
        "cubes": [
          {"origin": [-4, 18, -4.001], "size": [8, 4, 0], "uv": [20, 46]}
        ]
      },
      {
        "name": "armRight",
        "pivot": [-3, 17.5, 0],
        "rotation": [0, 0, 25],
        "cubes": [
          {"origin": [-5, 9.5, -1], "size": [2, 8, 2], "uv": [26, 62]}
        ]
      },
      {
        "name": "overlayarmright",
        "parent": "armRight",
        "pivot": [-3, 17.5, 0],
        "cubes": [
          {"origin": [-5.5, 11, -1.5], "size": [3, 7, 3], "uv": [35, 54]}
        ]
      },
      {
        "name": "armLeft",
        "pivot": [3, 17.5, 0],
        "rotation": [0, 0, -25],
        "cubes": [
          {"origin": [3, 9.5, -1], "size": [2, 8, 2], "uv": [18, 62]}
        ]
      },
      {
        "name": "overlayarmleft",
        "parent": "armLeft",
        "pivot": [3, 17.5, 0],
        "cubes": [
          {"origin": [2.5, 11, -1.5], "size": [3, 7, 3], "uv": [54, 35]}
        ]
      },
      {
        "name": "body",
        "pivot": [0, 10.5, 0],
        "cubes": [
          {"origin": [-3, 10, -2.5], "size": [6, 8, 5], "uv": [40, 22]},
          {"origin": [-3.5, 13, -3], "size": [7, 5, 6], "uv": [32, 0]},
          {"origin": [-3.5, 8, -3], "size": [7, 2, 6], "uv": [0, 45]},
          {"origin": [-4, 6.75, -2.5], "size": [8, 2, 5], "uv": [45, 14]}
        ]
      },
      {
        "name": "bone9",
        "parent": "body",
        "pivot": [0, 17.5, -2],
        "rotation": [27.5, 0, 0],
        "cubes": [
          {"origin": [-3, 14.5, -4.5], "size": [6, 3, 3], "uv": [52, 0]},
          {"origin": [2.99, 14.5, -4.5], "size": [0, 3, 3], "uv": [69, 5]},
          {"origin": [-2.99, 14.5, -4.5], "size": [0, 3, 3], "uv": [79, 5]}
        ]
      },
      {
        "name": "legLeft",
        "pivot": [2, 9, 0],
        "cubes": [
          {"origin": [0.499, 0, -1.5], "size": [3, 9, 3], "uv": [51, 51]}
        ]
      },
      {
        "name": "legRight",
        "pivot": [-2, 9, 0],
        "cubes": [
          {"origin": [-3.499, 0, -1.5], "size": [3, 9, 3], "uv": [23, 50]}
        ]
      }
    ]
  }
}