{
  "format_version": "1.10.0",
  "geometry.model": {
    "texturewidth": 128,
    "textureheight": 128,
    "visible_bounds_width": 3,
    "visible_bounds_height": 3,
    "visible_bounds_offset": [0, 1.5, 0],
    "bones": [
      {
        "name": "head",
        "pivot": [0, 20, 0],
        "cubes": [
          {"origin": [-4, 20, -4], "size": [8, 8, 8], "uv": [96, 0]},
          {"origin": [-4.5, 18.5, -4.5], "size": [9, 10, 9], "uv": [92, 16]}
        ]
      },
      {
        "name": "bone89",
        "parent": "head",
        "pivot": [-3.05, 29, 1.25],
        "rotation": [-25, -25, 0],
        "cubes": [
          {"origin": [-2.8, 26.5, 0.75], "size": [1, 12, 1], "uv": [91, 0]}
        ]
      },
      {
        "name": "bone91",
        "parent": "bone89",
        "pivot": [-1.8, 38, 0.75],
        "cubes": [
          {"origin": [-2.8, 26.76795, -0.25], "size": [1, 10, 1], "uv": [91, 0]}
        ]
      },
      {
        "name": "bone90",
        "parent": "bone91",
        "pivot": [-1.8, 38.5, 0.75],
        "rotation": [-30, 0, 0],
        "cubes": [
          {"origin": [-2.8, 36.5, 0.75], "size": [1, 2, 1], "uv": [91, 0]}
        ]
      },
      {
        "name": "bone92",
        "parent": "bone91",
        "pivot": [-1.8, 36.75, -0.25],
        "rotation": [0, 50, 0],
        "cubes": [
          {"origin": [-2.8, 26.76795, -1.25], "size": [1, 8, 1], "uv": [91, 0]},
          {"origin": [-2.8, 26.76795, -2.25], "size": [1, 5, 1], "uv": [91, 0]}
        ]
      },
      {
        "name": "bone93",
        "parent": "bone92",
        "pivot": [-1.8, 33.5, -1.25],
        "rotation": [-30, 0, 0],
        "cubes": [
          {"origin": [-2.8, 31.5, -1.25], "size": [1, 2, 1], "uv": [91, 0]}
        ]
      },
      {
        "name": "bone94",
        "parent": "bone89",
        "pivot": [-1.8, 38, 1.75],
        "cubes": [
          {"origin": [-2.8, 26.76795, 1.75], "size": [1, 10, 1], "uv": [91, 0]}
        ]
      },
      {
        "name": "bone95",
        "parent": "bone94",
        "pivot": [-1.8, 38.5, -0.25],
        "rotation": [30, 0, 0],
        "cubes": [
          {"origin": [-2.8, 35.5, 0.48205], "size": [1, 2, 1], "uv": [91, 0]}
        ]
      },
      {
        "name": "bone96",
        "parent": "bone94",
        "pivot": [-4.3, 36.75, -0.25],
        "rotation": [0, -50, 0],
        "cubes": [
          {"origin": [-1.3949, 26.76795, -0.23675], "size": [1, 8, 1], "uv": [91, 0]},
          {"origin": [-1.3949, 26.76795, 0.76325], "size": [1, 5, 1], "uv": [91, 0]}
        ]
      },
      {
        "name": "bone97",
        "parent": "bone96",
        "pivot": [-4.3, 33.5, 0.75],
        "rotation": [30, 0, 0],
        "cubes": [
          {"origin": [-1.3949, 31.49337, -0.23852], "size": [1, 2, 1], "uv": [91, 0]}
        ]
      },
      {
        "name": "bone132",
        "parent": "bone89",
        "pivot": [-3.05, 29, 1.25],
        "rotation": [0, 0, -10],
        "cubes": [
          {"origin": [-3.3, 27.5, -0.25], "size": [0, 5, 3], "uv": [36, 0]}
        ]
      },
      {
        "name": "bone98",
        "parent": "head",
        "pivot": [3.05, 29, 1.25],
        "rotation": [-25, 25, 0],
        "cubes": [
          {"origin": [1.8, 26.5, 0.75], "size": [1, 12, 1], "uv": [91, 0], "mirror": true}
        ]
      },
      {
        "name": "bone99",
        "parent": "bone98",
        "pivot": [1.8, 38, 0.75],
        "cubes": [
          {"origin": [1.8, 26.76795, -0.25], "size": [1, 10, 1], "uv": [91, 0], "mirror": true}
        ]
      },
      {
        "name": "bone100",
        "parent": "bone99",
        "pivot": [1.8, 38.5, 0.75],
        "rotation": [-30, 0, 0],
        "cubes": [
          {"origin": [1.8, 36.5, 0.75], "size": [1, 2, 1], "uv": [91, 0], "mirror": true}
        ]
      },
      {
        "name": "bone101",
        "parent": "bone99",
        "pivot": [1.8, 36.75, -0.25],
        "rotation": [0, -50, 0],
        "cubes": [
          {"origin": [1.8, 26.76795, -1.25], "size": [1, 8, 1], "uv": [91, 0], "mirror": true},
          {"origin": [1.8, 26.76795, -2.25], "size": [1, 5, 1], "uv": [91, 0], "mirror": true}
        ]
      },
      {
        "name": "bone102",
        "parent": "bone101",
        "pivot": [1.8, 33.5, -1.25],
        "rotation": [-30, 0, 0],
        "cubes": [
          {"origin": [1.8, 31.5, -1.25], "size": [1, 2, 1], "uv": [91, 0], "mirror": true}
        ]
      },
      {
        "name": "bone103",
        "parent": "bone98",
        "pivot": [1.8, 38, 1.75],
        "cubes": [
          {"origin": [1.8, 26.76795, 1.75], "size": [1, 10, 1], "uv": [91, 0], "mirror": true}
        ]
      },
      {
        "name": "bone104",
        "parent": "bone103",
        "pivot": [1.8, 38.5, -0.25],
        "rotation": [30, 0, 0],
        "cubes": [
          {"origin": [1.8, 35.5, 0.48205], "size": [1, 2, 1], "uv": [91, 0], "mirror": true}
        ]
      },
      {
        "name": "bone105",
        "parent": "bone103",
        "pivot": [4.3, 36.75, -0.25],
        "rotation": [0, 50, 0],
        "cubes": [
          {"origin": [0.3949, 26.76795, -0.23675], "size": [1, 8, 1], "uv": [91, 0], "mirror": true},
          {"origin": [0.3949, 26.76795, 0.76325], "size": [1, 5, 1], "uv": [91, 0], "mirror": true}
        ]
      },
      {
        "name": "bone106",
        "parent": "bone105",
        "pivot": [4.3, 33.5, 0.75],
        "rotation": [30, 0, 0],
        "cubes": [
          {"origin": [0.3949, 31.49337, -0.23852], "size": [1, 2, 1], "uv": [91, 0], "mirror": true}
        ]
      },
      {
        "name": "bone131",
        "parent": "bone98",
        "pivot": [3.05, 29, 1.25],
        "rotation": [0, 0, 10],
        "cubes": [
          {"origin": [3.3, 27.5, -0.25], "size": [0, 5, 3], "uv": [36, 0], "mirror": true}
        ]
      },
      {
        "name": "bone107",
        "parent": "head",
        "pivot": [0, 0, 0],
        "cubes": [
          {"origin": [2.5, 20.2, -4.25], "size": [1, 0.75, 1], "uv": [4, 54]}
        ]
      },
      {
        "name": "bone108",
        "parent": "bone107",
        "pivot": [3.9, 21.075, -4.15],
        "rotation": [0, 0, -5],
        "cubes": [
          {"origin": [3.37385, 20.70114, -4.15], "size": [1, 0.15, 0], "uv": [5, 52]}
        ]
      },
      {
        "name": "bone109",
        "parent": "bone107",
        "pivot": [3.9, 20.675, -4.15],
        "rotation": [0, 0, 5],
        "cubes": [
          {"origin": [3.42615, 20.30114, -4.15], "size": [1, 0.15, 0], "uv": [5, 52]}
        ]
      },
      {
        "name": "bone110",
        "parent": "head",
        "pivot": [0, 0, 0],
        "cubes": [
          {"origin": [-3.5, 20.2, -4.25], "size": [1, 0.75, 1], "uv": [4, 54], "mirror": true}
        ]
      },
      {
        "name": "bone111",
        "parent": "bone110",
        "pivot": [-3.9, 21.075, -4.15],
        "rotation": [0, 0, 5],
        "cubes": [
          {"origin": [-4.37385, 20.70114, -4.15], "size": [1, 0.15, 0], "uv": [5, 52], "mirror": true}
        ]
      },
      {
        "name": "bone112",
        "parent": "bone110",
        "pivot": [-3.9, 20.675, -4.15],
        "rotation": [0, 0, -5],
        "cubes": [
          {"origin": [-4.42615, 20.30114, -4.15], "size": [1, 0.15, 0], "uv": [5, 52], "mirror": true}
        ]
      },
      {
        "name": "helmet",
        "parent": "head",
        "pivot": [0, 26, -3],
        "cubes": [
          {"origin": [-5, 25, -4.5], "size": [10, 4, 10], "uv": [88, 35]},
          {"origin": [-1, 26, -3], "size": [1, 1, 1], "uv": [0, 0]}
        ]
      },
      {
        "name": "bone47",
        "parent": "helmet",
        "pivot": [0, 29.75, -3.25]
      },
      {
        "name": "bone37",
        "parent": "bone47",
        "pivot": [0, 29.75, -6.25],
        "rotation": [0, 0, 15],
        "cubes": [
          {"origin": [0, 28.75, -9], "size": [2, 1, 5], "uv": [0, 0]}
        ]
      },
      {
        "name": "bone38",
        "parent": "bone37",
        "pivot": [2, 29.75, -9],
        "rotation": [0, -25, 0],
        "cubes": [
          {"origin": [2, 28.75, -9], "size": [2, 1, 5], "uv": [0, 6]}
        ]
      },
      {
        "name": "bone39",
        "parent": "bone38",
        "pivot": [4, 29.75, -9],
        "rotation": [0, 0, 30],
        "cubes": [
          {"origin": [4, 28.75, -9], "size": [3, 1, 5], "uv": [0, 12]}
        ]
      },
      {
        "name": "bone40",
        "parent": "bone39",
        "pivot": [7, 29.75, -9],
        "rotation": [0, -35, 0],
        "cubes": [
          {"origin": [7, 28.75, -9], "size": [4, 1, 1], "uv": [11, 0]}
        ]
      },
      {
        "name": "bone41",
        "parent": "bone40",
        "pivot": [9, 29.75, -9],
        "rotation": [0, -55, 0],
        "cubes": [
          {"origin": [9, 28.75, -9], "size": [5, 1, 3], "uv": [0, 18]}
        ]
      },
      {
        "name": "bone42",
        "parent": "bone47",
        "pivot": [0, 29.75, -6.25],
        "rotation": [0, 0, -15],
        "cubes": [
          {"origin": [-2, 28.75, -9], "size": [2, 1, 5], "uv": [0, 0], "mirror": true}
        ]
      },
      {
        "name": "bone43",
        "parent": "bone42",
        "pivot": [-2, 29.75, -9],
        "rotation": [0, 25, 0],
        "cubes": [
          {"origin": [-4, 28.75, -9], "size": [2, 1, 5], "uv": [0, 6], "mirror": true}
        ]
      },
      {
        "name": "bone44",
        "parent": "bone43",
        "pivot": [-4, 29.75, -9],
        "rotation": [0, 0, -30],
        "cubes": [
          {"origin": [-7, 28.75, -9], "size": [3, 1, 5], "uv": [0, 12], "mirror": true}
        ]
      },
      {
        "name": "bone45",
        "parent": "bone44",
        "pivot": [-7, 29.75, -9],
        "rotation": [0, 35, 0],
        "cubes": [
          {"origin": [-11, 28.75, -9], "size": [4, 1, 1], "uv": [11, 0], "mirror": true}
        ]
      },
      {
        "name": "bone46",
        "parent": "bone45",
        "pivot": [-9, 29.75, -9],
        "rotation": [0, 55, 0],
        "cubes": [
          {"origin": [-14, 28.75, -9], "size": [5, 1, 3], "uv": [0, 18], "mirror": true}
        ]
      },
      {
        "name": "bone48",
        "parent": "helmet",
        "pivot": [0, 28.75, -1.25],
        "rotation": [-130, 0, 0]
      },
      {
        "name": "bone49",
        "parent": "bone48",
        "pivot": [0, 24.75, -1.25],
        "rotation": [0, 0, -15],
        "cubes": [
          {"origin": [0.95043, 24.56501, -2.8393], "size": [1, 1, 2], "uv": [9, 24]},
          {"origin": [-0.04957, 24.56501, -3.8393], "size": [1, 1, 3], "uv": [0, 23]},
          {"origin": [0.14656, 25.29695, -1.0647], "size": [4, 1, 2], "uv": [0, 38]}
        ]
      },
      {
        "name": "bone50",
        "parent": "bone49",
        "pivot": [2, 24.75, -4],
        "rotation": [0, -25, 0],
        "cubes": [
          {"origin": [2.02299, 24.56501, -1.83341], "size": [2, 1, 1], "uv": [14, 25]}
        ]
      },
      {
        "name": "bone51",
        "parent": "bone50",
        "pivot": [4, 24.75, -4],
        "rotation": [0, 0, -30],
        "cubes": [
          {"origin": [3.92742, 24.5783, -1.83341], "size": [3, 1, 3], "uv": [0, 27]}
        ]
      },
      {
        "name": "bone52",
        "parent": "bone51",
        "pivot": [7, 24.75, -4],
        "rotation": [0, -45, 0],
        "cubes": [
          {"origin": [7.06647, 24.5783, -3.83088], "size": [2, 1, 3], "uv": [0, 31]}
        ]
      },
      {
        "name": "bone53",
        "parent": "bone52",
        "pivot": [9, 24.75, -4],
        "rotation": [0, -45, 0],
        "cubes": [
          {"origin": [9.16659, 24.5783, -3.92742], "size": [3, 1, 2], "uv": [10, 31]}
        ]
      },
      {
        "name": "bone60",
        "parent": "bone52",
        "pivot": [9, 24.85, -4],
        "rotation": [0, 15, 0],
        "cubes": [
          {"origin": [8.02044, 24.6783, -5.81944], "size": [1, 1, 2], "uv": [0, 35]}
        ]
      },
      {
        "name": "bone61",
        "parent": "bone60",
        "pivot": [9, 24.85, -6],
        "rotation": [0, 65, 0],
        "cubes": [
          {"origin": [7.84499, 24.6783, -7.90517], "size": [1, 1, 2], "uv": [6, 35]}
        ]
      },
      {
        "name": "bone54",
        "parent": "bone48",
        "pivot": [0, 24.75, -1.25],
        "rotation": [0, 0, 15],
        "cubes": [
          {"origin": [-1.95043, 24.56501, -2.8393], "size": [1, 1, 2], "uv": [9, 24], "mirror": true},
          {"origin": [-0.95043, 24.56501, -3.8393], "size": [1, 1, 3], "uv": [0, 23], "mirror": true},
          {"origin": [-4.14656, 25.29695, -1.0647], "size": [4, 1, 2], "uv": [0, 38], "mirror": true}
        ]
      },
      {
        "name": "bone55",
        "parent": "bone54",
        "pivot": [-2, 24.75, -4],
        "rotation": [0, 25, 0],
        "cubes": [
          {"origin": [-4.02299, 24.56501, -1.83341], "size": [2, 1, 1], "uv": [14, 25], "mirror": true}
        ]
      },
      {
        "name": "bone56",
        "parent": "bone55",
        "pivot": [-4, 24.75, -4],
        "rotation": [0, 0, 30],
        "cubes": [
          {"origin": [-6.92742, 24.5783, -1.83341], "size": [3, 1, 3], "uv": [0, 27], "mirror": true}
        ]
      },
      {
        "name": "bone57",
        "parent": "bone56",
        "pivot": [-7, 24.75, -4],
        "rotation": [0, 45, 0],
        "cubes": [
          {"origin": [-9.06647, 24.5783, -3.83088], "size": [2, 1, 3], "uv": [0, 31], "mirror": true}
        ]
      },
      {
        "name": "bone58",
        "parent": "bone57",
        "pivot": [-9, 24.75, -4],
        "rotation": [0, 45, 0],
        "cubes": [
          {"origin": [-12.16659, 24.5783, -3.92742], "size": [3, 1, 2], "uv": [10, 31], "mirror": true}
        ]
      },
      {
        "name": "bone62",
        "parent": "bone57",
        "pivot": [-9, 24.85, -4],
        "rotation": [0, -15, 0],
        "cubes": [
          {"origin": [-9.02044, 24.6783, -5.81944], "size": [1, 1, 2], "uv": [0, 35], "mirror": true}
        ]
      },
      {
        "name": "bone63",
        "parent": "bone62",
        "pivot": [-9, 24.85, -6],
        "rotation": [0, -65, 0],
        "cubes": [
          {"origin": [-8.84499, 24.6783, -7.90517], "size": [1, 1, 2], "uv": [6, 35], "mirror": true}
        ]
      },
      {
        "name": "bone59",
        "parent": "helmet",
        "pivot": [0, 25.75, -3],
        "rotation": [-5, 0, 0],
        "cubes": [
          {"origin": [-5.5, 23.9981, -1.29358], "size": [11, 2, 7], "uv": [92, 56]}
        ]
      },
      {
        "name": "bone64",
        "parent": "helmet",
        "pivot": [5.5, 24.25, -2.75],
        "rotation": [-45, 0, 0],
        "cubes": [
          {"origin": [4, 24.53033, -3.21967], "size": [2, 2, 2], "uv": [26, 0]}
        ]
      },
      {
        "name": "bone65",
        "parent": "bone64",
        "pivot": [6.5, 24.82322, -2.57322],
        "rotation": [0, -5, 25],
        "cubes": [
          {"origin": [4.9718, 24.23344, -3.0384], "size": [2, 1.75, 1.75], "uv": [27, 5]}
        ]
      },
      {
        "name": "bone66",
        "parent": "bone65",
        "pivot": [6.5, 24.52322, -2.47322],
        "rotation": [0, 15, 35],
        "cubes": [
          {"origin": [5.85067, 24.49496, -2.86596], "size": [2, 1.25, 1.25], "uv": [27, 8]}
        ]
      },
      {
        "name": "bone67",
        "parent": "bone66",
        "pivot": [8.5, 24.52322, -2.37322],
        "rotation": [0, 20, 20],
        "cubes": [
          {"origin": [7.17715, 24.28985, -3.00166], "size": [2, 1, 1], "uv": [27, 11]}
        ]
      },
      {
        "name": "bone68",
        "parent": "helmet",
        "pivot": [-5.5, 24.25, -2.75],
        "rotation": [-45, 0, 0],
        "cubes": [
          {"origin": [-6, 24.53033, -3.21967], "size": [2, 2, 2], "uv": [26, 0], "mirror": true}
        ]
      },
      {
        "name": "bone69",
        "parent": "bone68",
        "pivot": [-6.5, 24.82322, -2.57322],
        "rotation": [0, 5, -25],
        "cubes": [
          {"origin": [-6.9718, 24.23344, -3.0384], "size": [2, 1.75, 1.75], "uv": [27, 5], "mirror": true}
        ]
      },
      {
        "name": "bone70",
        "parent": "bone69",
        "pivot": [-6.5, 24.52322, -2.47322],
        "rotation": [0, -15, -35],
        "cubes": [
          {"origin": [-7.85067, 24.49496, -2.86596], "size": [2, 1.25, 1.25], "uv": [27, 8], "mirror": true}
        ]
      },
      {
        "name": "bone71",
        "parent": "bone70",
        "pivot": [-8.5, 24.52322, -2.37322],
        "rotation": [0, -20, -20],
        "cubes": [
          {"origin": [-9.17715, 24.28985, -3.00166], "size": [2, 1, 1], "uv": [27, 11], "mirror": true}
        ]
      },
      {
        "name": "bone72",
        "parent": "helmet",
        "pivot": [0, 23.9, 5.25],
        "rotation": [55, 0, 0],
        "cubes": [
          {"origin": [-2, 20.9, 4.25], "size": [4, 3, 1], "uv": [118, 67]}
        ]
      },
      {
        "name": "bone73",
        "parent": "bone72",
        "pivot": [-2, 23.9, 5.25],
        "rotation": [0, 0, 10],
        "cubes": [
          {"origin": [-5, 20.9, 4.25], "size": [3, 3, 1], "uv": [88, 89]}
        ]
      },
      {
        "name": "bone74",
        "parent": "bone72",
        "pivot": [2, 23.9, 5.25],
        "rotation": [0, 0, -10],
        "cubes": [
          {"origin": [2, 20.9, 4.25], "size": [3, 3, 1], "uv": [88, 89], "mirror": true}
        ]
      },
      {
        "name": "bone78",
        "parent": "helmet",
        "pivot": [0, 24.5, 5.25],
        "rotation": [20, 0, 0],
        "cubes": [
          {"origin": [-2, 5.5, 4.25], "size": [4, 19, 1], "uv": [118, 73]}
        ]
      },
      {
        "name": "bone79",
        "parent": "bone78",
        "pivot": [-2, 24.5, 5.25],
        "rotation": [0, -15, 0],
        "cubes": [
          {"origin": [-5, 5.5, 4.25], "size": [3, 19, 1], "uv": [88, 95]}
        ]
      },
      {
        "name": "bone80",
        "parent": "bone79",
        "pivot": [-5, 5.5, 5.25],
        "rotation": [0, 0, 8],
        "cubes": [
          {"origin": [-8, 5.5, 4.25], "size": [3, 19, 1], "uv": [88, 95], "mirror": true}
        ]
      },
      {
        "name": "bone81",
        "parent": "bone78",
        "pivot": [2, 24.5, 5.25],
        "rotation": [0, 15, 0],
        "cubes": [
          {"origin": [2, 5.5, 4.25], "size": [3, 19, 1], "uv": [88, 95], "mirror": true}
        ]
      },
      {
        "name": "bone82",
        "parent": "bone81",
        "pivot": [5, 5.5, 5.25],
        "rotation": [0, 0, -8],
        "cubes": [
          {"origin": [5, 5.5, 4.25], "size": [3, 19, 1], "uv": [88, 95]}
        ]
      },
      {
        "name": "bone75",
        "parent": "helmet",
        "pivot": [0, 24, 4.75],
        "rotation": [5, 0, 0],
        "cubes": [
          {"origin": [-2, 18, 4.75], "size": [4, 6, 0], "uv": [107, 75]}
        ]
      },
      {
        "name": "bone76",
        "parent": "bone75",
        "pivot": [-2, 24, 4.75],
        "rotation": [0, 0, 10],
        "cubes": [
          {"origin": [-5, 18, 4.75], "size": [3, 6, 0], "uv": [108, 81]}
        ]
      },
      {
        "name": "bone77",
        "parent": "bone75",
        "pivot": [2, 24, 4.75],
        "rotation": [0, 0, -10],
        "cubes": [
          {"origin": [2, 18, 4.75], "size": [3, 6, 0], "uv": [108, 81], "mirror": true}
        ]
      },
      {
        "name": "bone83",
        "parent": "helmet",
        "pivot": [0, 18.5, 5.5],
        "rotation": [5, 0, 0],
        "cubes": [
          {"origin": [-2, 14.5, 5.5], "size": [4, 4, 0], "uv": [107, 71]}
        ]
      },
      {
        "name": "bone84",
        "parent": "bone83",
        "pivot": [-2, 18.5, 5.5],
        "rotation": [0, 0, 10],
        "cubes": [
          {"origin": [-5, 14.5, 5.5], "size": [3, 4, 0], "uv": [108, 67]}
        ]
      },
      {
        "name": "bone85",
        "parent": "bone83",
        "pivot": [2, 18.5, 5.5],
        "rotation": [0, 0, -10],
        "cubes": [
          {"origin": [2, 14.5, 5.5], "size": [3, 4, 0], "uv": [108, 67], "mirror": true}
        ]
      },
      {
        "name": "bone86",
        "parent": "helmet",
        "pivot": [0, 15.5, 6.5],
        "rotation": [5, 0, 0],
        "cubes": [
          {"origin": [-2, 9.5, 6.5], "size": [4, 6, 0], "uv": [107, 75]}
        ]
      },
      {
        "name": "bone87",
        "parent": "bone86",
        "pivot": [-2, 15.5, 6.5],
        "rotation": [0, 0, 10],
        "cubes": [
          {"origin": [-5, 9.5, 6.5], "size": [3, 6, 0], "uv": [108, 81]}
        ]
      },
      {
        "name": "bone88",
        "parent": "bone86",
        "pivot": [2, 15.5, 6.5],
        "rotation": [0, 0, -10],
        "cubes": [
          {"origin": [2, 9.5, 6.5], "size": [3, 6, 0], "uv": [108, 81], "mirror": true}
        ]
      },
      {
        "name": "bone113",
        "parent": "helmet",
        "pivot": [5, 23, -4.25],
        "rotation": [0, 40, -10],
        "cubes": [
          {"origin": [5, 20, -4.75], "size": [0, 6, 1], "uv": [98, 84]}
        ]
      },
      {
        "name": "bone114",
        "parent": "bone113",
        "pivot": [5, 20, -4.25],
        "rotation": [0, 0, -15],
        "cubes": [
          {"origin": [5, 17, -4.75], "size": [0, 3, 1], "uv": [98, 84]}
        ]
      },
      {
        "name": "bone115",
        "parent": "bone114",
        "pivot": [5, 17, -4.25],
        "rotation": [0, 0, -15],
        "cubes": [
          {"origin": [5, 13, -4.75], "size": [0, 4, 1], "uv": [98, 84]}
        ]
      },
      {
        "name": "bone116",
        "parent": "bone115",
        "pivot": [5, 13, -4.25],
        "rotation": [0, 0, 15],
        "cubes": [
          {"origin": [5, 10, -4.75], "size": [0, 3, 1], "uv": [98, 84]}
        ]
      },
      {
        "name": "bone117",
        "parent": "bone116",
        "pivot": [5, 10, -4.25],
        "rotation": [0, 0, 20],
        "cubes": [
          {"origin": [5, 7, -4.75], "size": [0, 3, 1], "uv": [98, 84]},
          {"origin": [4.85, 7.4, -5], "size": [0.3, 0.25, 1.5], "uv": [4, 66]},
          {"origin": [4.85, 6.75, -5], "size": [0.3, 0.25, 1.5], "uv": [4, 66]},
          {"origin": [4.87801, 5.74559, -4.83303], "size": [0.3, 0.25, 1.1], "uv": [4, 66]}
        ]
      },
      {
        "name": "bone118",
        "parent": "bone117",
        "pivot": [5, 5.775, -3.25],
        "rotation": [50, 0, 0],
        "cubes": [
          {"origin": [4.85, 6.04916, -3.72881], "size": [0.3, 0.25, 1], "uv": [4, 66]}
        ]
      },
      {
        "name": "bone119",
        "parent": "bone117",
        "pivot": [5, 5.775, -3.25],
        "rotation": [-60, 0, 0],
        "cubes": [
          {"origin": [4.85, 5.92099, -4.43588], "size": [0.3, 0.25, 0.75], "uv": [4, 66]}
        ]
      },
      {
        "name": "bone120",
        "parent": "bone117",
        "pivot": [5, 5.875, -4.25],
        "rotation": [60, 0, 0],
        "cubes": [
          {"origin": [4.85, 6.83702, -4.40072], "size": [0.3, 0.25, 0.75], "uv": [4, 66]}
        ]
      },
      {
        "name": "bone121",
        "parent": "bone117",
        "pivot": [5, 5.875, -4.5],
        "rotation": [-50, 0, 0],
        "cubes": [
          {"origin": [4.85, 5.51034, -5.42668], "size": [0.3, 0.25, 1], "uv": [4, 66]}
        ]
      },
      {
        "name": "bone122",
        "parent": "helmet",
        "pivot": [-5, 23, -4.25],
        "rotation": [0, -40, 10],
        "cubes": [
          {"origin": [-5, 20, -4.75], "size": [0, 6, 1], "uv": [98, 84], "mirror": true}
        ]
      },
      {
        "name": "bone123",
        "parent": "bone122",
        "pivot": [-5, 20, -4.25],
        "rotation": [0, 0, 15],
        "cubes": [
          {"origin": [-5, 17, -4.75], "size": [0, 3, 1], "uv": [98, 84], "mirror": true}
        ]
      },
      {
        "name": "bone124",
        "parent": "bone123",
        "pivot": [-5, 17, -4.25],
        "rotation": [0, 0, 15],
        "cubes": [
          {"origin": [-5, 13, -4.75], "size": [0, 4, 1], "uv": [98, 84], "mirror": true}
        ]
      },
      {
        "name": "bone125",
        "parent": "bone124",
        "pivot": [-5, 13, -4.25],
        "rotation": [0, 0, -15],
        "cubes": [
          {"origin": [-5, 10, -4.75], "size": [0, 3, 1], "uv": [98, 84], "mirror": true}
        ]
      },
      {
        "name": "bone126",
        "parent": "bone125",
        "pivot": [-5, 10, -4.25],
        "rotation": [0, 0, -20],
        "cubes": [
          {"origin": [-5, 7, -4.75], "size": [0, 3, 1], "uv": [98, 84], "mirror": true},
          {"origin": [-5.15, 7.4, -5], "size": [0.3, 0.25, 1.5], "uv": [4, 66], "mirror": true},
          {"origin": [-5.15, 6.75, -5], "size": [0.3, 0.25, 1.5], "uv": [4, 66], "mirror": true},
          {"origin": [-5.17801, 5.74559, -4.83303], "size": [0.3, 0.25, 1.1], "uv": [4, 66], "mirror": true}
        ]
      },
      {
        "name": "bone127",
        "parent": "bone126",
        "pivot": [-5, 5.775, -3.25],
        "rotation": [50, 0, 0],
        "cubes": [
          {"origin": [-5.15, 6.04916, -3.72881], "size": [0.3, 0.25, 1], "uv": [4, 66], "mirror": true}
        ]
      },
      {
        "name": "bone128",
        "parent": "bone126",
        "pivot": [-5, 5.775, -3.25],
        "rotation": [-60, 0, 0],
        "cubes": [
          {"origin": [-5.15, 5.92099, -4.43588], "size": [0.3, 0.25, 0.75], "uv": [4, 66], "mirror": true}
        ]
      },
      {
        "name": "bone129",
        "parent": "bone126",
        "pivot": [-5, 5.875, -4.25],
        "rotation": [60, 0, 0],
        "cubes": [
          {"origin": [-5.15, 6.83702, -4.40072], "size": [0.3, 0.25, 0.75], "uv": [4, 66], "mirror": true}
        ]
      },
      {
        "name": "bone130",
        "parent": "bone126",
        "pivot": [-5, 5.875, -4.5],
        "rotation": [-50, 0, 0],
        "cubes": [
          {"origin": [-5.15, 5.51034, -5.42668], "size": [0.3, 0.25, 1], "uv": [4, 66], "mirror": true}
        ]
      },
      {
        "name": "body",
        "pivot": [0, 10, 0],
        "cubes": [
          {"origin": [-3.5, 10, -2.5], "size": [7, 9, 5], "uv": [104, 94]},
          {"origin": [-1.5, 19, -1.5], "size": [3, 1, 3], "uv": [93, 76]}
        ]
      },
      {
        "name": "bone6",
        "parent": "body",
        "pivot": [0, 9, 1],
        "cubes": [
          {"origin": [-4, 10, -3.5], "size": [8, 1, 7], "uv": [98, 108]},
          {"origin": [-5, 10.5, -3], "size": [1, 1, 6], "uv": [55, 0]},
          {"origin": [-4, 10.5, 3], "size": [8, 1, 1], "uv": [55, 7], "mirror": true},
          {"origin": [4, 10.5, -3], "size": [1, 1, 6], "uv": [55, 0], "mirror": true},
          {"origin": [3, 10.5, -4], "size": [1, 1, 1], "uv": [56, 0], "mirror": true},
          {"origin": [-4, 10.5, -4], "size": [1, 1, 1], "uv": [56, 0], "mirror": true},
          {"origin": [-4, 7.5, -3], "size": [8, 3, 6], "uv": [100, 117], "mirror": true}
        ]
      },
      {
        "name": "bone4",
        "parent": "bone6",
        "pivot": [0, 11, -3],
        "rotation": [55, 0, 0],
        "cubes": [
          {"origin": [-2, 10.40958, -5.28679], "size": [4, 1, 2], "uv": [103, 89]}
        ]
      },
      {
        "name": "bone5",
        "parent": "bone4",
        "pivot": [0, 11.65, -2.5],
        "cubes": [
          {"origin": [-3, 11.10594, -5.164], "size": [1, 1, 2], "uv": [64, 2], "mirror": true},
          {"origin": [2, 11.10594, -5.164], "size": [1, 1, 2], "uv": [64, 2], "mirror": true},
          {"origin": [-2, 11.10594, -6.164], "size": [4, 1, 1], "uv": [63, 0], "mirror": true}
        ]
      },
      {
        "name": "bone10",
        "parent": "bone6",
        "pivot": [0.5, 9.5, 4],
        "rotation": [-15, 0, 0],
        "cubes": [
          {"origin": [-1.5, 7.35852, 2.5647], "size": [3, 3, 2], "uv": [98, 93], "mirror": true}
        ]
      },
      {
        "name": "armLeft",
        "pivot": [3.5, 19, 0],
        "rotation": [0, 0, -25],
        "cubes": [
          {"origin": [2.3, 15, -1.5], "size": [3, 4, 3], "uv": [75, 0]},
          {"origin": [2.25, 10, -2], "size": [4, 5, 4], "uv": [73, 7]},
          {"origin": [2.5, 9, -1.5], "size": [3, 1, 3], "uv": [75, 16]}
        ]
      },
      {
        "name": "bone9",
        "parent": "armLeft",
        "pivot": [3.75, 9.5, -1.25],
        "rotation": [-45, 0, 0],
        "cubes": [
          {"origin": [2.75, 8.5, -1.5], "size": [0.5, 1, 0.5], "uv": [4, 60]}
        ]
      },
      {
        "name": "bone16",
        "parent": "armLeft",
        "pivot": [3.75, 9.5, -1.25],
        "cubes": [
          {"origin": [3.25, 8, -0.25], "size": [0.5, 1, 0.5], "uv": [4, 60]}
        ]
      },
      {
        "name": "bone17",
        "parent": "armLeft",
        "pivot": [3.75, 9.5, -1.25],
        "rotation": [-10, 0, 0],
        "cubes": [
          {"origin": [3.25, 8.2, -1], "size": [0.5, 1, 0.5], "uv": [4, 60]}
        ]
      },
      {
        "name": "bone18",
        "parent": "armLeft",
        "pivot": [3.75, 9.5, -1.25],
        "rotation": [15, 0, 0],
        "cubes": [
          {"origin": [3, 7.7, 0.5], "size": [0.5, 1, 0.5], "uv": [4, 60]}
        ]
      },
      {
        "name": "bone19",
        "parent": "armLeft",
        "pivot": [3.75, 9.5, -1.25],
        "rotation": [50, 0, 0],
        "cubes": [
          {"origin": [2.7, 6.7, 0.2], "size": [0.5, 1, 0.5], "uv": [4, 60]}
        ]
      },
      {
        "name": "bone20",
        "parent": "armLeft",
        "pivot": [2.75, 9.5, 0],
        "rotation": [0, 0, -25],
        "cubes": [
          {"origin": [2.5, 9.5, -1], "size": [0.5, 1, 2], "uv": [3, 71]}
        ]
      },
      {
        "name": "armRight",
        "pivot": [-3.5, 19, 0],
        "rotation": [0, 0, 25],
        "cubes": [
          {"origin": [-5.3, 15, -1.5], "size": [3, 4, 3], "uv": [75, 0], "mirror": true},
          {"origin": [-6.25, 10, -2], "size": [4, 5, 4], "uv": [73, 7], "mirror": true},
          {"origin": [-5.5, 9, -1.5], "size": [3, 1, 3], "uv": [75, 16], "mirror": true}
        ]
      },
      {
        "name": "bone22",
        "parent": "armRight",
        "pivot": [-3.75, 9.5, -1.25],
        "rotation": [-45, 0, 0],
        "cubes": [
          {"origin": [-3.25, 8.5, -1.5], "size": [0.5, 1, 0.5], "uv": [4, 60], "mirror": true}
        ]
      },
      {
        "name": "bone23",
        "parent": "armRight",
        "pivot": [-3.75, 9.5, -1.25],
        "cubes": [
          {"origin": [-3.75, 8, -0.25], "size": [0.5, 1, 0.5], "uv": [4, 60], "mirror": true}
        ]
      },
      {
        "name": "bone24",
        "parent": "armRight",
        "pivot": [-3.75, 9.5, -1.25],
        "rotation": [-10, 0, 0],
        "cubes": [
          {"origin": [-3.75, 8.2, -1], "size": [0.5, 1, 0.5], "uv": [4, 60], "mirror": true}
        ]
      },
      {
        "name": "bone25",
        "parent": "armRight",
        "pivot": [-3.75, 9.5, -1.25],
        "rotation": [15, 0, 0],
        "cubes": [
          {"origin": [-3.5, 7.7, 0.5], "size": [0.5, 1, 0.5], "uv": [4, 60], "mirror": true}
        ]
      },
      {
        "name": "bone26",
        "parent": "armRight",
        "pivot": [-3.75, 9.5, -1.25],
        "rotation": [50, 0, 0],
        "cubes": [
          {"origin": [-3.2, 6.7, 0.2], "size": [0.5, 1, 0.5], "uv": [4, 60], "mirror": true}
        ]
      },
      {
        "name": "bone27",
        "parent": "armRight",
        "pivot": [-2.75, 9.5, 0],
        "rotation": [0, 0, 25],
        "cubes": [
          {"origin": [-3, 9.5, -1], "size": [0.5, 1, 2], "uv": [3, 71], "mirror": true}
        ]
      },
      {
        "name": "tail",
        "pivot": [0, 8.75, 4],
        "rotation": [-5, 0, 0],
        "cubes": [
          {"origin": [-1, 7.75, 4], "size": [2, 2, 2], "uv": [45, 20], "mirror": true}
        ]
      },
      {
        "name": "bone12",
        "parent": "tail",
        "pivot": [0, 9.75, 6],
        "rotation": [-25, 0, 0],
        "cubes": [
          {"origin": [-1, 7.75, 6], "size": [2, 2, 3], "uv": [44, 15], "mirror": true}
        ]
      },
      {
        "name": "bone13",
        "parent": "bone12",
        "pivot": [0, 9.75, 9],
        "rotation": [-30, 0, 0],
        "cubes": [
          {"origin": [-0.75, 7.75, 9], "size": [1.5, 2, 3], "uv": [45, 10], "mirror": true}
        ]
      },
      {
        "name": "bone14",
        "parent": "bone13",
        "pivot": [0, 7.75, 12],
        "rotation": [30, 0, 0],
        "cubes": [
          {"origin": [-0.5, 7.75, 12], "size": [1, 2, 3], "uv": [45, 5], "mirror": true}
        ]
      },
      {
        "name": "bone15",
        "parent": "bone14",
        "pivot": [0, 7.75, 15],
        "rotation": [60, 0, 0],
        "cubes": [
          {"origin": [-0.5, 7.75, 15], "size": [1, 1, 4], "uv": [44, 0], "mirror": true}
        ]
      },
      {
        "name": "legLeft",
        "pivot": [2, 10, 0],
        "cubes": [
          {"origin": [0.75, 1, -2], "size": [3, 2, 4], "uv": [0, 78], "mirror": true},
          {"origin": [0, 5, -4], "size": [6, 2, 8], "uv": [0, 108], "mirror": true},
          {"origin": [0.65, 3, -2.5], "size": [4, 1, 5], "uv": [0, 84], "mirror": true},
          {"origin": [0.25, 4, -4.5], "size": [6, 1, 9], "uv": [0, 118], "mirror": true},
          {"origin": [0.75, 9, -3.5], "size": [4, 1, 7], "uv": [0, 91], "mirror": true},
          {"origin": [0.75, 0, -3], "size": [3, 1, 5], "uv": [17, 91], "mirror": true},
          {"origin": [0.5, 7, -3.5], "size": [5, 2, 7], "uv": [0, 99], "mirror": true}
        ]
      },
      {
        "name": "bone8",
        "parent": "legLeft",
        "pivot": [6, 7.5, 0],
        "rotation": [0, 0, -15],
        "cubes": [
          {"origin": [5.25, 6, -2], "size": [1, 3, 4], "uv": [33, 121], "mirror": true}
        ]
      },
      {
        "name": "bone28",
        "parent": "legLeft",
        "pivot": [1.25, 0.5, -3.25],
        "rotation": [-75, 0, 0],
        "cubes": [
          {"origin": [1, 0.36933, -3.26706], "size": [0.5, 1, 0.5], "uv": [4, 60]}
        ]
      },
      {
        "name": "bone29",
        "parent": "legLeft",
        "pivot": [2.25, 0.5, -3.25],
        "rotation": [-75, 0, 0],
        "cubes": [
          {"origin": [2, 0.36933, -3.26706], "size": [0.5, 1, 0.5], "uv": [4, 60]}
        ]
      },
      {
        "name": "bone31",
        "parent": "legLeft",
        "pivot": [3.25, 0.5, -3.25],
        "rotation": [-75, 0, 0],
        "cubes": [
          {"origin": [3, 0.36933, -3.26706], "size": [0.5, 1, 0.5], "uv": [4, 60]}
        ]
      },
      {
        "name": "legRight",
        "pivot": [-2, 10, 0],
        "cubes": [
          {"origin": [-3.75, 1, -2], "size": [3, 2, 4], "uv": [0, 78]},
          {"origin": [-6, 5, -4], "size": [6, 2, 8], "uv": [0, 108]},
          {"origin": [-4.65, 3, -2.5], "size": [4, 1, 5], "uv": [0, 84]},
          {"origin": [-6.25, 4, -4.5], "size": [6, 1, 9], "uv": [0, 118]},
          {"origin": [-4.75, 9, -3.5], "size": [4, 1, 7], "uv": [0, 91]},
          {"origin": [-3.75, 0, -3], "size": [3, 1, 5], "uv": [17, 91]},
          {"origin": [-5.5, 7, -3.5], "size": [5, 2, 7], "uv": [0, 99]}
        ]
      },
      {
        "name": "bone33",
        "parent": "legRight",
        "pivot": [-6, 7.5, 0],
        "rotation": [0, 0, 15],
        "cubes": [
          {"origin": [-6.25, 6, -2], "size": [1, 3, 4], "uv": [33, 121]}
        ]
      },
      {
        "name": "bone34",
        "parent": "legRight",
        "pivot": [-1.25, 0.5, -3.25],
        "rotation": [-75, 0, 0],
        "cubes": [
          {"origin": [-1.5, 0.36933, -3.26706], "size": [0.5, 1, 0.5], "uv": [4, 60], "mirror": true}
        ]
      },
      {
        "name": "bone35",
        "parent": "legRight",
        "pivot": [-2.25, 0.5, -3.25],
        "rotation": [-75, 0, 0],
        "cubes": [
          {"origin": [-2.5, 0.36933, -3.26706], "size": [0.5, 1, 0.5], "uv": [4, 60], "mirror": true}
        ]
      },
      {
        "name": "bone36",
        "parent": "legRight",
        "pivot": [-3.25, 0.5, -3.25],
        "rotation": [-75, 0, 0],
        "cubes": [
          {"origin": [-3.5, 0.36933, -3.26706], "size": [0.5, 1, 0.5], "uv": [4, 60], "mirror": true}
        ]
      }
    ]
  }
}