{
  "format_version": "1.10.0",
  "geometry.model": {
    "texturewidth": 128,
    "textureheight": 128,
    "visible_bounds_width": 2,
    "visible_bounds_height": 2,
    "visible_bounds_offset": [0, 1, 0],
    "bones": [
      {
        "name": "head",
        "pivot": [0, 18, 0],
        "cubes": [
          {"origin": [-4, 18, -4], "size": [8, 8, 8], "uv": [0, 0]}
        ]
      },
      {
        "name": "hair",
        "parent": "head",
        "pivot": [-4, 25, 0],
        "cubes": [
          {"origin": [-6, 23, -2], "size": [2, 2, 2], "uv": [21, 39], "mirror": true}
        ]
      },
      {
        "name": "bone37",
        "parent": "hair",
        "pivot": [-4, 23, 0],
        "rotation": [0, 0, 15],
        "cubes": [
          {"origin": [-6, 21, -2], "size": [2, 2, 2], "uv": [24, 28], "mirror": true}
        ]
      },
      {
        "name": "bone38",
        "parent": "bone37",
        "pivot": [-4, 21, 0],
        "rotation": [0, 0, 15],
        "cubes": [
          {"origin": [-6, 19, -2], "size": [2, 2, 2], "uv": [27, 18], "mirror": true}
        ]
      },
      {
        "name": "hair3",
        "parent": "head",
        "pivot": [-4, 25, 1],
        "rotation": [0, 0, 25],
        "cubes": [
          {"origin": [-6, 23, -1], "size": [2, 2, 2], "uv": [21, 39], "mirror": true}
        ]
      },
      {
        "name": "bone41",
        "parent": "hair3",
        "pivot": [-4, 23, 1],
        "rotation": [0, 0, 15],
        "cubes": [
          {"origin": [-6, 21, -1], "size": [2, 2, 2], "uv": [24, 28], "mirror": true}
        ]
      },
      {
        "name": "bone42",
        "parent": "bone41",
        "pivot": [-4, 21, 1],
        "rotation": [0, 0, 15],
        "cubes": [
          {"origin": [-6, 19, -1], "size": [2, 2, 2], "uv": [27, 18], "mirror": true}
        ]
      },
      {
        "name": "hair4",
        "parent": "head",
        "pivot": [-4, 25, 2],
        "rotation": [0, 0, 50],
        "cubes": [
          {"origin": [-6, 23, 0], "size": [2, 2, 2], "uv": [21, 39], "mirror": true}
        ]
      },
      {
        "name": "bone43",
        "parent": "hair4",
        "pivot": [-4, 23, 2],
        "rotation": [0, 0, 15],
        "cubes": [
          {"origin": [-6, 21, 0], "size": [2, 2, 2], "uv": [24, 28], "mirror": true}
        ]
      },
      {
        "name": "bone44",
        "parent": "bone43",
        "pivot": [-4, 21, 2],
        "rotation": [0, 0, 15],
        "cubes": [
          {"origin": [-6, 19, 0], "size": [2, 2, 2], "uv": [27, 18], "mirror": true}
        ]
      },
      {
        "name": "hair2",
        "parent": "head",
        "pivot": [4, 25, 0],
        "cubes": [
          {"origin": [4, 23, -2], "size": [2, 2, 2], "uv": [21, 39]}
        ]
      },
      {
        "name": "bone39",
        "parent": "hair2",
        "pivot": [4, 23, 0],
        "rotation": [0, 0, -15],
        "cubes": [
          {"origin": [4, 21, -2], "size": [2, 2, 2], "uv": [24, 28]}
        ]
      },
      {
        "name": "bone40",
        "parent": "bone39",
        "pivot": [4, 21, 0],
        "rotation": [0, 0, -15],
        "cubes": [
          {"origin": [4, 19, -2], "size": [2, 2, 2], "uv": [27, 18]}
        ]
      },
      {
        "name": "hair5",
        "parent": "head",
        "pivot": [4, 25, 1],
        "rotation": [0, 0, -25],
        "cubes": [
          {"origin": [4, 23, -1], "size": [2, 2, 2], "uv": [21, 39]}
        ]
      },
      {
        "name": "bone45",
        "parent": "hair5",
        "pivot": [4, 23, 1],
        "rotation": [0, 0, -15],
        "cubes": [
          {"origin": [4, 21, -1], "size": [2, 2, 2], "uv": [24, 28]}
        ]
      },
      {
        "name": "bone46",
        "parent": "bone45",
        "pivot": [4, 21, 1],
        "rotation": [0, 0, -15],
        "cubes": [
          {"origin": [4, 19, -1], "size": [2, 2, 2], "uv": [27, 18]}
        ]
      },
      {
        "name": "hair6",
        "parent": "head",
        "pivot": [4, 25, 2],
        "rotation": [0, 0, -50],
        "cubes": [
          {"origin": [4, 23, 0], "size": [2, 2, 2], "uv": [21, 39]}
        ]
      },
      {
        "name": "bone47",
        "parent": "hair6",
        "pivot": [4, 23, 2],
        "rotation": [0, 0, -15],
        "cubes": [
          {"origin": [4, 21, 0], "size": [2, 2, 2], "uv": [24, 28]}
        ]
      },
      {
        "name": "bone48",
        "parent": "bone47",
        "pivot": [4, 21, 2],
        "rotation": [0, 0, -15],
        "cubes": [
          {"origin": [4, 19, 0], "size": [2, 2, 2], "uv": [27, 18]}
        ]
      },
      {
        "name": "blink",
        "parent": "head",
        "pivot": [0, 18, 0],
        "cubes": [
          {"origin": [-4, 18, -4.001], "size": [8, 8, 0], "uv": [52, 18]}
        ]
      },
      {
        "name": "ahoge",
        "parent": "head",
        "pivot": [0, 18, 0]
      },
      {
        "name": "bone16",
        "parent": "head",
        "pivot": [0, 25, -1],
        "rotation": [30, 0, 0],
        "cubes": [
          {"origin": [4, 25, -2], "size": [1, 2, 1], "uv": [29, 39]},
          {"origin": [-5, 25, -2], "size": [1, 2, 1], "uv": [29, 39]}
        ]
      },
      {
        "name": "bone17",
        "parent": "head",
        "pivot": [0, 25, 2],
        "rotation": [-45, 0, 0],
        "cubes": [
          {"origin": [-5, 25, 1], "size": [1, 2, 1], "uv": [29, 39]},
          {"origin": [4, 25, 1], "size": [1, 2, 1], "uv": [29, 39]}
        ]
      },
      {
        "name": "armRight",
        "pivot": [-3, 17.5, 0],
        "rotation": [0, 0, 25],
        "cubes": [
          {"origin": [-5, 9.5, -1], "size": [2, 8, 2], "uv": [12, 57]}
        ]
      },
      {
        "name": "chestPlateRight",
        "parent": "armRight",
        "pivot": [0, 0, 0],
        "cubes": [
          {"origin": [-5.001, 10.501, -1.001], "size": [2, 7, 2], "uv": [39, 61]},
          {"origin": [-4.999, 10.502, -0.999], "size": [2, 7, 2], "uv": [39, 61]},
          {"origin": [-5.99731, 17.50042, -0.999], "size": [1, 0, 2], "uv": [4, 0], "mirror": true}
        ]
      },
      {
        "name": "bone12",
        "parent": "chestPlateRight",
        "pivot": [-3, 17.5, 0],
        "rotation": [0, 0, 35],
        "cubes": [
          {"origin": [-3, 12.5, -2], "size": [0, 5, 4], "uv": [0, 23]}
        ]
      },
      {
        "name": "bone13",
        "parent": "chestPlateRight",
        "pivot": [-3, 17.5, 0],
        "rotation": [0, 0, 21],
        "cubes": [
          {"origin": [-3, 10.5, -2], "size": [0, 7, 4], "uv": [0, 12]}
        ]
      },
      {
        "name": "armLeft",
        "pivot": [3, 17.5, 0],
        "rotation": [0, 0, -25],
        "cubes": [
          {"origin": [3, 9.5, -1], "size": [2, 8, 2], "uv": [12, 57]}
        ]
      },
      {
        "name": "chestPlateLeft",
        "parent": "armLeft",
        "pivot": [0, 0, 0],
        "cubes": [
          {"origin": [3.001, 10.501, -0.999], "size": [2, 7, 2], "uv": [39, 61], "mirror": true},
          {"origin": [2.999, 10.502, -1.001], "size": [2, 7, 2], "uv": [39, 61], "mirror": true},
          {"origin": [4.99898, 17.50133, -1.001], "size": [1, 0, 2], "uv": [4, 0]}
        ]
      },
      {
        "name": "body",
        "pivot": [0, 10.5, 0],
        "cubes": [
          {"origin": [-2.5, 11.999, -2.5], "size": [5, 6, 5], "uv": [0, 46]}
        ]
      },
      {
        "name": "bone4",
        "parent": "body",
        "pivot": [-3, 18, -2.5],
        "rotation": [0, 7, 0],
        "cubes": [
          {"origin": [-3, 12, -2.499], "size": [2, 6, 4], "uv": [0, 57], "mirror": true}
        ]
      },
      {
        "name": "bone3",
        "parent": "body",
        "pivot": [3, 18, -2.5],
        "rotation": [0, -7, 0],
        "cubes": [
          {"origin": [1, 12, -2.499], "size": [2, 6, 4], "uv": [0, 57]}
        ]
      },
      {
        "name": "decoration3",
        "parent": "body",
        "pivot": [1, 18, -3]
      },
      {
        "name": "bone55",
        "parent": "decoration3",
        "pivot": [0, 17, -3],
        "rotation": [0, 0, -15],
        "cubes": [
          {"origin": [-2, 17, -2.998], "size": [2, 2, 1], "uv": [24, 32]},
          {"origin": [0, 15, -2.75], "size": [2, 2, 0], "uv": [0, 23]}
        ]
      },
      {
        "name": "bone2",
        "parent": "decoration3",
        "pivot": [0, 17, -3],
        "rotation": [0, 0, 15],
        "cubes": [
          {"origin": [0, 17, -2.998], "size": [2, 2, 1], "uv": [24, 32]},
          {"origin": [-2, 15, -2.75], "size": [2, 2, 0], "uv": [0, 23]}
        ]
      },
      {
        "name": "skirt",
        "parent": "body",
        "pivot": [0, 11, -2],
        "cubes": [
          {"origin": [-2.999, 10, -3], "size": [6, 2, 6], "uv": [24, 0]},
          {"origin": [-3.5, 8, -3.5], "size": [7, 2, 7], "uv": [0, 37]},
          {"origin": [-4, 6, -4], "size": [8, 2, 8], "uv": [27, 8]}
        ]
      },
      {
        "name": "chestPlate",
        "parent": "body",
        "pivot": [0, 10.5, 0],
        "cubes": [
          {"origin": [-3, 12.001, -3], "size": [6, 6, 6], "uv": [28, 39]},
          {"origin": [-4, 12.003, -4], "size": [8, 1, 8], "uv": [28, 19]},
          {"origin": [-3.24264, 13.75736, -3.5], "size": [2, 2, 7], "uv": [46, 28]}
        ]
      },
      {
        "name": "bone11",
        "parent": "chestPlate",
        "pivot": [0, 17.5, -1],
        "rotation": [-50, 0, 0],
        "cubes": [
          {"origin": [-3.5, 13.5, -1], "size": [7, 4, 0], "uv": [51, 10]}
        ]
      },
      {
        "name": "bone14",
        "parent": "chestPlate",
        "pivot": [0, 17.5, -1],
        "rotation": [-60, 0, 0],
        "cubes": [
          {"origin": [-3.5, 13.5, -1], "size": [7, 4, 0], "uv": [46, 39]}
        ]
      },
      {
        "name": "bone15",
        "parent": "chestPlate",
        "pivot": [0, 17.5, -1],
        "rotation": [-75, 0, 0],
        "cubes": [
          {"origin": [-3.5, 14.5, -1], "size": [7, 3, 0], "uv": [57, 54]}
        ]
      },
      {
        "name": "bone",
        "parent": "chestPlate",
        "pivot": [3, 18, 0],
        "rotation": [0, 0, -45],
        "cubes": [
          {"origin": [-3, 18, -3.5], "size": [6, 2, 7], "uv": [45, 45]}
        ]
      },
      {
        "name": "cloth",
        "parent": "chestPlate",
        "pivot": [0, 0, 0]
      },
      {
        "name": "bone25",
        "parent": "cloth",
        "pivot": [0, 12, 4],
        "rotation": [30, 0, 0],
        "cubes": [
          {"origin": [-1, 2, 3], "size": [2, 10, 1], "uv": [60, 60]}
        ]
      },
      {
        "name": "bone29",
        "parent": "cloth",
        "pivot": [0, 12, 4],
        "rotation": [30, 0, 24],
        "cubes": [
          {"origin": [-1, 2, 3], "size": [2, 10, 1], "uv": [60, 60]}
        ]
      },
      {
        "name": "bone31",
        "parent": "cloth",
        "pivot": [0, 12, 4],
        "rotation": [30, 0, 48],
        "cubes": [
          {"origin": [-1, 2, 3], "size": [2, 10, 1], "uv": [60, 60]}
        ]
      },
      {
        "name": "bone33",
        "parent": "cloth",
        "pivot": [0, 12, 4],
        "rotation": [30, 0, 72],
        "cubes": [
          {"origin": [-1, 2, 3], "size": [2, 10, 1], "uv": [60, 60]}
        ]
      },
      {
        "name": "bone27",
        "parent": "cloth",
        "pivot": [0, 12, 4],
        "rotation": [30, 0, -24],
        "cubes": [
          {"origin": [-1, 2, 3], "size": [2, 10, 1], "uv": [60, 60]}
        ]
      },
      {
        "name": "bone26",
        "parent": "cloth",
        "pivot": [0, 12, 4],
        "rotation": [30, 0, -12],
        "cubes": [
          {"origin": [-1, 2, 3], "size": [2, 10, 1], "uv": [33, 61]}
        ]
      },
      {
        "name": "bone28",
        "parent": "cloth",
        "pivot": [0, 12, 4],
        "rotation": [30, 0, 12],
        "cubes": [
          {"origin": [-1, 2, 3], "size": [2, 10, 1], "uv": [33, 61]}
        ]
      },
      {
        "name": "bone30",
        "parent": "cloth",
        "pivot": [0, 12, 4],
        "rotation": [30, 0, 36],
        "cubes": [
          {"origin": [-1, 2, 3], "size": [2, 10, 1], "uv": [33, 61]}
        ]
      },
      {
        "name": "bone32",
        "parent": "cloth",
        "pivot": [0, 12, 4],
        "rotation": [30, 0, 60],
        "cubes": [
          {"origin": [-1, 2, 3], "size": [2, 10, 1], "uv": [33, 61]}
        ]
      },
      {
        "name": "leggings",
        "parent": "body",
        "pivot": [0, 12, -3],
        "cubes": [
          {"origin": [-3.5, 10.001, -3.5], "size": [7, 2, 7], "uv": [25, 30]},
          {"origin": [-4, 8.001, -4], "size": [8, 2, 8], "uv": [0, 27]},
          {"origin": [-4.5, 6.001, -4.5], "size": [9, 2, 9], "uv": [0, 16]}
        ]
      },
      {
        "name": "cappa",
        "parent": "leggings",
        "pivot": [4, 18, 0],
        "rotation": [0, 0, -25],
        "cubes": [
          {"origin": [-1, 11.001, 2.5], "size": [4, 7, 3], "uv": [51, 0]},
          {"origin": [2.82843, 11.001, -1.32843], "size": [3, 7, 4], "uv": [20, 51]},
          {"origin": [3.5, 15.5, -2], "size": [2, 2, 1], "uv": [27, 22]}
        ]
      },
      {
        "name": "bone35",
        "parent": "cappa",
        "pivot": [0.5, 18, 3.5],
        "rotation": [15, 0, 0],
        "cubes": [
          {"origin": [-0.5, 18.001, 3.5], "size": [2, 0, 3], "uv": [21, 0]}
        ]
      },
      {
        "name": "bone36",
        "parent": "cappa",
        "pivot": [3.8284, 18, 0.1716],
        "rotation": [0, 0, -15],
        "cubes": [
          {"origin": [3.8284, 18, -0.8284], "size": [3, 0, 2], "uv": [22, 3]}
        ]
      },
      {
        "name": "bone9",
        "parent": "cappa",
        "pivot": [6.8284, 18.001, 1.1716],
        "cubes": [
          {"origin": [5.8284, 16.001, -0.8284], "size": [1, 2, 2], "uv": [0, 37]},
          {"origin": [6.19443, 11.63497, -0.8284], "size": [2, 5, 2], "uv": [0, 0]}
        ]
      },
      {
        "name": "bone10",
        "parent": "bone9",
        "pivot": [6.8284, 18.001, 1.1716],
        "rotation": [0, 0, 30],
        "cubes": [
          {"origin": [6.8284, 16.001, -0.8284], "size": [1, 2, 2], "uv": [0, 37]}
        ]
      },
      {
        "name": "bone34",
        "parent": "bone10",
        "pivot": [7.8284, 18.001, 1.1716],
        "rotation": [0, 0, 30],
        "cubes": [
          {"origin": [7.8284, 16.001, -0.8284], "size": [1, 2, 2], "uv": [0, 37]}
        ]
      },
      {
        "name": "bone8",
        "parent": "cappa",
        "pivot": [3, 18, 5.5],
        "rotation": [0, 45, 0],
        "cubes": [
          {"origin": [3, 10.999, 2.5], "size": [4, 7, 3], "uv": [34, 51]}
        ]
      },
      {
        "name": "bone5",
        "parent": "cappa",
        "pivot": [0.5, 18, -1],
        "cubes": [
          {"origin": [-0.5, 16, 5.5], "size": [2, 2, 1], "uv": [0, 32]},
          {"origin": [-0.5, 11.63397, 5.86603], "size": [2, 5, 2], "uv": [0, 0]}
        ]
      },
      {
        "name": "bone6",
        "parent": "bone5",
        "pivot": [0.5, 18, 6.5],
        "rotation": [-30, 0, 0],
        "cubes": [
          {"origin": [-0.5, 16, 6.5], "size": [2, 2, 1], "uv": [0, 32]}
        ]
      },
      {
        "name": "bone7",
        "parent": "bone6",
        "pivot": [0.5, 18, 7.5],
        "rotation": [-30, 0, 0],
        "cubes": [
          {"origin": [-0.5, 16, 7.5], "size": [2, 2, 1], "uv": [0, 32]}
        ]
      },
      {
        "name": "legLeft",
        "pivot": [2, 9, 0],
        "cubes": [
          {"origin": [0.499, 0, -1.5], "size": [3, 9, 3], "uv": [48, 54]}
        ]
      },
      {
        "name": "bootsLeft",
        "parent": "legLeft",
        "pivot": [2, 9, 0],
        "cubes": [
          {"origin": [0.498, 0, -1.502], "size": [3, 6, 3], "uv": [57, 26]},
          {"origin": [0.502, -0.002, -1.498], "size": [3, 6, 3], "uv": [57, 26]}
        ]
      },
      {
        "name": "legRight",
        "pivot": [-2, 9, 0],
        "cubes": [
          {"origin": [-3.499, 0, -1.5], "size": [3, 9, 3], "uv": [48, 54]}
        ]
      },
      {
        "name": "bootsRight",
        "parent": "legRight",
        "pivot": [-2, 9, 0],
        "cubes": [
          {"origin": [-3.502, 0, -1.502], "size": [3, 6, 3], "uv": [57, 26]},
          {"origin": [-3.498, -0.002, -1.498], "size": [3, 6, 3], "uv": [57, 26]}
        ]
      }
    ]
  }
}