{
  "format_version": "1.10.0",
  "geometry.model": {
    "texturewidth": 512,
    "textureheight": 512,
    "visible_bounds_width": 8,
    "visible_bounds_height": 4,
    "visible_bounds_offset": [0, 2, 0],
    "bones": [
      {
        "name": "main",
        "pivot": [0, -1, 0]
      },
      {
        "name": "seatMiddle",
        "parent": "main",
        "pivot": [0, 0, 0],
        "cubes": [
          {"origin": [-17, 9, -17], "size": [34, 16, 6], "uv": [0, 205]},
          {"origin": [-21, 23.41421, -35.41421], "size": [42, 8, 17], "uv": [0, 53]},
          {"origin": [-21, 7, -20], "size": [42, 23, 3], "uv": [0, 147]},
          {"origin": [-21, 10.41421, -47.53857], "size": [42, 14, 4], "uv": [100, 181]},
          {"origin": [-19, 13.41421, -49.53857], "size": [38, 10, 2], "uv": [210, 132]},
          {"origin": [-17, 10, -11], "size": [34, 8, 10], "uv": [86, 199]},
          {"origin": [-21, 8.9142, -44.94049], "size": [42, 2, 1], "uv": [205, 177]},
          {"origin": [-21, 8.9142, -44.53857], "size": [42, 2, 1], "uv": [205, 177]},
          {"origin": [-17, 18, -5], "size": [34, 8, 11], "uv": [181, 188]},
          {"origin": [-23, 6, 6], "size": [46, 23, 5], "uv": [0, 84]},
          {"origin": [-23, 6, 10.71247], "size": [46, 2, 3], "uv": [202, 84]},
          {"origin": [-23, 8, 10.8], "size": [46, 2, 2], "uv": [189, 147]},
          {"origin": [-23, 10, 11], "size": [46, 2, 1], "uv": [202, 89]},
          {"origin": [-23, 31.82843, 8.82843], "size": [46, 9, 1], "uv": [204, 95]},
          {"origin": [-23, 34.82843, 14.82843], "size": [46, 9, 25], "uv": [0, 0]},
          {"origin": [8, 43.82843, 15.82843], "size": [14, 1, 23], "uv": [57, 217]},
          {"origin": [-7, 43.82843, 15.82843], "size": [14, 1, 23], "uv": [57, 217]},
          {"origin": [-22, 43.82843, 15.82843], "size": [14, 1, 23], "uv": [57, 217]},
          {"origin": [-22, 34.82843, 9.82843], "size": [44, 1, 5], "uv": [200, 53]},
          {"origin": [-21.5, 32.3284, 7.82843], "size": [43, 1, 1], "uv": [192, 186]},
          {"origin": [-21.5, 34.3284, 7.82843], "size": [43, 0, 1], "uv": [199, 59]},
          {"origin": [-21.5, 35.3284, 7.82843], "size": [43, 0, 1], "uv": [199, 59]},
          {"origin": [-21.5, 36.3284, 7.82843], "size": [43, 0, 1], "uv": [199, 59]},
          {"origin": [-21.5, 37.3284, 7.82843], "size": [43, 0, 1], "uv": [199, 59]},
          {"origin": [-21.5, 38.3284, 7.82843], "size": [43, 0, 1], "uv": [199, 59]},
          {"origin": [-22.5, 32.3284, 7.82843], "size": [1, 8, 1], "uv": [0, 227]},
          {"origin": [21.5, 32.3284, 7.82843], "size": [1, 8, 1], "uv": [0, 227]},
          {"origin": [-21.5, 39.3284, 7.82843], "size": [43, 1, 1], "uv": [192, 186]},
          {"origin": [-13, 26, -4], "size": [26, 2, 8], "uv": [215, 0]},
          {"origin": [-13, 28, 4], "size": [26, 13, 2], "uv": [108, 217]},
          {"origin": [5, 25.41421, -45.80752], "size": [10, 1, 0], "uv": [0, 24]},
          {"origin": [5, 25.91421, -44.94149], "size": [10, 1, 0], "uv": [0, 24]},
          {"origin": [5, 26.41421, -44.07547], "size": [10, 1, 0], "uv": [0, 24]},
          {"origin": [5, 26.91421, -43.20844], "size": [10, 1, 0], "uv": [0, 24]},
          {"origin": [5, 27.41421, -42.34342], "size": [10, 1, 0], "uv": [0, 24]},
          {"origin": [5, 27.91421, -41.47639], "size": [10, 1, 0], "uv": [0, 24]},
          {"origin": [5, 28.41421, -40.61137], "size": [10, 1, 0], "uv": [0, 24]},
          {"origin": [5, 28.91421, -39.74434], "size": [10, 1, 0], "uv": [0, 24]},
          {"origin": [5, 29.41421, -38.87832], "size": [10, 1, 0], "uv": [0, 24]},
          {"origin": [5, 29.91421, -38.01229], "size": [10, 1, 0], "uv": [0, 24]},
          {"origin": [-23, 13.68451, 48.61274], "size": [46, 8, 5], "uv": [142, 21]},
          {"origin": [-19, 31.82843, -33], "size": [3, 2, 4], "uv": [99, 137]}
        ]
      },
      {
        "name": "bone116",
        "parent": "seatMiddle",
        "pivot": [0, 12, -32]
      },
      {
        "name": "bone118",
        "parent": "bone116",
        "pivot": [0, 12, -32],
        "rotation": [30, 0, 0],
        "cubes": [
          {"origin": [-21, 7.5, -20.5], "size": [42, 9, 5], "uv": [196, 159]}
        ]
      },
      {
        "name": "bone119",
        "parent": "bone116",
        "pivot": [0, 12, -32],
        "rotation": [60, 0, 0],
        "cubes": [
          {"origin": [-21, 7.5, -20.5], "size": [42, 8, 6], "uv": [0, 191]},
          {"origin": [-21, 21.6639, -41.14262], "size": [42, 3, 2], "uv": [203, 127]}
        ]
      },
      {
        "name": "bone121",
        "parent": "bone116",
        "pivot": [0, 12, -32],
        "rotation": [120, 0, 0],
        "cubes": [
          {"origin": [-21, 5.24969, -20.47969], "size": [42, 14, 7], "uv": [117, 0]},
          {"origin": [4, 6.24969, -13.47969], "size": [1, 12, 1], "uv": [224, 217]},
          {"origin": [5, 17.24969, -13.47969], "size": [10, 1, 1], "uv": [0, 22]},
          {"origin": [5, 6.24969, -13.47969], "size": [10, 1, 1], "uv": [0, 22]},
          {"origin": [15, 6.24969, -13.47969], "size": [1, 12, 1], "uv": [224, 217]}
        ]
      },
      {
        "name": "bone122",
        "parent": "bone116",
        "pivot": [0, 12, -32],
        "rotation": [150, 0, 0],
        "cubes": [
          {"origin": [-21, 8.5, -20.5], "size": [42, 7, 3], "uv": [174, 207]}
        ]
      },
      {
        "name": "bone126",
        "parent": "seatMiddle",
        "pivot": [0, 17, 29]
      },
      {
        "name": "bone127",
        "parent": "bone126",
        "pivot": [0, 17, 29],
        "cubes": [
          {"origin": [-23, 34.5, 25.5], "size": [46, 1, 7], "uv": [106, 173]}
        ]
      },
      {
        "name": "bone134",
        "parent": "bone126",
        "pivot": [0, 17, 29],
        "rotation": [-20, 0, 0],
        "cubes": [
          {"origin": [-23, 34.5, 25.5], "size": [46, 3, 8], "uv": [102, 84]},
          {"origin": [-23, 35.74982, 31.90513], "size": [46, 6, 6], "uv": [0, 125]}
        ]
      },
      {
        "name": "bone135",
        "parent": "bone126",
        "pivot": [0, 17, 29],
        "rotation": [-40, 0, 0],
        "cubes": [
          {"origin": [-23, 34.5, 25.5], "size": [46, 3, 7], "uv": [106, 137]},
          {"origin": [-23, 25.76188, 49.50779], "size": [46, 1, 7], "uv": [124, 45]},
          {"origin": [-23, 26.76188, 49.50779], "size": [46, 1, 4], "uv": [122, 79]},
          {"origin": [-23, 37.30296, 28.90315], "size": [46, 6, 4], "uv": [0, 181]}
        ]
      },
      {
        "name": "bone136",
        "parent": "bone126",
        "pivot": [0, 17, 29],
        "rotation": [-60, 0, 0],
        "cubes": [
          {"origin": [-23, 34.5, 25.5], "size": [46, 2, 7], "uv": [90, 147]},
          {"origin": [-23, 36.05165, 23.67162], "size": [46, 7, 7], "uv": [102, 102]},
          {"origin": [-23, 32.24755, 38.27428], "size": [46, 3, 7], "uv": [104, 127]},
          {"origin": [-23, 34.58138, 47.5101], "size": [46, 1, 4], "uv": [192, 181]},
          {"origin": [-23, 35.79191, 11.18011], "size": [46, 4, 7], "uv": [124, 34]}
        ]
      },
      {
        "name": "bone137",
        "parent": "bone126",
        "pivot": [0, 17, 29],
        "rotation": [-80, 0, 0],
        "cubes": [
          {"origin": [-23, 34.5, 25.5], "size": [46, 3, 7], "uv": [0, 137]},
          {"origin": [-23, 35.05227, 21.66062], "size": [46, 7, 7], "uv": [101, 53]},
          {"origin": [-23, 38.85193, 35.38062], "size": [46, 2, 5], "uv": [102, 95]}
        ]
      },
      {
        "name": "bone128",
        "parent": "bone126",
        "pivot": [0, 17, 29],
        "rotation": [20, 0, 0],
        "cubes": [
          {"origin": [-23, 34.5, 24.5], "size": [46, 3, 8], "uv": [106, 116]}
        ]
      },
      {
        "name": "bone129",
        "parent": "bone126",
        "pivot": [0, 17, 29],
        "rotation": [40, 0, 0],
        "cubes": [
          {"origin": [-23, 34.5, 25.5], "size": [46, 6, 7], "uv": [0, 112]}
        ]
      },
      {
        "name": "bone130",
        "parent": "bone126",
        "pivot": [0, 17, 29],
        "rotation": [60, 0, 0],
        "cubes": [
          {"origin": [-23, 34.5, 25.5], "size": [46, 5, 7], "uv": [122, 67]}
        ]
      },
      {
        "name": "bone131",
        "parent": "bone126",
        "pivot": [0, 17, 29],
        "rotation": [80, 0, 0],
        "cubes": [
          {"origin": [-23, 34.5, 25.5], "size": [46, 2, 7], "uv": [90, 156]}
        ]
      },
      {
        "name": "bone132",
        "parent": "bone126",
        "pivot": [0, 17, 29],
        "rotation": [100, 0, 0],
        "cubes": [
          {"origin": [-23, 34.5, 25.5], "size": [46, 1, 7], "uv": [0, 173]}
        ]
      },
      {
        "name": "bone133",
        "parent": "bone126",
        "pivot": [0, 17, 29],
        "rotation": [115, 0, 0],
        "cubes": [
          {"origin": [-23, 34.50401, 25.4914], "size": [46, 1, 7], "uv": [90, 165]}
        ]
      },
      {
        "name": "bone113",
        "parent": "seatMiddle",
        "pivot": [0, 29, 6],
        "rotation": [45, 0, 0],
        "cubes": [
          {"origin": [-23, 26, 6], "size": [46, 3, 5], "uv": [191, 151]}
        ]
      },
      {
        "name": "bone11",
        "parent": "seatMiddle",
        "pivot": [0, 21, -17],
        "rotation": [45, 0, 0],
        "cubes": [
          {"origin": [-21, 27.36396, -12.63604], "size": [42, 2, 2], "uv": [205, 173]}
        ]
      },
      {
        "name": "bone10",
        "parent": "seatMiddle",
        "pivot": [0, 16, -15],
        "rotation": [-45, 0, 0],
        "cubes": [
          {"origin": [-17, 20.36396, -24.36396], "size": [34, 2, 3], "uv": [207, 60]}
        ]
      },
      {
        "name": "bone163",
        "parent": "seatMiddle",
        "pivot": [-13, 0, -4],
        "rotation": [45, 0, 0],
        "cubes": [
          {"origin": [-19, 39.59798, 1.24264], "size": [3, 2, 1], "uv": [0, 6]},
          {"origin": [-19, 43.42641, -2.58579], "size": [3, 1, 2], "uv": [111, 67]}
        ]
      },
      {
        "name": "seatLeft",
        "parent": "main",
        "pivot": [9, 0, 0],
        "cubes": [
          {"origin": [14, 26, 1], "size": [3, 3, 5], "uv": [239, 15]},
          {"origin": [17, 7, -17], "size": [5, 13, 5], "uv": [230, 234]},
          {"origin": [22, 9.5, -17], "size": [1, 5, 1], "uv": [101, 53]},
          {"origin": [22.70711, 9.5, -28.70711], "size": [1, 5, 12], "uv": [26, 227]},
          {"origin": [13, 26, -4], "size": [1, 3, 8], "uv": [234, 67]},
          {"origin": [17, 19.2979, -17], "size": [5, 4, 1], "uv": [97, 84]},
          {"origin": [17, 19.2979, -16.29788], "size": [5, 4, 1], "uv": [97, 84]},
          {"origin": [17, 24, -7], "size": [3, 1, 13], "uv": [170, 217]},
          {"origin": [17, 7, -4], "size": [3, 17, 10], "uv": [0, 227]},
          {"origin": [21, 29.41421, -33.41421], "size": [2, 1, 9], "uv": [16, 227]},
          {"origin": [21, 22.41421, -25.41421], "size": [2, 7, 1], "uv": [11, 0]},
          {"origin": [21, 21.91421, -39.4764], "size": [2, 5, 1], "uv": [0, 34]},
          {"origin": [23, 17.41421, -33.41421], "size": [1, 13, 9], "uv": [0, 0]},
          {"origin": [23.5, 25.41421, -37.9142], "size": [1, 1, 14], "uv": [218, 67]},
          {"origin": [23.5, 18.48601, -33.9142], "size": [1, 7, 10], "uv": [121, 232]},
          {"origin": [23.5, 22.48601, -35.9142], "size": [1, 3, 2], "uv": [0, 53]},
          {"origin": [23, 17.41421, -39.4764], "size": [1, 1, 7], "uv": [164, 199]},
          {"origin": [23, 17.91421, -39.47639], "size": [1, 9, 7], "uv": [0, 53]},
          {"origin": [22.5, 19.91421, -43.47639], "size": [1, 3, 4], "uv": [118, 67]},
          {"origin": [20, 31.41421, -35.41421], "size": [2, 1, 3], "uv": [117, 21]},
          {"origin": [16, 32.41421, -34.41421], "size": [3, 1, 2], "uv": [99, 116]},
          {"origin": [15, 31.41421, -35.41421], "size": [5, 1, 16], "uv": [212, 217]},
          {"origin": [22, 29.82843, 9.82843], "size": [1, 11, 5], "uv": [212, 217]},
          {"origin": [21, 25, -22], "size": [1, 3, 3], "uv": [0, 0]},
          {"origin": [23, 36, 22], "size": [4, 6, 10], "uv": [223, 35]}
        ]
      },
      {
        "name": "bone",
        "parent": "seatLeft",
        "pivot": [9, 17, 0],
        "rotation": [-40, 0, 0],
        "cubes": [
          {"origin": [14, 22.83532, -6.94741], "size": [3, 4, 2], "uv": [99, 173]}
        ]
      },
      {
        "name": "bone12",
        "parent": "seatLeft",
        "pivot": [13, 0, -4],
        "rotation": [0, 45, 0],
        "cubes": [
          {"origin": [28.55635, 9.5, -6.41421], "size": [1, 5, 1], "uv": [101, 53]}
        ]
      },
      {
        "name": "bone4",
        "parent": "seatLeft",
        "pivot": [9, 11, -15],
        "rotation": [15, 0, 0],
        "cubes": [
          {"origin": [17, 18.91688, -13.77285], "size": [5, 1, 4], "uv": [208, 108]}
        ]
      },
      {
        "name": "bone5",
        "parent": "seatLeft",
        "pivot": [9, 11, -15],
        "rotation": [30, 0, 0],
        "cubes": [
          {"origin": [17, 18.26015, -11.6431], "size": [5, 1, 4], "uv": [208, 108]}
        ]
      },
      {
        "name": "bone6",
        "parent": "seatLeft",
        "pivot": [9, 11, -15],
        "rotation": [45, 0, 0],
        "cubes": [
          {"origin": [17, 17.07459, -9.7559], "size": [5, 1, 4], "uv": [208, 108]}
        ]
      },
      {
        "name": "bone7",
        "parent": "seatLeft",
        "pivot": [9, 11, -15],
        "rotation": [60, 0, 0],
        "cubes": [
          {"origin": [17, 15.44098, -8.23985], "size": [5, 1, 4], "uv": [208, 108]}
        ]
      },
      {
        "name": "bone8",
        "parent": "seatLeft",
        "pivot": [9, 11, -15],
        "rotation": [75, 0, 0],
        "cubes": [
          {"origin": [17, 13.47065, -7.19826], "size": [5, 1, 4], "uv": [208, 108]}
        ]
      },
      {
        "name": "bone2",
        "parent": "seatLeft",
        "pivot": [9, 16, 4],
        "cubes": [
          {"origin": [13, 29, 3], "size": [1, 12, 3], "uv": [73, 241]}
        ]
      },
      {
        "name": "bone3",
        "parent": "seatLeft",
        "pivot": [9, 0, 0],
        "rotation": [10, 0, 0],
        "cubes": [
          {"origin": [17, 7.85092, -2.7261], "size": [3, 17, 3], "uv": [49, 241]}
        ]
      },
      {
        "name": "bone124",
        "parent": "seatLeft",
        "pivot": [9, 0, 0],
        "rotation": [-60, 0, 0],
        "cubes": [
          {"origin": [23.5, -20.12755, -40.96645], "size": [1, 2, 8], "uv": [238, 217]}
        ]
      },
      {
        "name": "bone120",
        "parent": "seatLeft",
        "pivot": [9, 0, 0],
        "rotation": [15, 0, 0],
        "cubes": [
          {"origin": [22.5, 32.38595, -36.06433], "size": [1, 1, 5], "uv": [98, 125]}
        ]
      },
      {
        "name": "bone123",
        "parent": "seatLeft",
        "pivot": [9, 0, 0],
        "rotation": [-15, 0, 0],
        "cubes": [
          {"origin": [22.5, 7.98314, -47.14915], "size": [1, 1, 5], "uv": [98, 125]}
        ]
      },
      {
        "name": "bone117",
        "parent": "seatLeft",
        "pivot": [9, 0, 0],
        "rotation": [30, 0, 0],
        "cubes": [
          {"origin": [23, 40.04659, -20.73045], "size": [1, 3, 7], "uv": [189, 217]},
          {"origin": [21, 42.04659, -20.73045], "size": [2, 1, 7], "uv": [108, 232]}
        ]
      },
      {
        "name": "bone125",
        "parent": "seatLeft",
        "pivot": [13, 0, -4],
        "rotation": [-45, 0, 0],
        "cubes": [
          {"origin": [20, 0, -48.42641], "size": [2, 1, 2], "uv": [9, 57]},
          {"origin": [20, 1, -47.42641], "size": [2, 1, 1], "uv": [0, 58]}
        ]
      },
      {
        "name": "circleFrontLeft",
        "parent": "seatLeft",
        "pivot": [21, 12, -36]
      },
      {
        "name": "section",
        "parent": "circleFrontLeft",
        "pivot": [21, 15, -36]
      },
      {
        "name": "bone37",
        "parent": "section",
        "pivot": [21, 15, -36],
        "cubes": [
          {"origin": [21, 11.7572, -32.28979], "size": [4, 3, 0.57958], "uv": [25, 0]},
          {"origin": [22, 14.7572, -32.5], "size": [2, 2, 1], "uv": [102, 102]},
          {"origin": [23.70711, 15.05008, -32.5], "size": [1, 1, 1], "uv": [16, 7]}
        ]
      },
      {
        "name": "bone38",
        "parent": "bone37",
        "pivot": [21, 15, -36.5],
        "rotation": [0, 0, 45],
        "cubes": [
          {"origin": [21.8788, 17.36384, -32.5], "size": [1, 1, 1], "uv": [16, 7]},
          {"origin": [21.8788, 17.36384, -32.5], "size": [1, 1, 1], "uv": [16, 7]}
        ]
      },
      {
        "name": "bone39",
        "parent": "section",
        "pivot": [21, 15, -36],
        "rotation": [-12, 0, 0],
        "cubes": [
          {"origin": [21, 12.6544, -31.75347], "size": [4, 3, 0.57958], "uv": [25, 0]},
          {"origin": [22, 15.6544, -31.96367], "size": [2, 2, 1], "uv": [102, 102]},
          {"origin": [23.70711, 15.94728, -31.96367], "size": [1, 1, 1], "uv": [16, 7]}
        ]
      },
      {
        "name": "bone40",
        "parent": "bone39",
        "pivot": [21, 15, -36.5],
        "rotation": [0, 0, 45],
        "cubes": [
          {"origin": [21.24439, 17.99825, -31.96367], "size": [1, 1, 1], "uv": [16, 7]},
          {"origin": [21.24439, 17.99825, -31.96367], "size": [1, 1, 1], "uv": [16, 7]}
        ]
      },
      {
        "name": "bone41",
        "parent": "section",
        "pivot": [21, 15, -36],
        "rotation": [-24, 0, 0],
        "cubes": [
          {"origin": [21, 13.64351, -31.4154], "size": [4, 3, 0.57958], "uv": [25, 0]},
          {"origin": [22, 16.64351, -31.62561], "size": [2, 2, 1], "uv": [102, 102]},
          {"origin": [23.70711, 16.93639, -31.62561], "size": [1, 1, 1], "uv": [16, 7]}
        ]
      },
      {
        "name": "bone42",
        "parent": "bone41",
        "pivot": [21, 15, -36.5],
        "rotation": [0, 0, 45],
        "cubes": [
          {"origin": [20.54498, 18.69766, -31.62561], "size": [1, 1, 1], "uv": [16, 7]},
          {"origin": [20.54498, 18.69766, -31.62561], "size": [1, 1, 1], "uv": [16, 7]}
        ]
      },
      {
        "name": "bone43",
        "parent": "section",
        "pivot": [21, 15, -36],
        "rotation": [-36, 0, 0],
        "cubes": [
          {"origin": [21, 14.68129, -31.29037], "size": [4, 3, 0.57958], "uv": [25, 0]},
          {"origin": [22, 17.68129, -31.50058], "size": [2, 2, 1], "uv": [102, 102]},
          {"origin": [23.70711, 17.97417, -31.50058], "size": [1, 1, 1], "uv": [16, 7]}
        ]
      },
      {
        "name": "bone44",
        "parent": "bone43",
        "pivot": [21, 15, -36.5],
        "rotation": [0, 0, 45],
        "cubes": [
          {"origin": [19.81116, 19.43148, -31.50058], "size": [1, 1, 1], "uv": [16, 7]},
          {"origin": [19.81116, 19.43148, -31.50058], "size": [1, 1, 1], "uv": [16, 7]}
        ]
      },
      {
        "name": "bone45",
        "parent": "section",
        "pivot": [21, 15, -36],
        "rotation": [-48, 0, 0],
        "cubes": [
          {"origin": [21, 15.72239, -31.38383], "size": [4, 3, 0.57958], "uv": [25, 0]},
          {"origin": [22, 18.72239, -31.59404], "size": [2, 2, 1], "uv": [102, 102]},
          {"origin": [23.70711, 19.01526, -31.59404], "size": [1, 1, 1], "uv": [16, 7]}
        ]
      },
      {
        "name": "bone46",
        "parent": "bone45",
        "pivot": [21, 15, -36.5],
        "rotation": [0, 0, 45],
        "cubes": [
          {"origin": [19.07499, 20.16765, -31.59404], "size": [1, 1, 1], "uv": [16, 7]},
          {"origin": [19.07499, 20.16765, -31.59404], "size": [1, 1, 1], "uv": [16, 7]}
        ]
      },
      {
        "name": "bone47",
        "parent": "section",
        "pivot": [21, 15, -36],
        "rotation": [-60, 0, 0],
        "cubes": [
          {"origin": [21, 16.7213, -31.69172], "size": [4, 3, 0.57958], "uv": [25, 0]},
          {"origin": [22, 19.7213, -31.90192], "size": [2, 2, 1], "uv": [102, 102]},
          {"origin": [23.70711, 20.01418, -31.90192], "size": [1, 1, 1], "uv": [16, 7]}
        ]
      },
      {
        "name": "bone48",
        "parent": "bone47",
        "pivot": [21, 15, -36.5],
        "rotation": [0, 0, 45],
        "cubes": [
          {"origin": [18.36865, 20.87399, -31.90192], "size": [1, 1, 1], "uv": [16, 7]},
          {"origin": [18.36865, 20.87399, -31.90192], "size": [1, 1, 1], "uv": [16, 7]}
        ]
      },
      {
        "name": "section5",
        "parent": "circleFrontLeft",
        "pivot": [21, 15, -36],
        "rotation": [-72, 0, 0]
      },
      {
        "name": "bone49",
        "parent": "section5",
        "pivot": [21, 15, -36],
        "cubes": [
          {"origin": [21, 17.63438, -32.20055], "size": [4, 3, 0.57958], "uv": [25, 0]},
          {"origin": [22, 20.63438, -32.41076], "size": [2, 2, 1], "uv": [102, 102]},
          {"origin": [23.70711, 20.92725, -32.41076], "size": [1, 1, 1], "uv": [16, 7]}
        ]
      },
      {
        "name": "bone50",
        "parent": "bone49",
        "pivot": [21, 15, -36.5],
        "rotation": [0, 0, 45],
        "cubes": [
          {"origin": [17.72301, 21.51963, -32.41076], "size": [1, 1, 1], "uv": [16, 7]},
          {"origin": [17.72301, 21.51963, -32.41076], "size": [1, 1, 1], "uv": [16, 7]}
        ]
      },
      {
        "name": "bone51",
        "parent": "section5",
        "pivot": [21, 15, -36],
        "rotation": [-12, 0, 0],
        "cubes": [
          {"origin": [21, 18.4217, -32.88811], "size": [4, 3, 0.57958], "uv": [25, 0]},
          {"origin": [22, 21.4217, -33.09832], "size": [2, 2, 1], "uv": [102, 102]},
          {"origin": [23.70711, 21.71458, -33.09832], "size": [1, 1, 1], "uv": [16, 7]}
        ]
      },
      {
        "name": "bone52",
        "parent": "bone51",
        "pivot": [21, 15, -36.5],
        "rotation": [0, 0, 45],
        "cubes": [
          {"origin": [17.16629, 22.07635, -33.09832], "size": [1, 1, 1], "uv": [16, 7]},
          {"origin": [17.16629, 22.07635, -33.09832], "size": [1, 1, 1], "uv": [16, 7]}
        ]
      },
      {
        "name": "bone53",
        "parent": "section5",
        "pivot": [21, 15, -36],
        "rotation": [-24, 0, 0],
        "cubes": [
          {"origin": [21, 19.04887, -33.72434], "size": [4, 3, 0.57958], "uv": [25, 0]},
          {"origin": [22, 22.04887, -33.93455], "size": [2, 2, 1], "uv": [102, 102]},
          {"origin": [23.70711, 22.34175, -33.93455], "size": [1, 1, 1], "uv": [16, 7]}
        ]
      },
      {
        "name": "bone54",
        "parent": "bone53",
        "pivot": [21, 15, -36.5],
        "rotation": [0, 0, 45],
        "cubes": [
          {"origin": [16.72281, 22.51983, -33.93455], "size": [1, 1, 1], "uv": [16, 7]},
          {"origin": [16.72281, 22.51983, -33.93455], "size": [1, 1, 1], "uv": [16, 7]}
        ]
      },
      {
        "name": "bone55",
        "parent": "section5",
        "pivot": [21, 15, -36],
        "rotation": [-36, 0, 0],
        "cubes": [
          {"origin": [21, 19.48848, -34.67269], "size": [4, 3, 0.57958], "uv": [25, 0]},
          {"origin": [22, 22.48848, -34.8829], "size": [2, 2, 1], "uv": [102, 102]},
          {"origin": [23.70711, 22.78135, -34.8829], "size": [1, 1, 1], "uv": [16, 7]}
        ]
      },
      {
        "name": "bone56",
        "parent": "bone55",
        "pivot": [21, 15, -36.5],
        "rotation": [0, 0, 45],
        "cubes": [
          {"origin": [16.41197, 22.83067, -34.8829], "size": [1, 1, 1], "uv": [16, 7]},
          {"origin": [16.41197, 22.83067, -34.8829], "size": [1, 1, 1], "uv": [16, 7]}
        ]
      },
      {
        "name": "bone57",
        "parent": "section5",
        "pivot": [21, 15, -36],
        "rotation": [-48, 0, 0],
        "cubes": [
          {"origin": [21, 19.7213, -35.69172], "size": [4, 3, 0.57958], "uv": [25, 0]},
          {"origin": [22, 22.7213, -35.90192], "size": [2, 2, 1], "uv": [102, 102]},
          {"origin": [23.70711, 23.01418, -35.90192], "size": [1, 1, 1], "uv": [16, 7]}
        ]
      },
      {
        "name": "bone58",
        "parent": "bone57",
        "pivot": [21, 15, -36.5],
        "rotation": [0, 0, 45],
        "cubes": [
          {"origin": [16.24733, 22.99531, -35.90192], "size": [1, 1, 1], "uv": [16, 7]},
          {"origin": [16.24733, 22.99531, -35.90192], "size": [1, 1, 1], "uv": [16, 7]}
        ]
      },
      {
        "name": "bone59",
        "parent": "section5",
        "pivot": [21, 15, -36],
        "rotation": [-60, 0, 0],
        "cubes": [
          {"origin": [21, 19.73717, -36.73688], "size": [4, 3, 0.57958], "uv": [25, 0]},
          {"origin": [22, 22.73717, -36.94709], "size": [2, 2, 1], "uv": [102, 102]},
          {"origin": [23.70711, 23.03005, -36.94709], "size": [1, 1, 1], "uv": [16, 7]}
        ]
      },
      {
        "name": "bone60",
        "parent": "bone59",
        "pivot": [21, 15, -36.5],
        "rotation": [0, 0, 45],
        "cubes": [
          {"origin": [16.23611, 23.00653, -36.94709], "size": [1, 1, 1], "uv": [16, 7]},
          {"origin": [16.23611, 23.00653, -36.94709], "size": [1, 1, 1], "uv": [16, 7]}
        ]
      },
      {
        "name": "section6",
        "parent": "circleFrontLeft",
        "pivot": [21, 15, -36],
        "rotation": [72, 0, 0]
      },
      {
        "name": "bone61",
        "parent": "section6",
        "pivot": [21, 15, -36],
        "cubes": [
          {"origin": [21, 10.02592, -37.90689], "size": [4, 3, 0.57958], "uv": [25, 0]},
          {"origin": [22, 13.02592, -38.1171], "size": [2, 2, 1], "uv": [102, 102]},
          {"origin": [23.70711, 13.3188, -38.1171], "size": [1, 1, 1], "uv": [16, 7]}
        ]
      },
      {
        "name": "bone62",
        "parent": "bone61",
        "pivot": [21, 15, -36.5],
        "rotation": [0, 0, 45],
        "cubes": [
          {"origin": [23.103, 16.13964, -38.1171], "size": [1, 1, 1], "uv": [16, 7]},
          {"origin": [23.103, 16.13964, -38.1171], "size": [1, 1, 1], "uv": [16, 7]}
        ]
      },
      {
        "name": "bone63",
        "parent": "section6",
        "pivot": [21, 15, -36],
        "rotation": [-12, 0, 0],
        "cubes": [
          {"origin": [21, 9.7931, -36.88787], "size": [4, 3, 0.57958], "uv": [25, 0]},
          {"origin": [22, 12.7931, -37.09808], "size": [2, 2, 1], "uv": [102, 102]},
          {"origin": [23.70711, 13.08597, -37.09808], "size": [1, 1, 1], "uv": [16, 7]}
        ]
      },
      {
        "name": "bone64",
        "parent": "bone63",
        "pivot": [21, 15, -36.5],
        "rotation": [0, 0, 45],
        "cubes": [
          {"origin": [23.26763, 15.97501, -37.09808], "size": [1, 1, 1], "uv": [16, 7]},
          {"origin": [23.26763, 15.97501, -37.09808], "size": [1, 1, 1], "uv": [16, 7]}
        ]
      },
      {
        "name": "bone65",
        "parent": "section6",
        "pivot": [21, 15, -36],
        "rotation": [-24, 0, 0],
        "cubes": [
          {"origin": [21, 9.77723, -35.8427], "size": [4, 3, 0.57958], "uv": [25, 0]},
          {"origin": [22, 12.77723, -36.05291], "size": [2, 2, 1], "uv": [102, 102]},
          {"origin": [23.70711, 13.0701, -36.05291], "size": [1, 1, 1], "uv": [16, 7]}
        ]
      },
      {
        "name": "bone66",
        "parent": "bone65",
        "pivot": [21, 15, -36.5],
        "rotation": [0, 0, 45],
        "cubes": [
          {"origin": [23.27886, 15.96378, -36.05291], "size": [1, 1, 1], "uv": [16, 7]},
          {"origin": [23.27886, 15.96378, -36.05291], "size": [1, 1, 1], "uv": [16, 7]}
        ]
      },
      {
        "name": "bone67",
        "parent": "section6",
        "pivot": [21, 15, -36],
        "rotation": [-36, 0, 0],
        "cubes": [
          {"origin": [21, 9.97901, -34.81708], "size": [4, 3, 0.57958], "uv": [25, 0]},
          {"origin": [22, 12.97901, -35.02729], "size": [2, 2, 1], "uv": [102, 102]},
          {"origin": [23.70711, 13.27188, -35.02729], "size": [1, 1, 1], "uv": [16, 7]}
        ]
      },
      {
        "name": "bone68",
        "parent": "bone67",
        "pivot": [21, 15, -36.5],
        "rotation": [0, 0, 45],
        "cubes": [
          {"origin": [23.13618, 16.10646, -35.02729], "size": [1, 1, 1], "uv": [16, 7]},
          {"origin": [23.13618, 16.10646, -35.02729], "size": [1, 1, 1], "uv": [16, 7]}
        ]
      },
      {
        "name": "bone69",
        "parent": "section6",
        "pivot": [21, 15, -36],
        "rotation": [-48, 0, 0],
        "cubes": [
          {"origin": [21, 10.38962, -33.85582], "size": [4, 3, 0.57958], "uv": [25, 0]},
          {"origin": [22, 13.38962, -34.06603], "size": [2, 2, 1], "uv": [102, 102]},
          {"origin": [23.70711, 13.68249, -34.06603], "size": [1, 1, 1], "uv": [16, 7]}
        ]
      },
      {
        "name": "bone70",
        "parent": "bone69",
        "pivot": [21, 15, -36.5],
        "rotation": [0, 0, 45],
        "cubes": [
          {"origin": [22.84583, 16.39681, -34.06603], "size": [1, 1, 1], "uv": [16, 7]},
          {"origin": [22.84583, 16.39681, -34.06603], "size": [1, 1, 1], "uv": [16, 7]}
        ]
      },
      {
        "name": "bone71",
        "parent": "section6",
        "pivot": [21, 15, -36],
        "rotation": [-60, 0, 0],
        "cubes": [
          {"origin": [21, 10.99111, -33.00094], "size": [4, 3, 0.57958], "uv": [25, 0]},
          {"origin": [22, 13.99111, -33.21114], "size": [2, 2, 1], "uv": [102, 102]},
          {"origin": [23.70711, 14.28399, -33.21114], "size": [1, 1, 1], "uv": [16, 7]}
        ]
      },
      {
        "name": "bone72",
        "parent": "bone71",
        "pivot": [21, 15, -36.5],
        "rotation": [0, 0, 45],
        "cubes": [
          {"origin": [22.42051, 16.82213, -33.21114], "size": [1, 1, 1], "uv": [16, 7]},
          {"origin": [22.42051, 16.82213, -33.21114], "size": [1, 1, 1], "uv": [16, 7]}
        ]
      },
      {
        "name": "section7",
        "parent": "circleFrontLeft",
        "pivot": [21, 15, -36],
        "rotation": [144, 0, 0]
      },
      {
        "name": "bone73",
        "parent": "section7",
        "pivot": [21, 15, -36],
        "cubes": [
          {"origin": [21, 14.83311, -41.28922], "size": [4, 3, 0.57958], "uv": [25, 0]},
          {"origin": [22, 17.83311, -41.49942], "size": [2, 2, 1], "uv": [102, 102]},
          {"origin": [23.70711, 18.12599, -41.49942], "size": [1, 1, 1], "uv": [16, 7]}
        ]
      },
      {
        "name": "bone74",
        "parent": "bone73",
        "pivot": [21, 15, -36.5],
        "rotation": [0, 0, 45],
        "cubes": [
          {"origin": [19.70381, 19.53883, -41.49942], "size": [1, 1, 1], "uv": [16, 7]},
          {"origin": [19.70381, 19.53883, -41.49942], "size": [1, 1, 1], "uv": [16, 7]}
        ]
      },
      {
        "name": "bone75",
        "parent": "section7",
        "pivot": [21, 15, -36],
        "rotation": [-12, 0, 0],
        "cubes": [
          {"origin": [21, 13.79201, -41.19575], "size": [4, 3, 0.57958], "uv": [25, 0]},
          {"origin": [22, 16.79201, -41.40596], "size": [2, 2, 1], "uv": [102, 102]},
          {"origin": [23.70711, 17.08489, -41.40596], "size": [1, 1, 1], "uv": [16, 7]}
        ]
      },
      {
        "name": "bone76",
        "parent": "bone75",
        "pivot": [21, 15, -36.5],
        "rotation": [0, 0, 45],
        "cubes": [
          {"origin": [20.43998, 18.80267, -41.40596], "size": [1, 1, 1], "uv": [16, 7]},
          {"origin": [20.43998, 18.80267, -41.40596], "size": [1, 1, 1], "uv": [16, 7]}
        ]
      },
      {
        "name": "bone77",
        "parent": "section7",
        "pivot": [21, 15, -36],
        "rotation": [-24, 0, 0],
        "cubes": [
          {"origin": [21, 12.7931, -40.88787], "size": [4, 3, 0.57958], "uv": [25, 0]},
          {"origin": [22, 15.7931, -41.09808], "size": [2, 2, 1], "uv": [102, 102]},
          {"origin": [23.70711, 16.08597, -41.09808], "size": [1, 1, 1], "uv": [16, 7]}
        ]
      },
      {
        "name": "bone78",
        "parent": "bone77",
        "pivot": [21, 15, -36.5],
        "rotation": [0, 0, 45],
        "cubes": [
          {"origin": [21.14631, 18.09633, -41.09808], "size": [1, 1, 1], "uv": [16, 7]},
          {"origin": [21.14631, 18.09633, -41.09808], "size": [1, 1, 1], "uv": [16, 7]}
        ]
      },
      {
        "name": "bone79",
        "parent": "section7",
        "pivot": [21, 15, -36],
        "rotation": [-36, 0, 0],
        "cubes": [
          {"origin": [21, 11.88002, -40.37903], "size": [4, 3, 0.57958], "uv": [25, 0]},
          {"origin": [22, 14.88002, -40.58924], "size": [2, 2, 1], "uv": [102, 102]},
          {"origin": [23.70711, 15.1729, -40.58924], "size": [1, 1, 1], "uv": [16, 7]}
        ]
      },
      {
        "name": "bone80",
        "parent": "bone79",
        "pivot": [21, 15, -36.5],
        "rotation": [0, 0, 45],
        "cubes": [
          {"origin": [21.79195, 17.45069, -40.58924], "size": [1, 1, 1], "uv": [16, 7]},
          {"origin": [21.79195, 17.45069, -40.58924], "size": [1, 1, 1], "uv": [16, 7]}
        ]
      },
      {
        "name": "bone81",
        "parent": "section7",
        "pivot": [21, 15, -36],
        "rotation": [-48, 0, 0],
        "cubes": [
          {"origin": [21, 11.0927, -39.69147], "size": [4, 3, 0.57958], "uv": [25, 0]},
          {"origin": [22, 14.0927, -39.90168], "size": [2, 2, 1], "uv": [102, 102]},
          {"origin": [23.70711, 14.38557, -39.90168], "size": [1, 1, 1], "uv": [16, 7]}
        ]
      },
      {
        "name": "bone82",
        "parent": "bone81",
        "pivot": [21, 15, -36.5],
        "rotation": [0, 0, 45],
        "cubes": [
          {"origin": [22.34868, 16.89396, -39.90168], "size": [1, 1, 1], "uv": [16, 7]},
          {"origin": [22.34868, 16.89396, -39.90168], "size": [1, 1, 1], "uv": [16, 7]}
        ]
      },
      {
        "name": "bone83",
        "parent": "section7",
        "pivot": [21, 15, -36],
        "rotation": [-60, 0, 0],
        "cubes": [
          {"origin": [21, 10.46553, -38.85524], "size": [4, 3, 0.57958], "uv": [25, 0]},
          {"origin": [22, 13.46553, -39.06545], "size": [2, 2, 1], "uv": [102, 102]},
          {"origin": [23.70711, 13.7584, -39.06545], "size": [1, 1, 1], "uv": [16, 7]}
        ]
      },
      {
        "name": "bone84",
        "parent": "bone83",
        "pivot": [21, 15, -36.5],
        "rotation": [0, 0, 45],
        "cubes": [
          {"origin": [22.79216, 16.45049, -39.06545], "size": [1, 1, 1], "uv": [16, 7]},
          {"origin": [22.79216, 16.45049, -39.06545], "size": [1, 1, 1], "uv": [16, 7]}
        ]
      },
      {
        "name": "section8",
        "parent": "circleFrontLeft",
        "pivot": [21, 15, -36],
        "rotation": [-144, 0, 0]
      },
      {
        "name": "bone85",
        "parent": "section8",
        "pivot": [21, 15, -36],
        "cubes": [
          {"origin": [21, 19.53539, -37.7625], "size": [4, 3, 0.57958], "uv": [25, 0]},
          {"origin": [22, 22.53539, -37.97271], "size": [2, 2, 1], "uv": [102, 102]},
          {"origin": [23.70711, 22.82827, -37.97271], "size": [1, 1, 1], "uv": [16, 7]}
        ]
      },
      {
        "name": "bone86",
        "parent": "bone85",
        "pivot": [21, 15, -36.5],
        "rotation": [0, 0, 45],
        "cubes": [
          {"origin": [16.37879, 22.86385, -37.97271], "size": [1, 1, 1], "uv": [16, 7]},
          {"origin": [16.37879, 22.86385, -37.97271], "size": [1, 1, 1], "uv": [16, 7]}
        ]
      },
      {
        "name": "bone87",
        "parent": "section8",
        "pivot": [21, 15, -36],
        "rotation": [-12, 0, 0],
        "cubes": [
          {"origin": [21, 19.12478, -38.72376], "size": [4, 3, 0.57958], "uv": [25, 0]},
          {"origin": [22, 22.12478, -38.93397], "size": [2, 2, 1], "uv": [102, 102]},
          {"origin": [23.70711, 22.41766, -38.93397], "size": [1, 1, 1], "uv": [16, 7]}
        ]
      },
      {
        "name": "bone88",
        "parent": "bone87",
        "pivot": [21, 15, -36.5],
        "rotation": [0, 0, 45],
        "cubes": [
          {"origin": [16.66914, 22.5735, -38.93397], "size": [1, 1, 1], "uv": [16, 7]},
          {"origin": [16.66914, 22.5735, -38.93397], "size": [1, 1, 1], "uv": [16, 7]}
        ]
      },
      {
        "name": "bone89",
        "parent": "section8",
        "pivot": [21, 15, -36],
        "rotation": [-24, 0, 0],
        "cubes": [
          {"origin": [21, 18.52329, -39.57865], "size": [4, 3, 0.57958], "uv": [25, 0]},
          {"origin": [22, 21.52329, -39.78886], "size": [2, 2, 1], "uv": [102, 102]},
          {"origin": [23.70711, 21.81617, -39.78886], "size": [1, 1, 1], "uv": [16, 7]}
        ]
      },
      {
        "name": "bone90",
        "parent": "bone89",
        "pivot": [21, 15, -36.5],
        "rotation": [0, 0, 45],
        "cubes": [
          {"origin": [17.09446, 22.14818, -39.78886], "size": [1, 1, 1], "uv": [16, 7]},
          {"origin": [17.09446, 22.14818, -39.78886], "size": [1, 1, 1], "uv": [16, 7]}
        ]
      },
      {
        "name": "bone91",
        "parent": "section8",
        "pivot": [21, 15, -36],
        "rotation": [-36, 0, 0],
        "cubes": [
          {"origin": [21, 17.7572, -40.28979], "size": [4, 3, 0.57958], "uv": [25, 0]},
          {"origin": [22, 20.7572, -40.5], "size": [2, 2, 1], "uv": [102, 102]},
          {"origin": [23.70711, 21.05008, -40.5], "size": [1, 1, 1], "uv": [16, 7]}
        ]
      },
      {
        "name": "bone92",
        "parent": "bone91",
        "pivot": [21, 15, -36.5],
        "rotation": [0, 0, 45],
        "cubes": [
          {"origin": [17.63616, 21.60648, -40.5], "size": [1, 1, 1], "uv": [16, 7]},
          {"origin": [17.63616, 21.60648, -40.5], "size": [1, 1, 1], "uv": [16, 7]}
        ]
      },
      {
        "name": "bone93",
        "parent": "section8",
        "pivot": [21, 15, -36],
        "rotation": [-48, 0, 0],
        "cubes": [
          {"origin": [21, 16.86, -40.82612], "size": [4, 3, 0.57958], "uv": [25, 0]},
          {"origin": [22, 19.86, -41.03633], "size": [2, 2, 1], "uv": [102, 102]},
          {"origin": [23.70711, 20.15287, -41.03633], "size": [1, 1, 1], "uv": [16, 7]}
        ]
      },
      {
        "name": "bone94",
        "parent": "bone93",
        "pivot": [21, 15, -36.5],
        "rotation": [0, 0, 45],
        "cubes": [
          {"origin": [18.27058, 20.97206, -41.03633], "size": [1, 1, 1], "uv": [16, 7]},
          {"origin": [18.27058, 20.97206, -41.03633], "size": [1, 1, 1], "uv": [16, 7]}
        ]
      },
      {
        "name": "bone95",
        "parent": "section8",
        "pivot": [21, 15, -36],
        "rotation": [-60, 0, 0],
        "cubes": [
          {"origin": [21, 15.87089, -41.16418], "size": [4, 3, 0.57958], "uv": [25, 0]},
          {"origin": [22, 18.87089, -41.37439], "size": [2, 2, 1], "uv": [102, 102]},
          {"origin": [23.70711, 19.16377, -41.37439], "size": [1, 1, 1], "uv": [16, 7]}
        ]
      },
      {
        "name": "bone96",
        "parent": "bone95",
        "pivot": [21, 15, -36.5],
        "rotation": [0, 0, 45],
        "cubes": [
          {"origin": [18.96999, 20.27265, -41.37439], "size": [1, 1, 1], "uv": [16, 7]},
          {"origin": [18.96999, 20.27265, -41.37439], "size": [1, 1, 1], "uv": [16, 7]}
        ]
      },
      {
        "name": "bone138",
        "parent": "seatLeft",
        "pivot": [0, 17, 29],
        "rotation": [-15, 0, 0]
      },
      {
        "name": "bone139",
        "parent": "bone138",
        "pivot": [0, 0, 0],
        "cubes": [
          {"origin": [24, 34.6028, 21.67243], "size": [8, 4, 6], "uv": [215, 10]},
          {"origin": [24, 34.6028, 27.5], "size": [8, 4, 3], "uv": [40, 227]},
          {"origin": [29, 19.59898, 27.5], "size": [3, 15, 3], "uv": [61, 241]},
          {"origin": [24, 34.60279, 30.32757], "size": [8, 4, 6], "uv": [215, 10]}
        ]
      },
      {
        "name": "bone140",
        "parent": "bone138",
        "pivot": [0, 17, 29],
        "cubes": [
          {"origin": [29, 11, 28], "size": [3, 6, 2], "uv": [170, 217]}
        ]
      },
      {
        "name": "bone145",
        "parent": "bone138",
        "pivot": [0, 17, 29],
        "rotation": [20, 0, 0],
        "cubes": [
          {"origin": [29, 11.01982, 27.88757], "size": [3, 6, 2], "uv": [170, 217]}
        ]
      },
      {
        "name": "bone146",
        "parent": "bone138",
        "pivot": [0, 17, 29],
        "rotation": [40, 0, 0],
        "cubes": [
          {"origin": [29, 11.07691, 27.7887], "size": [3, 6, 2], "uv": [170, 217]}
        ]
      },
      {
        "name": "bone147",
        "parent": "bone138",
        "pivot": [0, 17, 29],
        "rotation": [60, 0, 0],
        "cubes": [
          {"origin": [29, 11.16436, 27.71532], "size": [3, 6, 2], "uv": [170, 217]}
        ]
      },
      {
        "name": "bone148",
        "parent": "bone138",
        "pivot": [0, 17, 29],
        "rotation": [80, 0, 0],
        "cubes": [
          {"origin": [29, 11.27164, 27.67628], "size": [3, 6, 2], "uv": [170, 217]}
        ]
      },
      {
        "name": "bone150",
        "parent": "bone138",
        "pivot": [0, 17, 29],
        "rotation": [85, 0, 0],
        "cubes": [
          {"origin": [29, 11.23449, 29.17444], "size": [3, 6, 18], "uv": [146, 217]}
        ]
      },
      {
        "name": "bone141",
        "parent": "bone138",
        "pivot": [0, 17, 29],
        "rotation": [-20, 0, 0],
        "cubes": [
          {"origin": [29, 11.01982, 28.11243], "size": [3, 6, 2], "uv": [170, 217]}
        ]
      },
      {
        "name": "bone142",
        "parent": "bone138",
        "pivot": [0, 17, 29],
        "rotation": [-40, 0, 0],
        "cubes": [
          {"origin": [29, 11.07691, 28.2113], "size": [3, 6, 2], "uv": [170, 217]}
        ]
      },
      {
        "name": "bone143",
        "parent": "bone138",
        "pivot": [0, 17, 29],
        "rotation": [-60, 0, 0],
        "cubes": [
          {"origin": [29, 11.16436, 28.28468], "size": [3, 6, 2], "uv": [170, 217]}
        ]
      },
      {
        "name": "bone144",
        "parent": "bone138",
        "pivot": [0, 17, 29],
        "rotation": [-80, 0, 0],
        "cubes": [
          {"origin": [29, 11.27164, 28.32372], "size": [3, 6, 2], "uv": [170, 217]}
        ]
      },
      {
        "name": "bone149",
        "parent": "bone138",
        "pivot": [0, 17, 29],
        "rotation": [-85, 0, 0],
        "cubes": [
          {"origin": [29, 11.23449, 10.82556], "size": [3, 6, 18], "uv": [188, 217]}
        ]
      },
      {
        "name": "seatLeft2",
        "parent": "main",
        "pivot": [-9, 0, 0],
        "cubes": [
          {"origin": [-17, 26, 1], "size": [3, 3, 5], "uv": [239, 15], "mirror": true},
          {"origin": [-22, 7, -17], "size": [5, 13, 5], "uv": [230, 234], "mirror": true},
          {"origin": [-23, 9.5, -17], "size": [1, 5, 1], "uv": [101, 53], "mirror": true},
          {"origin": [-23.70711, 9.5, -28.70711], "size": [1, 5, 12], "uv": [26, 227], "mirror": true},
          {"origin": [-14, 26, -4], "size": [1, 3, 8], "uv": [234, 67], "mirror": true},
          {"origin": [-22, 19.2979, -17], "size": [5, 4, 1], "uv": [97, 84], "mirror": true},
          {"origin": [-22, 19.2979, -16.29788], "size": [5, 4, 1], "uv": [97, 84], "mirror": true},
          {"origin": [-20, 24, -7], "size": [3, 1, 13], "uv": [170, 217], "mirror": true},
          {"origin": [-20, 7, -4], "size": [3, 17, 10], "uv": [0, 227], "mirror": true},
          {"origin": [-23, 29.41421, -33.41421], "size": [2, 1, 9], "uv": [16, 227], "mirror": true},
          {"origin": [-23, 22.41421, -25.41421], "size": [2, 7, 1], "uv": [11, 0], "mirror": true},
          {"origin": [-23, 21.91421, -39.4764], "size": [2, 5, 1], "uv": [0, 34], "mirror": true},
          {"origin": [-24, 17.41421, -33.41421], "size": [1, 13, 9], "uv": [0, 0], "mirror": true},
          {"origin": [-24.5, 25.41421, -37.9142], "size": [1, 1, 14], "uv": [218, 67], "mirror": true},
          {"origin": [-24.5, 18.48601, -33.9142], "size": [1, 7, 10], "uv": [121, 232], "mirror": true},
          {"origin": [-24.5, 22.48601, -35.9142], "size": [1, 3, 2], "uv": [0, 53], "mirror": true},
          {"origin": [-24, 17.41421, -39.4764], "size": [1, 1, 7], "uv": [164, 199], "mirror": true},
          {"origin": [-24, 17.91421, -39.47639], "size": [1, 9, 7], "uv": [0, 53], "mirror": true},
          {"origin": [-23.5, 19.91421, -43.47639], "size": [1, 3, 4], "uv": [118, 67], "mirror": true},
          {"origin": [-22, 31.41421, -35.41421], "size": [2, 1, 3], "uv": [117, 21], "mirror": true},
          {"origin": [-20, 31.41421, -35.41421], "size": [5, 1, 16], "uv": [212, 217], "mirror": true},
          {"origin": [-23, 29.82843, 9.82843], "size": [1, 11, 5], "uv": [212, 217], "mirror": true},
          {"origin": [-22, 25, -22], "size": [1, 3, 3], "uv": [0, 0], "mirror": true},
          {"origin": [-27, 36, 22], "size": [4, 6, 10], "uv": [223, 35], "mirror": true}
        ]
      },
      {
        "name": "bone9",
        "parent": "seatLeft2",
        "pivot": [-9, 17, 0],
        "rotation": [-40, 0, 0],
        "cubes": [
          {"origin": [-17, 22.83532, -6.94741], "size": [3, 4, 2], "uv": [99, 173], "mirror": true}
        ]
      },
      {
        "name": "bone164",
        "parent": "seatLeft2",
        "pivot": [-13, 0, -4],
        "rotation": [0, -45, 0],
        "cubes": [
          {"origin": [-29.55635, 9.5, -6.41421], "size": [1, 5, 1], "uv": [101, 53], "mirror": true}
        ]
      },
      {
        "name": "bone165",
        "parent": "seatLeft2",
        "pivot": [-9, 11, -15],
        "rotation": [15, 0, 0],
        "cubes": [
          {"origin": [-22, 18.91688, -13.77285], "size": [5, 1, 4], "uv": [208, 108], "mirror": true}
        ]
      },
      {
        "name": "bone166",
        "parent": "seatLeft2",
        "pivot": [-9, 11, -15],
        "rotation": [30, 0, 0],
        "cubes": [
          {"origin": [-22, 18.26015, -11.6431], "size": [5, 1, 4], "uv": [208, 108], "mirror": true}
        ]
      },
      {
        "name": "bone167",
        "parent": "seatLeft2",
        "pivot": [-9, 11, -15],
        "rotation": [45, 0, 0],
        "cubes": [
          {"origin": [-22, 17.07459, -9.7559], "size": [5, 1, 4], "uv": [208, 108], "mirror": true}
        ]
      },
      {
        "name": "bone168",
        "parent": "seatLeft2",
        "pivot": [-9, 11, -15],
        "rotation": [60, 0, 0],
        "cubes": [
          {"origin": [-22, 15.44098, -8.23985], "size": [5, 1, 4], "uv": [208, 108], "mirror": true}
        ]
      },
      {
        "name": "bone169",
        "parent": "seatLeft2",
        "pivot": [-9, 11, -15],
        "rotation": [75, 0, 0],
        "cubes": [
          {"origin": [-22, 13.47065, -7.19826], "size": [5, 1, 4], "uv": [208, 108], "mirror": true}
        ]
      },
      {
        "name": "bone170",
        "parent": "seatLeft2",
        "pivot": [-9, 16, 4],
        "cubes": [
          {"origin": [-14, 29, 3], "size": [1, 12, 3], "uv": [73, 241], "mirror": true}
        ]
      },
      {
        "name": "bone171",
        "parent": "seatLeft2",
        "pivot": [-9, 0, 0],
        "rotation": [10, 0, 0],
        "cubes": [
          {"origin": [-20, 7.85092, -2.7261], "size": [3, 17, 3], "uv": [49, 241], "mirror": true}
        ]
      },
      {
        "name": "bone172",
        "parent": "seatLeft2",
        "pivot": [-9, 0, 0],
        "rotation": [-60, 0, 0],
        "cubes": [
          {"origin": [-24.5, -20.12755, -40.96645], "size": [1, 2, 8], "uv": [238, 217], "mirror": true}
        ]
      },
      {
        "name": "bone173",
        "parent": "seatLeft2",
        "pivot": [-9, 0, 0],
        "rotation": [15, 0, 0],
        "cubes": [
          {"origin": [-23.5, 32.38595, -36.06433], "size": [1, 1, 5], "uv": [98, 125], "mirror": true}
        ]
      },
      {
        "name": "bone174",
        "parent": "seatLeft2",
        "pivot": [-9, 0, 0],
        "rotation": [-15, 0, 0],
        "cubes": [
          {"origin": [-23.5, 7.98314, -47.14915], "size": [1, 1, 5], "uv": [98, 125], "mirror": true}
        ]
      },
      {
        "name": "bone175",
        "parent": "seatLeft2",
        "pivot": [-9, 0, 0],
        "rotation": [30, 0, 0],
        "cubes": [
          {"origin": [-24, 40.04659, -20.73045], "size": [1, 3, 7], "uv": [189, 217], "mirror": true},
          {"origin": [-23, 42.04659, -20.73045], "size": [2, 1, 7], "uv": [108, 232], "mirror": true}
        ]
      },
      {
        "name": "bone176",
        "parent": "seatLeft2",
        "pivot": [-13, 0, -4],
        "rotation": [-45, 0, 0],
        "cubes": [
          {"origin": [-22, 0, -48.42641], "size": [2, 1, 2], "uv": [9, 57], "mirror": true},
          {"origin": [-22, 1, -47.42641], "size": [2, 1, 1], "uv": [0, 58], "mirror": true}
        ]
      },
      {
        "name": "circleFrontLeft2",
        "parent": "seatLeft2",
        "pivot": [-21, 12, -36]
      },
      {
        "name": "section12",
        "parent": "circleFrontLeft2",
        "pivot": [-21, 15, -36]
      },
      {
        "name": "bone177",
        "parent": "section12",
        "pivot": [-21, 15, -36],
        "cubes": [
          {"origin": [-25, 11.7572, -32.28979], "size": [4, 3, 0.57958], "uv": [25, 0], "mirror": true},
          {"origin": [-24, 14.7572, -32.5], "size": [2, 2, 1], "uv": [102, 102], "mirror": true},
          {"origin": [-24.70711, 15.05008, -32.5], "size": [1, 1, 1], "uv": [16, 7], "mirror": true}
        ]
      },
      {
        "name": "bone178",
        "parent": "bone177",
        "pivot": [-21, 15, -36.5],
        "rotation": [0, 0, -45],
        "cubes": [
          {"origin": [-22.8788, 17.36384, -32.5], "size": [1, 1, 1], "uv": [16, 7], "mirror": true},
          {"origin": [-22.8788, 17.36384, -32.5], "size": [1, 1, 1], "uv": [16, 7], "mirror": true}
        ]
      },
      {
        "name": "bone179",
        "parent": "section12",
        "pivot": [-21, 15, -36],
        "rotation": [-12, 0, 0],
        "cubes": [
          {"origin": [-25, 12.6544, -31.75347], "size": [4, 3, 0.57958], "uv": [25, 0], "mirror": true},
          {"origin": [-24, 15.6544, -31.96367], "size": [2, 2, 1], "uv": [102, 102], "mirror": true},
          {"origin": [-24.70711, 15.94728, -31.96367], "size": [1, 1, 1], "uv": [16, 7], "mirror": true}
        ]
      },
      {
        "name": "bone180",
        "parent": "bone179",
        "pivot": [-21, 15, -36.5],
        "rotation": [0, 0, -45],
        "cubes": [
          {"origin": [-22.24439, 17.99825, -31.96367], "size": [1, 1, 1], "uv": [16, 7], "mirror": true},
          {"origin": [-22.24439, 17.99825, -31.96367], "size": [1, 1, 1], "uv": [16, 7], "mirror": true}
        ]
      },
      {
        "name": "bone181",
        "parent": "section12",
        "pivot": [-21, 15, -36],
        "rotation": [-24, 0, 0],
        "cubes": [
          {"origin": [-25, 13.64351, -31.4154], "size": [4, 3, 0.57958], "uv": [25, 0], "mirror": true},
          {"origin": [-24, 16.64351, -31.62561], "size": [2, 2, 1], "uv": [102, 102], "mirror": true},
          {"origin": [-24.70711, 16.93639, -31.62561], "size": [1, 1, 1], "uv": [16, 7], "mirror": true}
        ]
      },
      {
        "name": "bone182",
        "parent": "bone181",
        "pivot": [-21, 15, -36.5],
        "rotation": [0, 0, -45],
        "cubes": [
          {"origin": [-21.54498, 18.69766, -31.62561], "size": [1, 1, 1], "uv": [16, 7], "mirror": true},
          {"origin": [-21.54498, 18.69766, -31.62561], "size": [1, 1, 1], "uv": [16, 7], "mirror": true}
        ]
      },
      {
        "name": "bone183",
        "parent": "section12",
        "pivot": [-21, 15, -36],
        "rotation": [-36, 0, 0],
        "cubes": [
          {"origin": [-25, 14.68129, -31.29037], "size": [4, 3, 0.57958], "uv": [25, 0], "mirror": true},
          {"origin": [-24, 17.68129, -31.50058], "size": [2, 2, 1], "uv": [102, 102], "mirror": true},
          {"origin": [-24.70711, 17.97417, -31.50058], "size": [1, 1, 1], "uv": [16, 7], "mirror": true}
        ]
      },
      {
        "name": "bone184",
        "parent": "bone183",
        "pivot": [-21, 15, -36.5],
        "rotation": [0, 0, -45],
        "cubes": [
          {"origin": [-20.81116, 19.43148, -31.50058], "size": [1, 1, 1], "uv": [16, 7], "mirror": true},
          {"origin": [-20.81116, 19.43148, -31.50058], "size": [1, 1, 1], "uv": [16, 7], "mirror": true}
        ]
      },
      {
        "name": "bone185",
        "parent": "section12",
        "pivot": [-21, 15, -36],
        "rotation": [-48, 0, 0],
        "cubes": [
          {"origin": [-25, 15.72239, -31.38383], "size": [4, 3, 0.57958], "uv": [25, 0], "mirror": true},
          {"origin": [-24, 18.72239, -31.59404], "size": [2, 2, 1], "uv": [102, 102], "mirror": true},
          {"origin": [-24.70711, 19.01526, -31.59404], "size": [1, 1, 1], "uv": [16, 7], "mirror": true}
        ]
      },
      {
        "name": "bone186",
        "parent": "bone185",
        "pivot": [-21, 15, -36.5],
        "rotation": [0, 0, -45],
        "cubes": [
          {"origin": [-20.07499, 20.16765, -31.59404], "size": [1, 1, 1], "uv": [16, 7], "mirror": true},
          {"origin": [-20.07499, 20.16765, -31.59404], "size": [1, 1, 1], "uv": [16, 7], "mirror": true}
        ]
      },
      {
        "name": "bone187",
        "parent": "section12",
        "pivot": [-21, 15, -36],
        "rotation": [-60, 0, 0],
        "cubes": [
          {"origin": [-25, 16.7213, -31.69172], "size": [4, 3, 0.57958], "uv": [25, 0], "mirror": true},
          {"origin": [-24, 19.7213, -31.90192], "size": [2, 2, 1], "uv": [102, 102], "mirror": true},
          {"origin": [-24.70711, 20.01418, -31.90192], "size": [1, 1, 1], "uv": [16, 7], "mirror": true}
        ]
      },
      {
        "name": "bone188",
        "parent": "bone187",
        "pivot": [-21, 15, -36.5],
        "rotation": [0, 0, -45],
        "cubes": [
          {"origin": [-19.36865, 20.87399, -31.90192], "size": [1, 1, 1], "uv": [16, 7], "mirror": true},
          {"origin": [-19.36865, 20.87399, -31.90192], "size": [1, 1, 1], "uv": [16, 7], "mirror": true}
        ]
      },
      {
        "name": "section13",
        "parent": "circleFrontLeft2",
        "pivot": [-21, 15, -36],
        "rotation": [-72, 0, 0]
      },
      {
        "name": "bone189",
        "parent": "section13",
        "pivot": [-21, 15, -36],
        "cubes": [
          {"origin": [-25, 17.63438, -32.20055], "size": [4, 3, 0.57958], "uv": [25, 0], "mirror": true},
          {"origin": [-24, 20.63438, -32.41076], "size": [2, 2, 1], "uv": [102, 102], "mirror": true},
          {"origin": [-24.70711, 20.92725, -32.41076], "size": [1, 1, 1], "uv": [16, 7], "mirror": true}
        ]
      },
      {
        "name": "bone190",
        "parent": "bone189",
        "pivot": [-21, 15, -36.5],
        "rotation": [0, 0, -45],
        "cubes": [
          {"origin": [-18.72301, 21.51963, -32.41076], "size": [1, 1, 1], "uv": [16, 7], "mirror": true},
          {"origin": [-18.72301, 21.51963, -32.41076], "size": [1, 1, 1], "uv": [16, 7], "mirror": true}
        ]
      },
      {
        "name": "bone191",
        "parent": "section13",
        "pivot": [-21, 15, -36],
        "rotation": [-12, 0, 0],
        "cubes": [
          {"origin": [-25, 18.4217, -32.88811], "size": [4, 3, 0.57958], "uv": [25, 0], "mirror": true},
          {"origin": [-24, 21.4217, -33.09832], "size": [2, 2, 1], "uv": [102, 102], "mirror": true},
          {"origin": [-24.70711, 21.71458, -33.09832], "size": [1, 1, 1], "uv": [16, 7], "mirror": true}
        ]
      },
      {
        "name": "bone192",
        "parent": "bone191",
        "pivot": [-21, 15, -36.5],
        "rotation": [0, 0, -45],
        "cubes": [
          {"origin": [-18.16629, 22.07635, -33.09832], "size": [1, 1, 1], "uv": [16, 7], "mirror": true},
          {"origin": [-18.16629, 22.07635, -33.09832], "size": [1, 1, 1], "uv": [16, 7], "mirror": true}
        ]
      },
      {
        "name": "bone193",
        "parent": "section13",
        "pivot": [-21, 15, -36],
        "rotation": [-24, 0, 0],
        "cubes": [
          {"origin": [-25, 19.04887, -33.72434], "size": [4, 3, 0.57958], "uv": [25, 0], "mirror": true},
          {"origin": [-24, 22.04887, -33.93455], "size": [2, 2, 1], "uv": [102, 102], "mirror": true},
          {"origin": [-24.70711, 22.34175, -33.93455], "size": [1, 1, 1], "uv": [16, 7], "mirror": true}
        ]
      },
      {
        "name": "bone194",
        "parent": "bone193",
        "pivot": [-21, 15, -36.5],
        "rotation": [0, 0, -45],
        "cubes": [
          {"origin": [-17.72281, 22.51983, -33.93455], "size": [1, 1, 1], "uv": [16, 7], "mirror": true},
          {"origin": [-17.72281, 22.51983, -33.93455], "size": [1, 1, 1], "uv": [16, 7], "mirror": true}
        ]
      },
      {
        "name": "bone195",
        "parent": "section13",
        "pivot": [-21, 15, -36],
        "rotation": [-36, 0, 0],
        "cubes": [
          {"origin": [-25, 19.48848, -34.67269], "size": [4, 3, 0.57958], "uv": [25, 0], "mirror": true},
          {"origin": [-24, 22.48848, -34.8829], "size": [2, 2, 1], "uv": [102, 102], "mirror": true},
          {"origin": [-24.70711, 22.78135, -34.8829], "size": [1, 1, 1], "uv": [16, 7], "mirror": true}
        ]
      },
      {
        "name": "bone196",
        "parent": "bone195",
        "pivot": [-21, 15, -36.5],
        "rotation": [0, 0, -45],
        "cubes": [
          {"origin": [-17.41197, 22.83067, -34.8829], "size": [1, 1, 1], "uv": [16, 7], "mirror": true},
          {"origin": [-17.41197, 22.83067, -34.8829], "size": [1, 1, 1], "uv": [16, 7], "mirror": true}
        ]
      },
      {
        "name": "bone197",
        "parent": "section13",
        "pivot": [-21, 15, -36],
        "rotation": [-48, 0, 0],
        "cubes": [
          {"origin": [-25, 19.7213, -35.69172], "size": [4, 3, 0.57958], "uv": [25, 0], "mirror": true},
          {"origin": [-24, 22.7213, -35.90192], "size": [2, 2, 1], "uv": [102, 102], "mirror": true},
          {"origin": [-24.70711, 23.01418, -35.90192], "size": [1, 1, 1], "uv": [16, 7], "mirror": true}
        ]
      },
      {
        "name": "bone198",
        "parent": "bone197",
        "pivot": [-21, 15, -36.5],
        "rotation": [0, 0, -45],
        "cubes": [
          {"origin": [-17.24733, 22.99531, -35.90192], "size": [1, 1, 1], "uv": [16, 7], "mirror": true},
          {"origin": [-17.24733, 22.99531, -35.90192], "size": [1, 1, 1], "uv": [16, 7], "mirror": true}
        ]
      },
      {
        "name": "bone199",
        "parent": "section13",
        "pivot": [-21, 15, -36],
        "rotation": [-60, 0, 0],
        "cubes": [
          {"origin": [-25, 19.73717, -36.73688], "size": [4, 3, 0.57958], "uv": [25, 0], "mirror": true},
          {"origin": [-24, 22.73717, -36.94709], "size": [2, 2, 1], "uv": [102, 102], "mirror": true},
          {"origin": [-24.70711, 23.03005, -36.94709], "size": [1, 1, 1], "uv": [16, 7], "mirror": true}
        ]
      },
      {
        "name": "bone200",
        "parent": "bone199",
        "pivot": [-21, 15, -36.5],
        "rotation": [0, 0, -45],
        "cubes": [
          {"origin": [-17.23611, 23.00653, -36.94709], "size": [1, 1, 1], "uv": [16, 7], "mirror": true},
          {"origin": [-17.23611, 23.00653, -36.94709], "size": [1, 1, 1], "uv": [16, 7], "mirror": true}
        ]
      },
      {
        "name": "section14",
        "parent": "circleFrontLeft2",
        "pivot": [-21, 15, -36],
        "rotation": [72, 0, 0]
      },
      {
        "name": "bone201",
        "parent": "section14",
        "pivot": [-21, 15, -36],
        "cubes": [
          {"origin": [-25, 10.02592, -37.90689], "size": [4, 3, 0.57958], "uv": [25, 0], "mirror": true},
          {"origin": [-24, 13.02592, -38.1171], "size": [2, 2, 1], "uv": [102, 102], "mirror": true},
          {"origin": [-24.70711, 13.3188, -38.1171], "size": [1, 1, 1], "uv": [16, 7], "mirror": true}
        ]
      },
      {
        "name": "bone202",
        "parent": "bone201",
        "pivot": [-21, 15, -36.5],
        "rotation": [0, 0, -45],
        "cubes": [
          {"origin": [-24.103, 16.13964, -38.1171], "size": [1, 1, 1], "uv": [16, 7], "mirror": true},
          {"origin": [-24.103, 16.13964, -38.1171], "size": [1, 1, 1], "uv": [16, 7], "mirror": true}
        ]
      },
      {
        "name": "bone203",
        "parent": "section14",
        "pivot": [-21, 15, -36],
        "rotation": [-12, 0, 0],
        "cubes": [
          {"origin": [-25, 9.7931, -36.88787], "size": [4, 3, 0.57958], "uv": [25, 0], "mirror": true},
          {"origin": [-24, 12.7931, -37.09808], "size": [2, 2, 1], "uv": [102, 102], "mirror": true},
          {"origin": [-24.70711, 13.08597, -37.09808], "size": [1, 1, 1], "uv": [16, 7], "mirror": true}
        ]
      },
      {
        "name": "bone204",
        "parent": "bone203",
        "pivot": [-21, 15, -36.5],
        "rotation": [0, 0, -45],
        "cubes": [
          {"origin": [-24.26763, 15.97501, -37.09808], "size": [1, 1, 1], "uv": [16, 7], "mirror": true},
          {"origin": [-24.26763, 15.97501, -37.09808], "size": [1, 1, 1], "uv": [16, 7], "mirror": true}
        ]
      },
      {
        "name": "bone205",
        "parent": "section14",
        "pivot": [-21, 15, -36],
        "rotation": [-24, 0, 0],
        "cubes": [
          {"origin": [-25, 9.77723, -35.8427], "size": [4, 3, 0.57958], "uv": [25, 0], "mirror": true},
          {"origin": [-24, 12.77723, -36.05291], "size": [2, 2, 1], "uv": [102, 102], "mirror": true},
          {"origin": [-24.70711, 13.0701, -36.05291], "size": [1, 1, 1], "uv": [16, 7], "mirror": true}
        ]
      },
      {
        "name": "bone206",
        "parent": "bone205",
        "pivot": [-21, 15, -36.5],
        "rotation": [0, 0, -45],
        "cubes": [
          {"origin": [-24.27886, 15.96378, -36.05291], "size": [1, 1, 1], "uv": [16, 7], "mirror": true},
          {"origin": [-24.27886, 15.96378, -36.05291], "size": [1, 1, 1], "uv": [16, 7], "mirror": true}
        ]
      },
      {
        "name": "bone207",
        "parent": "section14",
        "pivot": [-21, 15, -36],
        "rotation": [-36, 0, 0],
        "cubes": [
          {"origin": [-25, 9.97901, -34.81708], "size": [4, 3, 0.57958], "uv": [25, 0], "mirror": true},
          {"origin": [-24, 12.97901, -35.02729], "size": [2, 2, 1], "uv": [102, 102], "mirror": true},
          {"origin": [-24.70711, 13.27188, -35.02729], "size": [1, 1, 1], "uv": [16, 7], "mirror": true}
        ]
      },
      {
        "name": "bone208",
        "parent": "bone207",
        "pivot": [-21, 15, -36.5],
        "rotation": [0, 0, -45],
        "cubes": [
          {"origin": [-24.13618, 16.10646, -35.02729], "size": [1, 1, 1], "uv": [16, 7], "mirror": true},
          {"origin": [-24.13618, 16.10646, -35.02729], "size": [1, 1, 1], "uv": [16, 7], "mirror": true}
        ]
      },
      {
        "name": "bone209",
        "parent": "section14",
        "pivot": [-21, 15, -36],
        "rotation": [-48, 0, 0],
        "cubes": [
          {"origin": [-25, 10.38962, -33.85582], "size": [4, 3, 0.57958], "uv": [25, 0], "mirror": true},
          {"origin": [-24, 13.38962, -34.06603], "size": [2, 2, 1], "uv": [102, 102], "mirror": true},
          {"origin": [-24.70711, 13.68249, -34.06603], "size": [1, 1, 1], "uv": [16, 7], "mirror": true}
        ]
      },
      {
        "name": "bone210",
        "parent": "bone209",
        "pivot": [-21, 15, -36.5],
        "rotation": [0, 0, -45],
        "cubes": [
          {"origin": [-23.84583, 16.39681, -34.06603], "size": [1, 1, 1], "uv": [16, 7], "mirror": true},
          {"origin": [-23.84583, 16.39681, -34.06603], "size": [1, 1, 1], "uv": [16, 7], "mirror": true}
        ]
      },
      {
        "name": "bone211",
        "parent": "section14",
        "pivot": [-21, 15, -36],
        "rotation": [-60, 0, 0],
        "cubes": [
          {"origin": [-25, 10.99111, -33.00094], "size": [4, 3, 0.57958], "uv": [25, 0], "mirror": true},
          {"origin": [-24, 13.99111, -33.21114], "size": [2, 2, 1], "uv": [102, 102], "mirror": true},
          {"origin": [-24.70711, 14.28399, -33.21114], "size": [1, 1, 1], "uv": [16, 7], "mirror": true}
        ]
      },
      {
        "name": "bone212",
        "parent": "bone211",
        "pivot": [-21, 15, -36.5],
        "rotation": [0, 0, -45],
        "cubes": [
          {"origin": [-23.42051, 16.82213, -33.21114], "size": [1, 1, 1], "uv": [16, 7], "mirror": true},
          {"origin": [-23.42051, 16.82213, -33.21114], "size": [1, 1, 1], "uv": [16, 7], "mirror": true}
        ]
      },
      {
        "name": "section15",
        "parent": "circleFrontLeft2",
        "pivot": [-21, 15, -36],
        "rotation": [144, 0, 0]
      },
      {
        "name": "bone213",
        "parent": "section15",
        "pivot": [-21, 15, -36],
        "cubes": [
          {"origin": [-25, 14.83311, -41.28922], "size": [4, 3, 0.57958], "uv": [25, 0], "mirror": true},
          {"origin": [-24, 17.83311, -41.49942], "size": [2, 2, 1], "uv": [102, 102], "mirror": true},
          {"origin": [-24.70711, 18.12599, -41.49942], "size": [1, 1, 1], "uv": [16, 7], "mirror": true}
        ]
      },
      {
        "name": "bone214",
        "parent": "bone213",
        "pivot": [-21, 15, -36.5],
        "rotation": [0, 0, -45],
        "cubes": [
          {"origin": [-20.70381, 19.53883, -41.49942], "size": [1, 1, 1], "uv": [16, 7], "mirror": true},
          {"origin": [-20.70381, 19.53883, -41.49942], "size": [1, 1, 1], "uv": [16, 7], "mirror": true}
        ]
      },
      {
        "name": "bone215",
        "parent": "section15",
        "pivot": [-21, 15, -36],
        "rotation": [-12, 0, 0],
        "cubes": [
          {"origin": [-25, 13.79201, -41.19575], "size": [4, 3, 0.57958], "uv": [25, 0], "mirror": true},
          {"origin": [-24, 16.79201, -41.40596], "size": [2, 2, 1], "uv": [102, 102], "mirror": true},
          {"origin": [-24.70711, 17.08489, -41.40596], "size": [1, 1, 1], "uv": [16, 7], "mirror": true}
        ]
      },
      {
        "name": "bone216",
        "parent": "bone215",
        "pivot": [-21, 15, -36.5],
        "rotation": [0, 0, -45],
        "cubes": [
          {"origin": [-21.43998, 18.80267, -41.40596], "size": [1, 1, 1], "uv": [16, 7], "mirror": true},
          {"origin": [-21.43998, 18.80267, -41.40596], "size": [1, 1, 1], "uv": [16, 7], "mirror": true}
        ]
      },
      {
        "name": "bone217",
        "parent": "section15",
        "pivot": [-21, 15, -36],
        "rotation": [-24, 0, 0],
        "cubes": [
          {"origin": [-25, 12.7931, -40.88787], "size": [4, 3, 0.57958], "uv": [25, 0], "mirror": true},
          {"origin": [-24, 15.7931, -41.09808], "size": [2, 2, 1], "uv": [102, 102], "mirror": true},
          {"origin": [-24.70711, 16.08597, -41.09808], "size": [1, 1, 1], "uv": [16, 7], "mirror": true}
        ]
      },
      {
        "name": "bone218",
        "parent": "bone217",
        "pivot": [-21, 15, -36.5],
        "rotation": [0, 0, -45],
        "cubes": [
          {"origin": [-22.14631, 18.09633, -41.09808], "size": [1, 1, 1], "uv": [16, 7], "mirror": true},
          {"origin": [-22.14631, 18.09633, -41.09808], "size": [1, 1, 1], "uv": [16, 7], "mirror": true}
        ]
      },
      {
        "name": "bone219",
        "parent": "section15",
        "pivot": [-21, 15, -36],
        "rotation": [-36, 0, 0],
        "cubes": [
          {"origin": [-25, 11.88002, -40.37903], "size": [4, 3, 0.57958], "uv": [25, 0], "mirror": true},
          {"origin": [-24, 14.88002, -40.58924], "size": [2, 2, 1], "uv": [102, 102], "mirror": true},
          {"origin": [-24.70711, 15.1729, -40.58924], "size": [1, 1, 1], "uv": [16, 7], "mirror": true}
        ]
      },
      {
        "name": "bone220",
        "parent": "bone219",
        "pivot": [-21, 15, -36.5],
        "rotation": [0, 0, -45],
        "cubes": [
          {"origin": [-22.79195, 17.45069, -40.58924], "size": [1, 1, 1], "uv": [16, 7], "mirror": true},
          {"origin": [-22.79195, 17.45069, -40.58924], "size": [1, 1, 1], "uv": [16, 7], "mirror": true}
        ]
      },
      {
        "name": "bone221",
        "parent": "section15",
        "pivot": [-21, 15, -36],
        "rotation": [-48, 0, 0],
        "cubes": [
          {"origin": [-25, 11.0927, -39.69147], "size": [4, 3, 0.57958], "uv": [25, 0], "mirror": true},
          {"origin": [-24, 14.0927, -39.90168], "size": [2, 2, 1], "uv": [102, 102], "mirror": true},
          {"origin": [-24.70711, 14.38557, -39.90168], "size": [1, 1, 1], "uv": [16, 7], "mirror": true}
        ]
      },
      {
        "name": "bone222",
        "parent": "bone221",
        "pivot": [-21, 15, -36.5],
        "rotation": [0, 0, -45],
        "cubes": [
          {"origin": [-23.34868, 16.89396, -39.90168], "size": [1, 1, 1], "uv": [16, 7], "mirror": true},
          {"origin": [-23.34868, 16.89396, -39.90168], "size": [1, 1, 1], "uv": [16, 7], "mirror": true}
        ]
      },
      {
        "name": "bone223",
        "parent": "section15",
        "pivot": [-21, 15, -36],
        "rotation": [-60, 0, 0],
        "cubes": [
          {"origin": [-25, 10.46553, -38.85524], "size": [4, 3, 0.57958], "uv": [25, 0], "mirror": true},
          {"origin": [-24, 13.46553, -39.06545], "size": [2, 2, 1], "uv": [102, 102], "mirror": true},
          {"origin": [-24.70711, 13.7584, -39.06545], "size": [1, 1, 1], "uv": [16, 7], "mirror": true}
        ]
      },
      {
        "name": "bone224",
        "parent": "bone223",
        "pivot": [-21, 15, -36.5],
        "rotation": [0, 0, -45],
        "cubes": [
          {"origin": [-23.79216, 16.45049, -39.06545], "size": [1, 1, 1], "uv": [16, 7], "mirror": true},
          {"origin": [-23.79216, 16.45049, -39.06545], "size": [1, 1, 1], "uv": [16, 7], "mirror": true}
        ]
      },
      {
        "name": "section16",
        "parent": "circleFrontLeft2",
        "pivot": [-21, 15, -36],
        "rotation": [-144, 0, 0]
      },
      {
        "name": "bone225",
        "parent": "section16",
        "pivot": [-21, 15, -36],
        "cubes": [
          {"origin": [-25, 19.53539, -37.7625], "size": [4, 3, 0.57958], "uv": [25, 0], "mirror": true},
          {"origin": [-24, 22.53539, -37.97271], "size": [2, 2, 1], "uv": [102, 102], "mirror": true},
          {"origin": [-24.70711, 22.82827, -37.97271], "size": [1, 1, 1], "uv": [16, 7], "mirror": true}
        ]
      },
      {
        "name": "bone226",
        "parent": "bone225",
        "pivot": [-21, 15, -36.5],
        "rotation": [0, 0, -45],
        "cubes": [
          {"origin": [-17.37879, 22.86385, -37.97271], "size": [1, 1, 1], "uv": [16, 7], "mirror": true},
          {"origin": [-17.37879, 22.86385, -37.97271], "size": [1, 1, 1], "uv": [16, 7], "mirror": true}
        ]
      },
      {
        "name": "bone227",
        "parent": "section16",
        "pivot": [-21, 15, -36],
        "rotation": [-12, 0, 0],
        "cubes": [
          {"origin": [-25, 19.12478, -38.72376], "size": [4, 3, 0.57958], "uv": [25, 0], "mirror": true},
          {"origin": [-24, 22.12478, -38.93397], "size": [2, 2, 1], "uv": [102, 102], "mirror": true},
          {"origin": [-24.70711, 22.41766, -38.93397], "size": [1, 1, 1], "uv": [16, 7], "mirror": true}
        ]
      },
      {
        "name": "bone228",
        "parent": "bone227",
        "pivot": [-21, 15, -36.5],
        "rotation": [0, 0, -45],
        "cubes": [
          {"origin": [-17.66914, 22.5735, -38.93397], "size": [1, 1, 1], "uv": [16, 7], "mirror": true},
          {"origin": [-17.66914, 22.5735, -38.93397], "size": [1, 1, 1], "uv": [16, 7], "mirror": true}
        ]
      },
      {
        "name": "bone229",
        "parent": "section16",
        "pivot": [-21, 15, -36],
        "rotation": [-24, 0, 0],
        "cubes": [
          {"origin": [-25, 18.52329, -39.57865], "size": [4, 3, 0.57958], "uv": [25, 0], "mirror": true},
          {"origin": [-24, 21.52329, -39.78886], "size": [2, 2, 1], "uv": [102, 102], "mirror": true},
          {"origin": [-24.70711, 21.81617, -39.78886], "size": [1, 1, 1], "uv": [16, 7], "mirror": true}
        ]
      },
      {
        "name": "bone230",
        "parent": "bone229",
        "pivot": [-21, 15, -36.5],
        "rotation": [0, 0, -45],
        "cubes": [
          {"origin": [-18.09446, 22.14818, -39.78886], "size": [1, 1, 1], "uv": [16, 7], "mirror": true},
          {"origin": [-18.09446, 22.14818, -39.78886], "size": [1, 1, 1], "uv": [16, 7], "mirror": true}
        ]
      },
      {
        "name": "bone231",
        "parent": "section16",
        "pivot": [-21, 15, -36],
        "rotation": [-36, 0, 0],
        "cubes": [
          {"origin": [-25, 17.7572, -40.28979], "size": [4, 3, 0.57958], "uv": [25, 0], "mirror": true},
          {"origin": [-24, 20.7572, -40.5], "size": [2, 2, 1], "uv": [102, 102], "mirror": true},
          {"origin": [-24.70711, 21.05008, -40.5], "size": [1, 1, 1], "uv": [16, 7], "mirror": true}
        ]
      },
      {
        "name": "bone232",
        "parent": "bone231",
        "pivot": [-21, 15, -36.5],
        "rotation": [0, 0, -45],
        "cubes": [
          {"origin": [-18.63616, 21.60648, -40.5], "size": [1, 1, 1], "uv": [16, 7], "mirror": true},
          {"origin": [-18.63616, 21.60648, -40.5], "size": [1, 1, 1], "uv": [16, 7], "mirror": true}
        ]
      },
      {
        "name": "bone233",
        "parent": "section16",
        "pivot": [-21, 15, -36],
        "rotation": [-48, 0, 0],
        "cubes": [
          {"origin": [-25, 16.86, -40.82612], "size": [4, 3, 0.57958], "uv": [25, 0], "mirror": true},
          {"origin": [-24, 19.86, -41.03633], "size": [2, 2, 1], "uv": [102, 102], "mirror": true},
          {"origin": [-24.70711, 20.15287, -41.03633], "size": [1, 1, 1], "uv": [16, 7], "mirror": true}
        ]
      },
      {
        "name": "bone234",
        "parent": "bone233",
        "pivot": [-21, 15, -36.5],
        "rotation": [0, 0, -45],
        "cubes": [
          {"origin": [-19.27058, 20.97206, -41.03633], "size": [1, 1, 1], "uv": [16, 7], "mirror": true},
          {"origin": [-19.27058, 20.97206, -41.03633], "size": [1, 1, 1], "uv": [16, 7], "mirror": true}
        ]
      },
      {
        "name": "bone235",
        "parent": "section16",
        "pivot": [-21, 15, -36],
        "rotation": [-60, 0, 0],
        "cubes": [
          {"origin": [-25, 15.87089, -41.16418], "size": [4, 3, 0.57958], "uv": [25, 0], "mirror": true},
          {"origin": [-24, 18.87089, -41.37439], "size": [2, 2, 1], "uv": [102, 102], "mirror": true},
          {"origin": [-24.70711, 19.16377, -41.37439], "size": [1, 1, 1], "uv": [16, 7], "mirror": true}
        ]
      },
      {
        "name": "bone236",
        "parent": "bone235",
        "pivot": [-21, 15, -36.5],
        "rotation": [0, 0, -45],
        "cubes": [
          {"origin": [-19.96999, 20.27265, -41.37439], "size": [1, 1, 1], "uv": [16, 7], "mirror": true},
          {"origin": [-19.96999, 20.27265, -41.37439], "size": [1, 1, 1], "uv": [16, 7], "mirror": true}
        ]
      },
      {
        "name": "bone237",
        "parent": "seatLeft2",
        "pivot": [0, 17, 29],
        "rotation": [-15, 0, 0]
      },
      {
        "name": "bone238",
        "parent": "bone237",
        "pivot": [0, 0, 0],
        "cubes": [
          {"origin": [-32, 34.6028, 21.67243], "size": [8, 4, 6], "uv": [215, 10], "mirror": true},
          {"origin": [-32, 34.6028, 27.5], "size": [8, 4, 3], "uv": [40, 227], "mirror": true},
          {"origin": [-32, 19.59898, 27.5], "size": [3, 15, 3], "uv": [61, 241], "mirror": true},
          {"origin": [-32, 34.60279, 30.32757], "size": [8, 4, 6], "uv": [215, 10], "mirror": true}
        ]
      },
      {
        "name": "bone239",
        "parent": "bone237",
        "pivot": [0, 17, 29],
        "cubes": [
          {"origin": [-32, 11, 28], "size": [3, 6, 2], "uv": [170, 217], "mirror": true}
        ]
      },
      {
        "name": "bone240",
        "parent": "bone237",
        "pivot": [0, 17, 29],
        "rotation": [20, 0, 0],
        "cubes": [
          {"origin": [-32, 11.01982, 27.88757], "size": [3, 6, 2], "uv": [170, 217], "mirror": true}
        ]
      },
      {
        "name": "bone241",
        "parent": "bone237",
        "pivot": [0, 17, 29],
        "rotation": [40, 0, 0],
        "cubes": [
          {"origin": [-32, 11.07691, 27.7887], "size": [3, 6, 2], "uv": [170, 217], "mirror": true}
        ]
      },
      {
        "name": "bone242",
        "parent": "bone237",
        "pivot": [0, 17, 29],
        "rotation": [60, 0, 0],
        "cubes": [
          {"origin": [-32, 11.16436, 27.71532], "size": [3, 6, 2], "uv": [170, 217], "mirror": true}
        ]
      },
      {
        "name": "bone243",
        "parent": "bone237",
        "pivot": [0, 17, 29],
        "rotation": [80, 0, 0],
        "cubes": [
          {"origin": [-32, 11.27164, 27.67628], "size": [3, 6, 2], "uv": [170, 217], "mirror": true}
        ]
      },
      {
        "name": "bone244",
        "parent": "bone237",
        "pivot": [0, 17, 29],
        "rotation": [85, 0, 0],
        "cubes": [
          {"origin": [-32, 11.23449, 29.17444], "size": [3, 6, 18], "uv": [146, 217], "mirror": true}
        ]
      },
      {
        "name": "bone245",
        "parent": "bone237",
        "pivot": [0, 17, 29],
        "rotation": [-20, 0, 0],
        "cubes": [
          {"origin": [-32, 11.01982, 28.11243], "size": [3, 6, 2], "uv": [170, 217], "mirror": true}
        ]
      },
      {
        "name": "bone246",
        "parent": "bone237",
        "pivot": [0, 17, 29],
        "rotation": [-40, 0, 0],
        "cubes": [
          {"origin": [-32, 11.07691, 28.2113], "size": [3, 6, 2], "uv": [170, 217], "mirror": true}
        ]
      },
      {
        "name": "bone247",
        "parent": "bone237",
        "pivot": [0, 17, 29],
        "rotation": [-60, 0, 0],
        "cubes": [
          {"origin": [-32, 11.16436, 28.28468], "size": [3, 6, 2], "uv": [170, 217], "mirror": true}
        ]
      },
      {
        "name": "bone248",
        "parent": "bone237",
        "pivot": [0, 17, 29],
        "rotation": [-80, 0, 0],
        "cubes": [
          {"origin": [-32, 11.27164, 28.32372], "size": [3, 6, 2], "uv": [170, 217], "mirror": true}
        ]
      },
      {
        "name": "bone249",
        "parent": "bone237",
        "pivot": [0, 17, 29],
        "rotation": [-85, 0, 0],
        "cubes": [
          {"origin": [-32, 11.23449, 10.82556], "size": [3, 6, 18], "uv": [188, 217], "mirror": true}
        ]
      },
      {
        "name": "rollerFront",
        "parent": "main",
        "pivot": [0, 12, -32]
      },
      {
        "name": "section1",
        "parent": "rollerFront",
        "pivot": [0, 12, -32]
      },
      {
        "name": "bone13",
        "parent": "section1",
        "pivot": [0, 12, -32],
        "cubes": [
          {"origin": [-22.5, 23.39363, -33.5], "size": [45, 0, 3], "uv": [198, 105]},
          {"origin": [-21.5, 15.39363, -33.5], "size": [43, 8, 3], "uv": [206, 113]}
        ]
      },
      {
        "name": "bone14",
        "parent": "section1",
        "pivot": [0, 12, -32],
        "rotation": [-15, 0, 0],
        "cubes": [
          {"origin": [-22.5, 23.39363, -33.5], "size": [45, 0, 3], "uv": [198, 105]},
          {"origin": [-21.5, 15.39363, -33.5], "size": [43, 8, 3], "uv": [206, 113]}
        ]
      },
      {
        "name": "bone15",
        "parent": "section1",
        "pivot": [0, 12, -32],
        "rotation": [-30, 0, 0],
        "cubes": [
          {"origin": [-22.5, 23.39363, -33.5], "size": [45, 0, 3], "uv": [198, 105]},
          {"origin": [-21.5, 15.39363, -33.5], "size": [43, 8, 3], "uv": [206, 113]}
        ]
      },
      {
        "name": "bone16",
        "parent": "section1",
        "pivot": [0, 12, -32],
        "rotation": [-45, 0, 0],
        "cubes": [
          {"origin": [-22.5, 23.39363, -33.5], "size": [45, 0, 3], "uv": [198, 105]},
          {"origin": [-21.5, 15.39363, -33.5], "size": [43, 8, 3], "uv": [206, 113]}
        ]
      },
      {
        "name": "bone17",
        "parent": "section1",
        "pivot": [0, 12, -32],
        "rotation": [-60, 0, 0],
        "cubes": [
          {"origin": [-22.5, 23.39363, -33.5], "size": [45, 0, 3], "uv": [198, 105]},
          {"origin": [-21.5, 15.39363, -33.5], "size": [43, 8, 3], "uv": [206, 113]}
        ]
      },
      {
        "name": "bone18",
        "parent": "section1",
        "pivot": [0, 12, -32],
        "rotation": [-75, 0, 0],
        "cubes": [
          {"origin": [-22.5, 23.39363, -33.5], "size": [45, 0, 3], "uv": [198, 105]},
          {"origin": [-21.5, 15.39363, -33.5], "size": [43, 8, 3], "uv": [206, 113]}
        ]
      },
      {
        "name": "section2",
        "parent": "rollerFront",
        "pivot": [0, 12, -32],
        "rotation": [-90, 0, 0]
      },
      {
        "name": "bone19",
        "parent": "section2",
        "pivot": [0, 12, -32],
        "cubes": [
          {"origin": [-22.5, 23.39363, -33.5], "size": [45, 0, 3], "uv": [198, 105]},
          {"origin": [-21.5, 15.39363, -33.5], "size": [43, 8, 3], "uv": [206, 113]}
        ]
      },
      {
        "name": "bone20",
        "parent": "section2",
        "pivot": [0, 12, -32],
        "rotation": [-15, 0, 0],
        "cubes": [
          {"origin": [-22.5, 23.39363, -33.5], "size": [45, 0, 3], "uv": [198, 105]},
          {"origin": [-21.5, 15.39363, -33.5], "size": [43, 8, 3], "uv": [206, 113]}
        ]
      },
      {
        "name": "bone21",
        "parent": "section2",
        "pivot": [0, 12, -32],
        "rotation": [-30, 0, 0],
        "cubes": [
          {"origin": [-22.5, 23.39363, -33.5], "size": [45, 0, 3], "uv": [198, 105]},
          {"origin": [-21.5, 15.39363, -33.5], "size": [43, 8, 3], "uv": [206, 113]}
        ]
      },
      {
        "name": "bone22",
        "parent": "section2",
        "pivot": [0, 12, -32],
        "rotation": [-45, 0, 0],
        "cubes": [
          {"origin": [-22.5, 23.39363, -33.5], "size": [45, 0, 3], "uv": [198, 105]},
          {"origin": [-21.5, 15.39363, -33.5], "size": [43, 8, 3], "uv": [206, 113]}
        ]
      },
      {
        "name": "bone23",
        "parent": "section2",
        "pivot": [0, 12, -32],
        "rotation": [-60, 0, 0],
        "cubes": [
          {"origin": [-22.5, 23.39363, -33.5], "size": [45, 0, 3], "uv": [198, 105]},
          {"origin": [-21.5, 15.39363, -33.5], "size": [43, 8, 3], "uv": [206, 113]}
        ]
      },
      {
        "name": "bone24",
        "parent": "section2",
        "pivot": [0, 12, -32],
        "rotation": [-75, 0, 0],
        "cubes": [
          {"origin": [-22.5, 23.39363, -33.5], "size": [45, 0, 3], "uv": [198, 105]},
          {"origin": [-21.5, 15.39363, -33.5], "size": [43, 8, 3], "uv": [206, 113]}
        ]
      },
      {
        "name": "section3",
        "parent": "rollerFront",
        "pivot": [0, 12, -32],
        "rotation": [90, 0, 0]
      },
      {
        "name": "bone25",
        "parent": "section3",
        "pivot": [0, 12, -32],
        "cubes": [
          {"origin": [-22.5, 23.39363, -33.5], "size": [45, 0, 3], "uv": [198, 105]},
          {"origin": [-21.5, 15.39363, -33.5], "size": [43, 8, 3], "uv": [206, 113]}
        ]
      },
      {
        "name": "bone26",
        "parent": "section3",
        "pivot": [0, 12, -32],
        "rotation": [-15, 0, 0],
        "cubes": [
          {"origin": [-22.5, 23.39363, -33.5], "size": [45, 0, 3], "uv": [198, 105]},
          {"origin": [-21.5, 15.39363, -33.5], "size": [43, 8, 3], "uv": [206, 113]}
        ]
      },
      {
        "name": "bone27",
        "parent": "section3",
        "pivot": [0, 12, -32],
        "rotation": [-30, 0, 0],
        "cubes": [
          {"origin": [-22.5, 23.39363, -33.5], "size": [45, 0, 3], "uv": [198, 105]},
          {"origin": [-21.5, 15.39363, -33.5], "size": [43, 8, 3], "uv": [206, 113]}
        ]
      },
      {
        "name": "bone28",
        "parent": "section3",
        "pivot": [0, 12, -32],
        "rotation": [-45, 0, 0],
        "cubes": [
          {"origin": [-22.5, 23.39363, -33.5], "size": [45, 0, 3], "uv": [198, 105]},
          {"origin": [-21.5, 15.39363, -33.5], "size": [43, 8, 3], "uv": [206, 113]}
        ]
      },
      {
        "name": "bone29",
        "parent": "section3",
        "pivot": [0, 12, -32],
        "rotation": [-60, 0, 0],
        "cubes": [
          {"origin": [-22.5, 23.39363, -33.5], "size": [45, 0, 3], "uv": [198, 105]},
          {"origin": [-21.5, 15.39363, -33.5], "size": [43, 8, 3], "uv": [206, 113]}
        ]
      },
      {
        "name": "bone30",
        "parent": "section3",
        "pivot": [0, 12, -32],
        "rotation": [-75, 0, 0],
        "cubes": [
          {"origin": [-22.5, 23.39363, -33.5], "size": [45, 0, 3], "uv": [198, 105]},
          {"origin": [-21.5, 15.39363, -33.5], "size": [43, 8, 3], "uv": [206, 113]}
        ]
      },
      {
        "name": "section4",
        "parent": "rollerFront",
        "pivot": [0, 12, -32],
        "rotation": [180, 0, 0]
      },
      {
        "name": "bone31",
        "parent": "section4",
        "pivot": [0, 12, -32],
        "cubes": [
          {"origin": [-22.5, 23.39363, -33.5], "size": [45, 0, 3], "uv": [198, 105]},
          {"origin": [-21.5, 15.39363, -33.5], "size": [43, 8, 3], "uv": [206, 113]}
        ]
      },
      {
        "name": "bone32",
        "parent": "section4",
        "pivot": [0, 12, -32],
        "rotation": [-15, 0, 0],
        "cubes": [
          {"origin": [-22.5, 23.39363, -33.5], "size": [45, 0, 3], "uv": [198, 105]},
          {"origin": [-21.5, 15.39363, -33.5], "size": [43, 8, 3], "uv": [206, 113]}
        ]
      },
      {
        "name": "bone33",
        "parent": "section4",
        "pivot": [0, 12, -32],
        "rotation": [-30, 0, 0],
        "cubes": [
          {"origin": [-22.5, 23.39363, -33.5], "size": [45, 0, 3], "uv": [198, 105]},
          {"origin": [-21.5, 15.39363, -33.5], "size": [43, 8, 3], "uv": [206, 113]}
        ]
      },
      {
        "name": "bone34",
        "parent": "section4",
        "pivot": [0, 12, -32],
        "rotation": [-45, 0, 0],
        "cubes": [
          {"origin": [-22.5, 23.39363, -33.5], "size": [45, 0, 3], "uv": [198, 105]},
          {"origin": [-21.5, 15.39363, -33.5], "size": [43, 8, 3], "uv": [206, 113]}
        ]
      },
      {
        "name": "bone35",
        "parent": "section4",
        "pivot": [0, 12, -32],
        "rotation": [-60, 0, 0],
        "cubes": [
          {"origin": [-22.5, 23.39363, -33.5], "size": [45, 0, 3], "uv": [198, 105]},
          {"origin": [-21.5, 15.39363, -33.5], "size": [43, 8, 3], "uv": [206, 113]}
        ]
      },
      {
        "name": "bone36",
        "parent": "section4",
        "pivot": [0, 12, -32],
        "rotation": [-75, 0, 0],
        "cubes": [
          {"origin": [-22.5, 23.39363, -33.5], "size": [45, 0, 3], "uv": [198, 105]},
          {"origin": [-21.5, 15.39363, -33.5], "size": [43, 8, 3], "uv": [206, 113]}
        ]
      },
      {
        "name": "rollerRear",
        "parent": "main",
        "pivot": [0, 17, 29]
      },
      {
        "name": "section9",
        "parent": "rollerRear",
        "pivot": [0, 17, 29]
      },
      {
        "name": "bone98",
        "parent": "section9",
        "pivot": [0, 17, 29],
        "cubes": [
          {"origin": [-28, 21.01385, 26], "size": [56, 13, 6], "uv": [0, 34]},
          {"origin": [-29, 34.01385, 26], "size": [58, 0, 6], "uv": [0, 78]}
        ]
      },
      {
        "name": "bone97",
        "parent": "section9",
        "pivot": [0, 17, 29],
        "rotation": [-20, 0, 0],
        "cubes": [
          {"origin": [-28, 21.01385, 26], "size": [56, 13, 6], "uv": [0, 34]},
          {"origin": [-29, 34.01385, 26], "size": [58, 0, 6], "uv": [0, 78]}
        ]
      },
      {
        "name": "bone99",
        "parent": "section9",
        "pivot": [0, 17, 29],
        "rotation": [-40, 0, 0],
        "cubes": [
          {"origin": [-28, 21.01385, 26], "size": [56, 13, 6], "uv": [0, 34]},
          {"origin": [-29, 34.01385, 26], "size": [58, 0, 6], "uv": [0, 78]}
        ]
      },
      {
        "name": "bone100",
        "parent": "section9",
        "pivot": [0, 17, 29],
        "rotation": [-60, 0, 0],
        "cubes": [
          {"origin": [-28, 21.01385, 26], "size": [56, 13, 6], "uv": [0, 34]},
          {"origin": [-29, 34.01385, 26], "size": [58, 0, 6], "uv": [0, 78]}
        ]
      },
      {
        "name": "bone101",
        "parent": "section9",
        "pivot": [0, 17, 29],
        "rotation": [-80, 0, 0],
        "cubes": [
          {"origin": [-28, 21.01385, 26], "size": [56, 13, 6], "uv": [0, 34]},
          {"origin": [-29, 34.01385, 26], "size": [58, 0, 6], "uv": [0, 78]}
        ]
      },
      {
        "name": "bone102",
        "parent": "section9",
        "pivot": [0, 17, 29],
        "rotation": [-100, 0, 0],
        "cubes": [
          {"origin": [-28, 21.01385, 26], "size": [56, 13, 6], "uv": [0, 34]},
          {"origin": [-29, 34.01385, 26], "size": [58, 0, 6], "uv": [0, 78]}
        ]
      },
      {
        "name": "section10",
        "parent": "rollerRear",
        "pivot": [0, 17, 29],
        "rotation": [-120, 0, 0]
      },
      {
        "name": "bone103",
        "parent": "section10",
        "pivot": [0, 17, 29],
        "cubes": [
          {"origin": [-28, 21.01385, 26], "size": [56, 13, 6], "uv": [0, 34]},
          {"origin": [-29, 34.01385, 26], "size": [58, 0, 6], "uv": [0, 78]}
        ]
      },
      {
        "name": "bone104",
        "parent": "section10",
        "pivot": [0, 17, 29],
        "rotation": [-20, 0, 0],
        "cubes": [
          {"origin": [-28, 21.01385, 26], "size": [56, 13, 6], "uv": [0, 34]},
          {"origin": [-29, 34.01385, 26], "size": [58, 0, 6], "uv": [0, 78]}
        ]
      },
      {
        "name": "bone105",
        "parent": "section10",
        "pivot": [0, 17, 29],
        "rotation": [-40, 0, 0],
        "cubes": [
          {"origin": [-28, 21.01385, 26], "size": [56, 13, 6], "uv": [0, 34]},
          {"origin": [-29, 34.01385, 26], "size": [58, 0, 6], "uv": [0, 78]}
        ]
      },
      {
        "name": "bone106",
        "parent": "section10",
        "pivot": [0, 17, 29],
        "rotation": [-60, 0, 0],
        "cubes": [
          {"origin": [-28, 21.01385, 26], "size": [56, 13, 6], "uv": [0, 34]},
          {"origin": [-29, 34.01385, 26], "size": [58, 0, 6], "uv": [0, 78]}
        ]
      },
      {
        "name": "bone107",
        "parent": "section10",
        "pivot": [0, 17, 29],
        "rotation": [-80, 0, 0],
        "cubes": [
          {"origin": [-28, 21.01385, 26], "size": [56, 13, 6], "uv": [0, 34]},
          {"origin": [-29, 34.01385, 26], "size": [58, 0, 6], "uv": [0, 78]}
        ]
      },
      {
        "name": "bone108",
        "parent": "section10",
        "pivot": [0, 17, 29],
        "rotation": [-100, 0, 0],
        "cubes": [
          {"origin": [-28, 21.01385, 26], "size": [56, 13, 6], "uv": [0, 34]},
          {"origin": [-29, 34.01385, 26], "size": [58, 0, 6], "uv": [0, 78]}
        ]
      },
      {
        "name": "section11",
        "parent": "rollerRear",
        "pivot": [0, 17, 29],
        "rotation": [120, 0, 0]
      },
      {
        "name": "bone109",
        "parent": "section11",
        "pivot": [0, 17, 29],
        "cubes": [
          {"origin": [-28, 21.01385, 26], "size": [56, 13, 6], "uv": [0, 34]},
          {"origin": [-29, 34.01385, 26], "size": [58, 0, 6], "uv": [0, 78]}
        ]
      },
      {
        "name": "bone110",
        "parent": "section11",
        "pivot": [0, 17, 29],
        "rotation": [-20, 0, 0],
        "cubes": [
          {"origin": [-28, 21.01385, 26], "size": [56, 13, 6], "uv": [0, 34]},
          {"origin": [-29, 34.01385, 26], "size": [58, 0, 6], "uv": [0, 78]}
        ]
      },
      {
        "name": "bone111",
        "parent": "section11",
        "pivot": [0, 17, 29],
        "rotation": [-40, 0, 0],
        "cubes": [
          {"origin": [-28, 21.01385, 26], "size": [56, 13, 6], "uv": [0, 34]},
          {"origin": [-29, 34.01385, 26], "size": [58, 0, 6], "uv": [0, 78]}
        ]
      },
      {
        "name": "bone112",
        "parent": "section11",
        "pivot": [0, 17, 29],
        "rotation": [-60, 0, 0],
        "cubes": [
          {"origin": [-28, 21.01385, 26], "size": [56, 13, 6], "uv": [0, 34]},
          {"origin": [-29, 34.01385, 26], "size": [58, 0, 6], "uv": [0, 78]}
        ]
      },
      {
        "name": "bone114",
        "parent": "section11",
        "pivot": [0, 17, 29],
        "rotation": [-80, 0, 0],
        "cubes": [
          {"origin": [-28, 21.01385, 26], "size": [56, 13, 6], "uv": [0, 34]},
          {"origin": [-29, 34.01385, 26], "size": [58, 0, 6], "uv": [0, 78]}
        ]
      },
      {
        "name": "bone115",
        "parent": "section11",
        "pivot": [0, 17, 29],
        "rotation": [-100, 0, 0],
        "cubes": [
          {"origin": [-28, 21.01385, 26], "size": [56, 13, 6], "uv": [0, 34]},
          {"origin": [-29, 34.01385, 26], "size": [58, 0, 6], "uv": [0, 78]}
        ]
      },
      {
        "name": "frame",
        "parent": "main",
        "pivot": [0, 36, 12],
        "rotation": [-10, 0, 0]
      },
      {
        "name": "bone151",
        "parent": "frame",
        "pivot": [0, 0, 0],
        "cubes": [
          {"origin": [18.86603, 36, 12], "size": [1, 19, 1], "uv": [20, 0]},
          {"origin": [-19.86603, 36, 12], "size": [1, 19, 1], "uv": [20, 0]},
          {"origin": [-18.5, 55.36603, 12], "size": [37, 1, 1], "uv": [207, 65]}
        ]
      },
      {
        "name": "bone152",
        "parent": "bone151",
        "pivot": [0, 0, 0],
        "rotation": [0, 0, -30],
        "cubes": [
          {"origin": [43.70448, 37.69838, 12], "size": [1, 1, 1], "uv": [5, 0]},
          {"origin": [11.16154, 57.06441, 12], "size": [1, 1, 1], "uv": [5, 0]}
        ]
      },
      {
        "name": "bone153",
        "parent": "bone151",
        "pivot": [0, 0, 0],
        "rotation": [0, 0, -60],
        "cubes": [
          {"origin": [57.06441, 11.16154, 12], "size": [1, 1, 1], "uv": [5, 0]},
          {"origin": [37.69838, 43.70448, 12], "size": [1, 1, 1], "uv": [5, 0]}
        ]
      },
      {
        "name": "bone154",
        "parent": "bone151",
        "pivot": [-2.86603, 0, 0],
        "cubes": [
          {"origin": [-0.5, 55.36603, 13], "size": [1, 1, 12], "uv": [52, 227]}
        ]
      },
      {
        "name": "bone156",
        "parent": "bone154",
        "pivot": [-2.86603, 0, 0],
        "rotation": [-60, 0, 0],
        "cubes": [
          {"origin": [-0.5, 49.33365, -35.44838], "size": [1, 1, 12], "uv": [52, 227]}
        ]
      },
      {
        "name": "bone155",
        "parent": "bone154",
        "pivot": [-2.86603, 0, 0],
        "rotation": [-30, 0, 0],
        "cubes": [
          {"origin": [-0.5, 60.31441, -6.53238], "size": [1, 1, 1], "uv": [5, 0]}
        ]
      },
      {
        "name": "bone157",
        "parent": "bone151",
        "pivot": [-17.86603, 0, 0],
        "cubes": [
          {"origin": [-15.5, 55.36603, 13], "size": [1, 1, 12], "uv": [52, 227]}
        ]
      },
      {
        "name": "bone158",
        "parent": "bone157",
        "pivot": [-17.86603, 0, 0],
        "rotation": [-60, 0, 0],
        "cubes": [
          {"origin": [-15.5, 49.33365, -35.44838], "size": [1, 1, 12], "uv": [52, 227]}
        ]
      },
      {
        "name": "bone159",
        "parent": "bone157",
        "pivot": [-17.86603, 0, 0],
        "rotation": [-30, 0, 0],
        "cubes": [
          {"origin": [-15.5, 60.31441, -6.53238], "size": [1, 1, 1], "uv": [5, 0]}
        ]
      },
      {
        "name": "bone160",
        "parent": "bone151",
        "pivot": [12.13397, 0, 0],
        "cubes": [
          {"origin": [14.5, 55.36603, 13], "size": [1, 1, 12], "uv": [52, 227]}
        ]
      },
      {
        "name": "bone161",
        "parent": "bone160",
        "pivot": [12.13397, 0, 0],
        "rotation": [-60, 0, 0],
        "cubes": [
          {"origin": [14.5, 49.33365, -35.44838], "size": [1, 1, 12], "uv": [52, 227]}
        ]
      },
      {
        "name": "bone162",
        "parent": "bone160",
        "pivot": [12.13397, 0, 0],
        "rotation": [-30, 0, 0],
        "cubes": [
          {"origin": [14.5, 60.31441, -6.53238], "size": [1, 1, 1], "uv": [5, 0]}
        ]
      },
      {
        "name": "controller",
        "parent": "main",
        "pivot": [0, 0, 0]
      },
      {
        "name": "bone252",
        "parent": "controller",
        "pivot": [0, 25, -12.5],
        "rotation": [-20, 0, 0],
        "cubes": [
          {"origin": [-0.5, 25, -13], "size": [1, 8, 1], "uv": [0, 78]},
          {"origin": [-2.5, 33, -13], "size": [5, 1, 1], "uv": [101, 67]},
          {"origin": [-0.5, 33, -15], "size": [1, 1, 5], "uv": [118, 34]}
        ]
      },
      {
        "name": "bone253",
        "parent": "bone252",
        "pivot": [0, 25, -12.5],
        "cubes": [
          {"origin": [2.5, 33, -14], "size": [1, 1, 3], "uv": [9, 53]},
          {"origin": [-3.5, 33, -14], "size": [1, 1, 3], "uv": [9, 53]},
          {"origin": [-1.5, 33, -10], "size": [3, 1, 1], "uv": [106, 119]},
          {"origin": [-1.5, 33, -16], "size": [3, 1, 1], "uv": [106, 119]}
        ]
      },
      {
        "name": "bone254",
        "parent": "bone252",
        "pivot": [0, 25, -12.5],
        "rotation": [0, -45, 0],
        "cubes": [
          {"origin": [2.5, 33, -14], "size": [1, 1, 3], "uv": [9, 53]},
          {"origin": [-3.5, 33, -14], "size": [1, 1, 3], "uv": [9, 53]},
          {"origin": [-1.5, 33, -10], "size": [3, 1, 1], "uv": [106, 119]},
          {"origin": [-1.5, 33, -16], "size": [3, 1, 1], "uv": [106, 119]}
        ]
      },
      {
        "name": "bone255",
        "parent": "controller",
        "pivot": [15, 25, -12.5],
        "rotation": [5, 0, 0],
        "cubes": [
          {"origin": [14.5, 25, -13], "size": [1, 8, 1], "uv": [0, 78]}
        ]
      },
      {
        "name": "bone256",
        "parent": "controller",
        "pivot": [15, 25, -12.5],
        "rotation": [-15, 0, 0],
        "cubes": [
          {"origin": [9.5, 25, -13], "size": [1, 8, 1], "uv": [0, 78]}
        ]
      },
      {
        "name": "bone257",
        "parent": "controller",
        "pivot": [-19, 22, -14.5],
        "rotation": [-15, 0, 0],
        "cubes": [
          {"origin": [-19.5, 22, -15], "size": [1, 11, 1], "uv": [80, 205]}
        ]
      },
      {
        "name": "bone258",
        "parent": "controller",
        "pivot": [-19, 25, -1.5],
        "rotation": [20, 0, 0],
        "cubes": [
          {"origin": [-19.5, 25, -2], "size": [1, 8, 1], "uv": [0, 78]}
        ]
      }
    ]
  }
}